RedFighter,BlueFighter,Date,Location,Winner,WeightClass,Finish,FinishDetails,FinishRound,WinningFIghter,LosingFighter
Colby Covington,Joaquin Buckley,12/14/24,"Tampa, Florida, USA",Blue,Welterweight,KO/TKO,None,3,Joaquin Buckley,Colby Covington
Cub Swanson,Billy Quarantillo,12/14/24,"Tampa, Florida, USA",Red,Featherweight,KO/TKO,Punch,3,Cub Swanson,Billy Quarantillo
Manel Kape,Bruno Silva,12/14/24,"Tampa, Florida, USA",Red,Flyweight,KO/TKO,Punches,3,Manel Kape,Bruno Silva
Vitor Petrino,Dustin Jacoby,12/14/24,"Tampa, Florida, USA",Blue,Light Heavyweight,KO/TKO,Punch,3,Dustin Jacoby,Vitor Petrino
Adrian Yanez,Daniel Marcos,12/14/24,"Tampa, Florida, USA",Blue,Bantamweight,S-DEC,None,3,Daniel Marcos,Adrian Yanez
Navajo Stirling,Tuco Tokkos,12/14/24,"Tampa, Florida, USA",Red,Light Heavyweight,U-DEC,None,3,Navajo Stirling,Tuco Tokkos
Michael Johnson,Ottman Azaitar,12/14/24,"Tampa, Florida, USA",Red,Lightweight,KO/TKO,Punch,2,Michael Johnson,Ottman Azaitar
Joel Alvarez,Drakkar Klose,12/14/24,"Tampa, Florida, USA",Red,Lightweight,KO/TKO,Knee,1,Joel Alvarez,Drakkar Klose
Sean Woodson,Fernando Padilla,12/14/24,"Tampa, Florida, USA",Red,Featherweight,KO/TKO,Punches,1,Sean Woodson,Fernando Padilla
Miles Johns,Felipe Lima,12/14/24,"Tampa, Florida, USA",Blue,Featherweight,U-DEC,None,3,Felipe Lima,Miles Johns
Miranda Maverick,Jamey-Lyn Horth,12/14/24,"Tampa, Florida, USA",Red,Women's Flyweight,U-DEC,None,3,Miranda Maverick,Jamey-Lyn Horth
Davey Grant,Ramon Taveras,12/14/24,"Tampa, Florida, USA",Red,Bantamweight,U-DEC,None,3,Davey Grant,Ramon Taveras
Josefine Knutsson,Piera Rodriguez,12/14/24,"Tampa, Florida, USA",Blue,Women's Strawweight,U-DEC,None,3,Piera Rodriguez,Josefine Knutsson
Alexandre Pantoja,Kai Asakura,12/7/24,"Las Vegas, Nevada, USA",Red,Flyweight,SUB,Rear Naked Choke,2,Alexandre Pantoja,Kai Asakura
Shavkat Rakhmonov,Ian Machado Garry,12/7/24,"Las Vegas, Nevada, USA",Red,Welterweight,U-DEC,None,5,Shavkat Rakhmonov,Ian Machado Garry
Ciryl Gane,Alexander Volkov,12/7/24,"Las Vegas, Nevada, USA",Red,Heavyweight,S-DEC,None,3,Ciryl Gane,Alexander Volkov
Bryce Mitchell,Kron Gracie,12/7/24,"Las Vegas, Nevada, USA",Red,Featherweight,KO/TKO,Elbows,3,Bryce Mitchell,Kron Gracie
Nate Landwehr,Dooho Choi,12/7/24,"Las Vegas, Nevada, USA",Blue,Featherweight,KO/TKO,Elbows,3,Dooho Choi,Nate Landwehr
Dominick Reyes,Anthony Smith,12/7/24,"Las Vegas, Nevada, USA",Red,Light Heavyweight,KO/TKO,Punches,2,Dominick Reyes,Anthony Smith
Vicente Luque,Themba Gorimbo,12/7/24,"Las Vegas, Nevada, USA",Red,Welterweight,SUB,Anaconda Choke,1,Vicente Luque,Themba Gorimbo
Movsar Evloev,Aljamain Sterling,12/7/24,"Las Vegas, Nevada, USA",Red,Featherweight,U-DEC,None,3,Movsar Evloev,Aljamain Sterling
Randy Brown,Bryan Battle,12/7/24,"Las Vegas, Nevada, USA",Blue,Welterweight,S-DEC,None,3,Bryan Battle,Randy Brown
Chris Weidman,Eryk Anders,12/7/24,"Las Vegas, Nevada, USA",Blue,Catch Weight,KO/TKO,Punches,2,Eryk Anders,Chris Weidman
Cody Durden,Joshua Van,12/7/24,"Las Vegas, Nevada, USA",Blue,Flyweight,U-DEC,None,3,Joshua Van,Cody Durden
Michael Chiesa,Max Griffin,12/7/24,"Las Vegas, Nevada, USA",Red,Welterweight,SUB,Rear Naked Choke,3,Michael Chiesa,Max Griffin
Clay Guida,Chase Hooper,12/7/24,"Las Vegas, Nevada, USA",Blue,Lightweight,SUB,Armbar,1,Chase Hooper,Clay Guida
Kennedy Nzechukwu,Lukasz Brzeski,12/7/24,"Las Vegas, Nevada, USA",Red,Heavyweight,KO/TKO,Punch,1,Kennedy Nzechukwu,Lukasz Brzeski
Petr Yan,Deiveson Figueiredo,11/23/24,"Macau, China",Red,Bantamweight,U-DEC,None,5,Petr Yan,Deiveson Figueiredo
Yan Xiaonan,Tabatha Ricci,11/23/24,"Macau, China",Red,Women's Strawweight,U-DEC,None,3,Yan Xiaonan,Tabatha Ricci
Song Kenan,Muslim Salikhov,11/23/24,"Macau, China",Blue,Welterweight,KO/TKO,Kick,1,Muslim Salikhov,Song Kenan
Wang Cong,Gabriella Fernandes,11/23/24,"Macau, China",Blue,Women's Flyweight,SUB,Rear Naked Choke,2,Gabriella Fernandes,Wang Cong
Volkan Oezdemir,Carlos Ulberg,11/23/24,"Macau, China",Blue,Light Heavyweight,U-DEC,None,3,Carlos Ulberg,Volkan Oezdemir
Zhang Mingyang,Ozzy Diaz,11/23/24,"Macau, China",Red,Light Heavyweight,KO/TKO,Elbow,1,Zhang Mingyang,Ozzy Diaz
Baergeng Jieleyisi,SuYoung You,11/23/24,"Macau, China",Blue,Bantamweight,U-DEC,None,3,SuYoung You,Baergeng Jieleyisi
Kiru Sahota,DongHun Choi,11/23/24,"Macau, China",Blue,Flyweight,KO/TKO,Punch,1,DongHun Choi,Kiru Sahota
Shi Ming,Feng Xiaocan,11/23/24,"Macau, China",Red,Women's Strawweight,KO/TKO,Kick,3,Shi Ming,Feng Xiaocan
Nyamjargal Tumendemberel,Carlos Hernandez,11/23/24,"Macau, China",Blue,Flyweight,S-DEC,None,3,Carlos Hernandez,Nyamjargal Tumendemberel
Lone'er Kavanagh,Jose Ochoa,11/23/24,"Macau, China",Red,Flyweight,U-DEC,None,3,Lone'er Kavanagh,Jose Ochoa
Xiao Long,Quang Le,11/23/24,"Macau, China",Red,Bantamweight,KO/TKO,Punch,3,Xiao Long,Quang Le
Maheshate,Nikolas Motta,11/23/24,"Macau, China",Blue,Lightweight,U-DEC,None,3,Nikolas Motta,Maheshate
Jon Jones,Stipe Miocic,11/16/24,"New York City, New York, USA",Red,Heavyweight,KO/TKO,Spinning Back Kick,3,Jon Jones,Stipe Miocic
Charles Oliveira,Michael Chandler,11/16/24,"New York City, New York, USA",Red,Lightweight,U-DEC,None,5,Charles Oliveira,Michael Chandler
Bo Nickal,Paul Craig,11/16/24,"New York City, New York, USA",Red,Middleweight,U-DEC,None,3,Bo Nickal,Paul Craig
Viviane Araujo,Karine Silva,11/16/24,"New York City, New York, USA",Red,Women's Flyweight,U-DEC,None,3,Viviane Araujo,Karine Silva
Mauricio Ruffy,James Llontop,11/16/24,"New York City, New York, USA",Red,Catch Weight,U-DEC,None,3,Mauricio Ruffy,James Llontop
Jonathan Martinez,Marcus McGhee,11/16/24,"New York City, New York, USA",Blue,Bantamweight,U-DEC,None,3,Marcus McGhee,Jonathan Martinez
Jim Miller,Damon Jackson,11/16/24,"New York City, New York, USA",Red,Lightweight,SUB,Guillotine Choke,1,Jim Miller,Damon Jackson
David Onama,Roberto Romero,11/16/24,"New York City, New York, USA",Red,Lightweight,U-DEC,None,3,David Onama,Roberto Romero
Marcin Tybura,Jhonata Diniz,11/16/24,"New York City, New York, USA",Red,Heavyweight,KO/TKO,None,2,Marcin Tybura,Jhonata Diniz
Mickey Gall,Ramiz Brahimaj,11/16/24,"New York City, New York, USA",Blue,Welterweight,KO/TKO,Punch,1,Ramiz Brahimaj,Mickey Gall
Bassil Hafez,Oban Elliott,11/16/24,"New York City, New York, USA",Blue,Welterweight,KO/TKO,Punch,3,Oban Elliott,Bassil Hafez
Veronica Hardy,Eduarda Moura,11/16/24,"New York City, New York, USA",Blue,Women's Flyweight,U-DEC,None,3,Eduarda Moura,Veronica Hardy
Neil Magny,Carlos Prates,11/9/24,"Las Vegas, Nevada, USA",Blue,Welterweight,KO/TKO,Punch,1,Carlos Prates,Neil Magny
Gerald Meerschaert,Reinier de Ridder,11/9/24,"Las Vegas, Nevada, USA",Blue,Middleweight,SUB,Arm Triangle,3,Reinier de Ridder,Gerald Meerschaert
Gaston Bolanos,Cortavious Romious,11/9/24,"Las Vegas, Nevada, USA",Red,Bantamweight,U-DEC,None,3,Gaston Bolanos,Cortavious Romious
Luana Pinheiro,Gillian Robertson,11/9/24,"Las Vegas, Nevada, USA",Blue,Women's Strawweight,U-DEC,None,3,Gillian Robertson,Luana Pinheiro
Mansur Abdul-Malik,Dusko Todorovic,11/9/24,"Las Vegas, Nevada, USA",Red,Middleweight,KO/TKO,Punches,1,Mansur Abdul-Malik,Dusko Todorovic
Karolina Kowalkiewicz,Denise Gomes,11/9/24,"Las Vegas, Nevada, USA",Blue,Women's Strawweight,U-DEC,None,3,Denise Gomes,Karolina Kowalkiewicz
Elizeu Zaleski dos Santos,Zachary Scroggin,11/9/24,"Las Vegas, Nevada, USA",Red,Welterweight,KO/TKO,Punches,1,Elizeu Zaleski dos Santos,Zachary Scroggin
Matthew Semelsberger,Charles Radtke,11/9/24,"Las Vegas, Nevada, USA",Blue,Welterweight,KO/TKO,Punches,1,Charles Radtke,Matthew Semelsberger
Cody Stamann,Da'Mon Blackshear,11/9/24,"Las Vegas, Nevada, USA",Blue,Bantamweight,SUB,Rear Naked Choke,1,Da'Mon Blackshear,Cody Stamann
Tresean Gore,Antonio Trocoli,11/9/24,"Las Vegas, Nevada, USA",Red,Middleweight,SUB,Guillotine Choke,1,Tresean Gore,Antonio Trocoli
Melissa Mullins,Klaudia Sygula,11/9/24,"Las Vegas, Nevada, USA",Red,Women's Bantamweight,KO/TKO,Punches,2,Melissa Mullins,Klaudia Sygula
Brandon Moreno,Amir Albazi,11/2/24,"Edmonton, Alberta, Canada",Red,Flyweight,U-DEC,None,5,Brandon Moreno,Amir Albazi
Erin Blanchfield,Rose Namajunas,11/2/24,"Edmonton, Alberta, Canada",Red,Women's Flyweight,U-DEC,None,5,Erin Blanchfield,Rose Namajunas
Caio Machado,Brendson Ribeiro,11/2/24,"Edmonton, Alberta, Canada",Blue,Light Heavyweight,S-DEC,None,3,Brendson Ribeiro,Caio Machado
Ariane da Silva,Jasmine Jasudavicius,11/2/24,"Edmonton, Alberta, Canada",Blue,Women's Flyweight,SUB,D'Arce Choke,3,Jasmine Jasudavicius,Ariane da Silva
Marc-Andre Barriault,Dustin Stoltzfus,11/2/24,"Edmonton, Alberta, Canada",Blue,Middleweight,KO/TKO,Punch,1,Dustin Stoltzfus,Marc-Andre Barriault
Mike Malott,Trevin Giles,11/2/24,"Edmonton, Alberta, Canada",Red,Welterweight,U-DEC,None,3,Mike Malott,Trevin Giles
Aiemann Zahabi,Pedro Munhoz,11/2/24,"Edmonton, Alberta, Canada",Red,Bantamweight,U-DEC,None,3,Aiemann Zahabi,Pedro Munhoz
Charles Jourdain,Victor Henry,11/2/24,"Edmonton, Alberta, Canada",Red,Bantamweight,SUB,Guillotine Choke,2,Charles Jourdain,Victor Henry
Jack Shore,Youssef Zalal,11/2/24,"Edmonton, Alberta, Canada",Blue,Featherweight,SUB,Arm Triangle,2,Youssef Zalal,Jack Shore
Alexandr Romanov,Rodrigo Nascimento,11/2/24,"Edmonton, Alberta, Canada",Red,Heavyweight,U-DEC,None,3,Alexandr Romanov,Rodrigo Nascimento
Serhiy Sidey,Garrett Armfield,11/2/24,"Edmonton, Alberta, Canada",Red,Bantamweight,S-DEC,None,3,Serhiy Sidey,Garrett Armfield
Chad Anheliger,Cody Gibson,11/2/24,"Edmonton, Alberta, Canada",Blue,Bantamweight,U-DEC,None,3,Cody Gibson,Chad Anheliger
Jamey-Lyn Horth,Ivana Petrovic,11/2/24,"Edmonton, Alberta, Canada",Red,Women's Flyweight,S-DEC,None,3,Jamey-Lyn Horth,Ivana Petrovic
Ilia Topuria,Max Holloway,10/26/24,"Abu Dhabi, Abu Dhabi, United Arab Emirates",Red,Featherweight,KO/TKO,Punch,3,Ilia Topuria,Max Holloway
Robert Whittaker,Khamzat Chimaev,10/26/24,"Abu Dhabi, Abu Dhabi, United Arab Emirates",Blue,Middleweight,SUB,Rear Naked Choke,1,Khamzat Chimaev,Robert Whittaker
Magomed Ankalaev,Aleksandar Rakic,10/26/24,"Abu Dhabi, Abu Dhabi, United Arab Emirates",Red,Light Heavyweight,U-DEC,None,3,Magomed Ankalaev,Aleksandar Rakic
Lerone Murphy,Dan Ige,10/26/24,"Abu Dhabi, Abu Dhabi, United Arab Emirates",Red,Featherweight,U-DEC,None,3,Lerone Murphy,Dan Ige
Shara Magomedov,Armen Petrosyan,10/26/24,"Abu Dhabi, Abu Dhabi, United Arab Emirates",Red,Middleweight,KO/TKO,Spinning Back Fist,2,Shara Magomedov,Armen Petrosyan
Ibo Aslan,Rafael Cerqueira,10/26/24,"Abu Dhabi, Abu Dhabi, United Arab Emirates",Red,Light Heavyweight,KO/TKO,Punches,1,Ibo Aslan,Rafael Cerqueira
Geoff Neal,Rafael Dos Anjos,10/26/24,"Abu Dhabi, Abu Dhabi, United Arab Emirates",Red,Welterweight,KO/TKO,None,1,Geoff Neal,Rafael Dos Anjos
Mateusz Rebecki,Myktybek Orolbai,10/26/24,"Abu Dhabi, Abu Dhabi, United Arab Emirates",Red,Catch Weight,S-DEC,None,3,Mateusz Rebecki,Myktybek Orolbai
Abus Magomedov,Brunno Ferreira,10/26/24,"Abu Dhabi, Abu Dhabi, United Arab Emirates",Red,Middleweight,SUB,Arm Triangle,3,Abus Magomedov,Brunno Ferreira
Kennedy Nzechukwu,Chris Barnett,10/26/24,"Abu Dhabi, Abu Dhabi, United Arab Emirates",Red,Heavyweight,KO/TKO,Knee,1,Kennedy Nzechukwu,Chris Barnett
Farid Basharat,Victor Hugo,10/26/24,"Abu Dhabi, Abu Dhabi, United Arab Emirates",Red,Featherweight,U-DEC,None,3,Farid Basharat,Victor Hugo
Ismail Naurdiev,Bruno Silva,10/26/24,"Abu Dhabi, Abu Dhabi, United Arab Emirates",Red,Middleweight,U-DEC,None,3,Ismail Naurdiev,Bruno Silva
Rinat Fakhretdinov,Carlos Leal,10/26/24,"Abu Dhabi, Abu Dhabi, United Arab Emirates",Red,Welterweight,U-DEC,None,3,Rinat Fakhretdinov,Carlos Leal
Anthony Hernandez,Michel Pereira,10/19/24,"Las Vegas, Nevada, USA",Red,Middleweight,KO/TKO,Elbows,5,Anthony Hernandez,Michel Pereira
Rob Font,Kyler Phillips,10/19/24,"Las Vegas, Nevada, USA",Red,Bantamweight,U-DEC,None,3,Rob Font,Kyler Phillips
Charles Johnson,Sumudaerji,10/19/24,"Las Vegas, Nevada, USA",Red,Flyweight,U-DEC,None,3,Charles Johnson,Sumudaerji
Jake Hadley,Cameron Smotherman,10/19/24,"Las Vegas, Nevada, USA",Blue,Bantamweight,U-DEC,None,3,Cameron Smotherman,Jake Hadley
Darren Elkins,Daniel Pineda,10/19/24,"Las Vegas, Nevada, USA",Red,Featherweight,U-DEC,None,3,Darren Elkins,Daniel Pineda
Matheus Nicolau,Asu Almabayev,10/19/24,"Las Vegas, Nevada, USA",Blue,Flyweight,U-DEC,None,3,Asu Almabayev,Matheus Nicolau
Brad Katona,Jean Matsumoto,10/19/24,"Las Vegas, Nevada, USA",Blue,Bantamweight,U-DEC,None,3,Jean Matsumoto,Brad Katona
Joselyne Edwards,Tamires Vidal,10/19/24,"Las Vegas, Nevada, USA",Red,Women's Bantamweight,SUB,Rear Naked Choke,3,Joselyne Edwards,Tamires Vidal
Jessica Penne,Elise Reed,10/19/24,"Las Vegas, Nevada, USA",Blue,Women's Strawweight,U-DEC,None,3,Elise Reed,Jessica Penne
Melissa Martinez,Alice Ardelean,10/19/24,"Las Vegas, Nevada, USA",Red,Women's Strawweight,U-DEC,None,3,Melissa Martinez,Alice Ardelean
Austen Lane,Robelis Despaigne,10/19/24,"Las Vegas, Nevada, USA",Red,Heavyweight,U-DEC,None,3,Austen Lane,Robelis Despaigne
Brandon Royval,Tatsuro Taira,10/12/24,"Las Vegas, Nevada, USA",Red,Flyweight,S-DEC,None,5,Brandon Royval,Tatsuro Taira
Brad Tavares,JunYong Park,10/12/24,"Las Vegas, Nevada, USA",Blue,Middleweight,S-DEC,None,3,JunYong Park,Brad Tavares
Chidi Njokuani,Jared Gooden,10/12/24,"Las Vegas, Nevada, USA",Red,Welterweight,U-DEC,None,3,Chidi Njokuani,Jared Gooden
Grant Dawson,Rafa Garcia,10/12/24,"Las Vegas, Nevada, USA",Red,Lightweight,KO/TKO,Punches,2,Grant Dawson,Rafa Garcia
Daniel Rodriguez,Alex Morono,10/12/24,"Las Vegas, Nevada, USA",Red,Welterweight,S-DEC,None,3,Daniel Rodriguez,Alex Morono
CJ Vergara,Ramazan Temirov,10/12/24,"Las Vegas, Nevada, USA",Blue,Flyweight,KO/TKO,Punch,1,Ramazan Temirov,CJ Vergara
Jonathan Pearce,Pat Sabatini,10/12/24,"Las Vegas, Nevada, USA",Blue,Featherweight,SUB,Rear Naked Choke,1,Pat Sabatini,Jonathan Pearce
Themba Gorimbo,Niko Price,10/12/24,"Las Vegas, Nevada, USA",Red,Welterweight,U-DEC,None,3,Themba Gorimbo,Niko Price
Junior Tafa,Sean Sharaf,10/12/24,"Las Vegas, Nevada, USA",Red,Heavyweight,KO/TKO,Punches,2,Junior Tafa,Sean Sharaf
Julia Polastri,Cory McKenna,10/12/24,"Las Vegas, Nevada, USA",Red,Women's Strawweight,S-DEC,None,3,Julia Polastri,Cory McKenna
Dan Argueta,Cody Haddon,10/12/24,"Las Vegas, Nevada, USA",Blue,Bantamweight,U-DEC,None,3,Cody Haddon,Dan Argueta
Clayton Carpenter,Lucas Rocha,10/12/24,"Las Vegas, Nevada, USA",Red,Flyweight,SUB,Rear Naked Choke,2,Clayton Carpenter,Lucas Rocha
Alex Pereira,Khalil Rountree Jr.,10/5/24,"Salt Lake City, Utah, USA",Red,Light Heavyweight,KO/TKO,Punch,4,Alex Pereira,Khalil Rountree Jr.
Raquel Pennington,Julianna Pena,10/5/24,"Salt Lake City, Utah, USA",Blue,Women's Bantamweight,S-DEC,None,5,Julianna Pena,Raquel Pennington
Jose Aldo,Mario Bautista,10/5/24,"Salt Lake City, Utah, USA",Blue,Bantamweight,S-DEC,None,3,Mario Bautista,Jose Aldo
Roman Dolidze,Kevin Holland,10/5/24,"Salt Lake City, Utah, USA",Red,Middleweight,KO/TKO,None,1,Roman Dolidze,Kevin Holland
Ketlen Vieira,Kayla Harrison,10/5/24,"Salt Lake City, Utah, USA",Blue,Women's Bantamweight,U-DEC,None,3,Kayla Harrison,Ketlen Vieira
Stephen Thompson,Joaquin Buckley,10/5/24,"Salt Lake City, Utah, USA",Blue,Welterweight,KO/TKO,Punch,3,Joaquin Buckley,Stephen Thompson
Marina Rodriguez,Iasmin Lucindo,10/5/24,"Salt Lake City, Utah, USA",Blue,Women's Strawweight,S-DEC,None,3,Iasmin Lucindo,Marina Rodriguez
Austin Hubbard,Alexander Hernandez,10/5/24,"Salt Lake City, Utah, USA",Blue,Lightweight,S-DEC,None,3,Alexander Hernandez,Austin Hubbard
Cesar Almeida,Ihor Potieria,10/5/24,"Salt Lake City, Utah, USA",Red,Middleweight,U-DEC,None,3,Cesar Almeida,Ihor Potieria
Ryan Spann,Ovince Saint Preux,10/5/24,"Salt Lake City, Utah, USA",Red,Light Heavyweight,SUB,Guillotine Choke,1,Ryan Spann,Ovince Saint Preux
Carla Esparza,Tecia Pennington,10/5/24,"Salt Lake City, Utah, USA",Blue,Women's Strawweight,U-DEC,None,3,Tecia Pennington,Carla Esparza
Court McGee,Tim Means,10/5/24,"Salt Lake City, Utah, USA",Red,Welterweight,SUB,Rear Naked Choke,1,Court McGee,Tim Means
Renato Moicano,Benoit Saint Denis,9/28/24,"Paris, Ile-de-France, France",Red,Lightweight,KO/TKO,None,2,Renato Moicano,Benoit Saint Denis
Nassourdine Imavov,Brendan Allen,9/28/24,"Paris, Ile-de-France, France",Red,Middleweight,U-DEC,None,3,Nassourdine Imavov,Brendan Allen
William Gomis,Joanderson Brito,9/28/24,"Paris, Ile-de-France, France",Red,Featherweight,S-DEC,None,3,William Gomis,Joanderson Brito
Kevin Jousset,Bryan Battle,9/28/24,"Paris, Ile-de-France, France",Blue,Welterweight,KO/TKO,Punches,2,Bryan Battle,Kevin Jousset
Morgan Charriere,Gabriel Miranda,9/28/24,"Paris, Ile-de-France, France",Red,Featherweight,KO/TKO,Punch,2,Morgan Charriere,Gabriel Miranda
Fares Ziam,Matt Frevola,9/28/24,"Paris, Ile-de-France, France",Red,Lightweight,KO/TKO,Knee,3,Fares Ziam,Matt Frevola
Ion Cutelaba,Ivan Erslan,9/28/24,"Paris, Ile-de-France, France",Red,Light Heavyweight,S-DEC,None,3,Ion Cutelaba,Ivan Erslan
Oumar Sy,Da Woon Jung,9/28/24,"Paris, Ile-de-France, France",Red,Light Heavyweight,U-DEC,None,3,Oumar Sy,Da Woon Jung
Ludovit Klein,Roosevelt Roberts,9/28/24,"Paris, Ile-de-France, France",Red,Lightweight,U-DEC,None,3,Ludovit Klein,Roosevelt Roberts
Taylor Lapilus,Vince Morales,9/28/24,"Paris, Ile-de-France, France",Red,Bantamweight,U-DEC,None,3,Taylor Lapilus,Vince Morales
Ailin Perez,Daria Zhelezniakova,9/28/24,"Paris, Ile-de-France, France",Red,Women's Bantamweight,SUB,Arm Triangle,1,Ailin Perez,Daria Zhelezniakova
Daniel Barez,Victor Altamirano,9/28/24,"Paris, Ile-de-France, France",Red,Flyweight,U-DEC,None,3,Daniel Barez,Victor Altamirano
Nora Cornolle,Jacqueline Cavalcanti,9/28/24,"Paris, Ile-de-France, France",Blue,Women's Bantamweight,S-DEC,None,3,Jacqueline Cavalcanti,Nora Cornolle
Bolaji Oki,Chris Duncan,9/28/24,"Paris, Ile-de-France, France",Blue,Lightweight,SUB,Guillotine Choke,1,Chris Duncan,Bolaji Oki
Sean O'Malley,Merab Dvalishvili,9/14/24,"Las Vegas, Nevada, USA",Blue,Bantamweight,U-DEC,None,5,Merab Dvalishvili,Sean O'Malley
Alexa Grasso,Valentina Shevchenko,9/14/24,"Las Vegas, Nevada, USA",Blue,Women's Flyweight,U-DEC,None,5,Valentina Shevchenko,Alexa Grasso
Brian Ortega,Diego Lopes,9/14/24,"Las Vegas, Nevada, USA",Blue,Featherweight,U-DEC,None,3,Diego Lopes,Brian Ortega
Daniel Zellhuber,Esteban Ribovics,9/14/24,"Las Vegas, Nevada, USA",Blue,Lightweight,S-DEC,None,3,Esteban Ribovics,Daniel Zellhuber
Ronaldo Rodriguez,Ode Osbourne,9/14/24,"Las Vegas, Nevada, USA",Red,Flyweight,U-DEC,None,3,Ronaldo Rodriguez,Ode Osbourne
Irene Aldana,Norma Dumont,9/14/24,"Las Vegas, Nevada, USA",Blue,Women's Bantamweight,U-DEC,None,3,Norma Dumont,Irene Aldana
Manuel Torres,Ignacio Bahamondes,9/14/24,"Las Vegas, Nevada, USA",Blue,Lightweight,KO/TKO,Punch,1,Ignacio Bahamondes,Manuel Torres
Yazmin Jauregui,Ketlen Souza,9/14/24,"Las Vegas, Nevada, USA",Blue,Women's Strawweight,SUB,Rear Naked Choke,1,Ketlen Souza,Yazmin Jauregui
Edgar Chairez,Joshua Van,9/14/24,"Las Vegas, Nevada, USA",Blue,Flyweight,U-DEC,None,3,Joshua Van,Edgar Chairez
Raul Rosas Jr.,Aoriqileng,9/14/24,"Las Vegas, Nevada, USA",Red,Bantamweight,U-DEC,None,3,Raul Rosas Jr.,Aoriqileng
Gilbert Burns,Sean Brady,9/7/24,"Las Vegas, Nevada, USA",Blue,Welterweight,U-DEC,None,5,Sean Brady,Gilbert Burns
Jessica Andrade,Natalia Silva,9/7/24,"Las Vegas, Nevada, USA",Blue,Women's Flyweight,U-DEC,None,3,Natalia Silva,Jessica Andrade
Steve Garcia,Kyle Nelson,9/7/24,"Las Vegas, Nevada, USA",Red,Featherweight,KO/TKO,Elbows,1,Steve Garcia,Kyle Nelson
Matt Schnell,Cody Durden,9/7/24,"Las Vegas, Nevada, USA",Blue,Bantamweight,SUB,Guillotine Choke,2,Cody Durden,Matt Schnell
Trevor Peek,Yanal Ashmouz,9/7/24,"Las Vegas, Nevada, USA",Blue,Lightweight,U-DEC,None,3,Yanal Ashmouz,Trevor Peek
Rongzhu,Chris Padilla,9/7/24,"Las Vegas, Nevada, USA",Blue,Lightweight,KO/TKO,None,2,Chris Padilla,Rongzhu
Isaac Dulgarian,Brendon Marotte,9/7/24,"Las Vegas, Nevada, USA",Red,Featherweight,SUB,Arm Triangle,2,Isaac Dulgarian,Brendon Marotte
Felipe dos Santos,Andre Lima,9/7/24,"Las Vegas, Nevada, USA",Blue,Flyweight,U-DEC,None,3,Andre Lima,Felipe dos Santos
Yizha,Gabriel Santos,9/7/24,"Las Vegas, Nevada, USA",Blue,Featherweight,U-DEC,None,3,Gabriel Santos,Yizha
Jaqueline Amorim,Vanessa Demopoulos,9/7/24,"Las Vegas, Nevada, USA",Red,Women's Strawweight,SUB,Armbar,1,Jaqueline Amorim,Vanessa Demopoulos
Andre Petroski,Dylan Budka,9/7/24,"Las Vegas, Nevada, USA",Red,Middleweight,U-DEC,None,3,Andre Petroski,Dylan Budka
Zygimantas Ramaska,Nathan Fletcher,9/7/24,"Las Vegas, Nevada, USA",Blue,Featherweight,SUB,Arm Triangle,2,Nathan Fletcher,Zygimantas Ramaska
Jared Cannonier,Caio Borralho,8/24/24,"Las Vegas, Nevada, USA",Blue,Middleweight,U-DEC,None,5,Caio Borralho,Jared Cannonier
Angela Hill,Tabatha Ricci,8/24/24,"Las Vegas, Nevada, USA",Blue,Women's Strawweight,U-DEC,None,3,Tabatha Ricci,Angela Hill
Robert Valentin,Ryan Loder,8/24/24,"Las Vegas, Nevada, USA",Blue,Middleweight,KO/TKO,Elbows,2,Ryan Loder,Robert Valentin
Kaan Ofli,Mairon Santos,8/24/24,"Las Vegas, Nevada, USA",Blue,Featherweight,KO/TKO,Punch,2,Mairon Santos,Kaan Ofli
Neil Magny,Michael Morales,8/24/24,"Las Vegas, Nevada, USA",Blue,Welterweight,KO/TKO,Punches,1,Michael Morales,Neil Magny
Edmen Shahbazyan,Gerald Meerschaert,8/24/24,"Las Vegas, Nevada, USA",Blue,Middleweight,SUB,Arm Triangle,2,Gerald Meerschaert,Edmen Shahbazyan
Dennis Buzukja,Francis Marshall,8/24/24,"Las Vegas, Nevada, USA",Blue,Lightweight,S-DEC,None,3,Francis Marshall,Dennis Buzukja
Zachary Reese,Jose Daniel Medina,8/24/24,"Las Vegas, Nevada, USA",Red,Middleweight,U-DEC,None,3,Zachary Reese,Jose Daniel Medina
Viacheslav Borshchev,James Llontop,8/24/24,"Las Vegas, Nevada, USA",Red,Lightweight,S-DEC,None,3,Viacheslav Borshchev,James Llontop
Jacqueline Cavalcanti,Josiane Nunes,8/24/24,"Las Vegas, Nevada, USA",Red,Women's Bantamweight,S-DEC,None,3,Jacqueline Cavalcanti,Josiane Nunes
Wang Cong,Victoria Leonardo,8/24/24,"Las Vegas, Nevada, USA",Red,Women's Flyweight,KO/TKO,Punches,1,Wang Cong,Victoria Leonardo
Dricus Du Plessis,Israel Adesanya,8/17/24,"Perth, Western Australia, Australia",Red,Middleweight,SUB,Rear Naked Choke,4,Dricus Du Plessis,Israel Adesanya
Kai Kara-France,Steve Erceg,8/17/24,"Perth, Western Australia, Australia",Red,Flyweight,KO/TKO,Punch,1,Kai Kara-France,Steve Erceg
Mateusz Gamrot,Dan Hooker,8/17/24,"Perth, Western Australia, Australia",Blue,Lightweight,S-DEC,None,3,Dan Hooker,Mateusz Gamrot
Tai Tuivasa,Jairzinho Rozenstruik,8/17/24,"Perth, Western Australia, Australia",Blue,Heavyweight,S-DEC,None,3,Jairzinho Rozenstruik,Tai Tuivasa
Li Jingliang,Carlos Prates,8/17/24,"Perth, Western Australia, Australia",Blue,Welterweight,KO/TKO,Punch,2,Carlos Prates,Li Jingliang
Junior Tafa,Valter Walker,8/17/24,"Perth, Western Australia, Australia",Blue,Heavyweight,SUB,Heel Hook,1,Valter Walker,Junior Tafa
Josh Culibao,Ricardo Ramos,8/17/24,"Perth, Western Australia, Australia",Blue,Featherweight,S-DEC,None,3,Ricardo Ramos,Josh Culibao
Casey O'Neill,Luana Santos,8/17/24,"Perth, Western Australia, Australia",Red,Women's Flyweight,U-DEC,None,3,Casey O'Neill,Luana Santos
Jack Jenkins,Herbert Burns,8/17/24,"Perth, Western Australia, Australia",Red,Featherweight,KO/TKO,Punches,3,Jack Jenkins,Herbert Burns
Tom Nolan,Alex Reyes,8/17/24,"Perth, Western Australia, Australia",Red,Lightweight,U-DEC,None,3,Tom Nolan,Alex Reyes
Song Kenan,Ricky Glenn,8/17/24,"Perth, Western Australia, Australia",Red,Welterweight,U-DEC,None,3,Song Kenan,Ricky Glenn
Stewart Nicoll,Jesus Aguilar,8/17/24,"Perth, Western Australia, Australia",Blue,Flyweight,SUB,Guillotine Choke,1,Jesus Aguilar,Stewart Nicoll
Marcin Tybura,Serghei Spivac,8/10/24,"Las Vegas, Nevada, USA",Blue,Heavyweight,SUB,Armbar,1,Serghei Spivac,Marcin Tybura
Damon Jackson,Chepe Mariscal,8/10/24,"Las Vegas, Nevada, USA",Blue,Featherweight,U-DEC,None,3,Chepe Mariscal,Damon Jackson
Danny Barlow,Nikolay Veretennikov,8/10/24,"Las Vegas, Nevada, USA",Red,Welterweight,S-DEC,None,3,Danny Barlow,Nikolay Veretennikov
Chris Gutierrez,Quang Le,8/10/24,"Las Vegas, Nevada, USA",Red,Bantamweight,U-DEC,None,3,Chris Gutierrez,Quang Le
Yana Santos,Chelsea Chandler,8/10/24,"Las Vegas, Nevada, USA",Red,Women's Bantamweight,U-DEC,None,3,Yana Santos,Chelsea Chandler
Toshiomi Kazama,Charalampos Grigoriou,8/10/24,"Las Vegas, Nevada, USA",Red,Bantamweight,SUB,Triangle Choke,2,Toshiomi Kazama,Charalampos Grigoriou
Karol Rosa,Pannie Kianzad,8/10/24,"Las Vegas, Nevada, USA",Red,Women's Bantamweight,U-DEC,None,3,Karol Rosa,Pannie Kianzad
Jhonata Diniz,Karl Williams,8/10/24,"Las Vegas, Nevada, USA",Red,Heavyweight,U-DEC,None,3,Jhonata Diniz,Karl Williams
Youssef Zalal,Jarno Errens,8/10/24,"Las Vegas, Nevada, USA",Red,Featherweight,SUB,Rear Naked Choke,1,Youssef Zalal,Jarno Errens
Stephanie Luciano,Talita Alencar,8/10/24,"Las Vegas, Nevada, USA",Red,Women's Strawweight,U-DEC,None,3,Stephanie Luciano,Talita Alencar
Cory Sandhagen,Umar Nurmagomedov,8/3/24,"Abu Dhabi, Abu Dhabi, United Arab Emirates",Blue,Bantamweight,U-DEC,None,5,Umar Nurmagomedov,Cory Sandhagen
Shara Magomedov,Michal Oleksiejczuk,8/3/24,"Abu Dhabi, Abu Dhabi, United Arab Emirates",Red,Middleweight,U-DEC,None,3,Shara Magomedov,Michal Oleksiejczuk
Marlon Vera,Deiveson Figueiredo,8/3/24,"Abu Dhabi, Abu Dhabi, United Arab Emirates",Blue,Bantamweight,U-DEC,None,3,Deiveson Figueiredo,Marlon Vera
Tony Ferguson,Michael Chiesa,8/3/24,"Abu Dhabi, Abu Dhabi, United Arab Emirates",Blue,Welterweight,SUB,Rear Naked Choke,1,Michael Chiesa,Tony Ferguson
Mackenzie Dern,Loopy Godinez,8/3/24,"Abu Dhabi, Abu Dhabi, United Arab Emirates",Red,Women's Strawweight,U-DEC,None,3,Mackenzie Dern,Loopy Godinez
Joel Alvarez,Elves Brener,8/3/24,"Abu Dhabi, Abu Dhabi, United Arab Emirates",Red,Lightweight,KO/TKO,Knees,3,Joel Alvarez,Elves Brener
Azamat Murzakanov,Alonzo Menifield,8/3/24,"Abu Dhabi, Abu Dhabi, United Arab Emirates",Red,Light Heavyweight,KO/TKO,Punches,2,Azamat Murzakanov,Alonzo Menifield
Mohammad Yahya,Kaue Fernandes,8/3/24,"Abu Dhabi, Abu Dhabi, United Arab Emirates",Blue,Lightweight,KO/TKO,Punches,1,Kaue Fernandes,Mohammad Yahya
Shamil Gaziev,Don'Tale Mayes,8/3/24,"Abu Dhabi, Abu Dhabi, United Arab Emirates",Red,Heavyweight,U-DEC,None,3,Shamil Gaziev,Don'Tale Mayes
Guram Kutateladze,Jordan Vucenic,8/3/24,"Abu Dhabi, Abu Dhabi, United Arab Emirates",Red,Lightweight,U-DEC,None,3,Guram Kutateladze,Jordan Vucenic
Viktoriia Dudakova,Sam Hughes,8/3/24,"Abu Dhabi, Abu Dhabi, United Arab Emirates",Blue,Women's Strawweight,S-DEC,None,3,Sam Hughes,Viktoriia Dudakova
Jai Herbert,Rolando Bedoya,8/3/24,"Abu Dhabi, Abu Dhabi, United Arab Emirates",Red,Lightweight,U-DEC,None,3,Jai Herbert,Rolando Bedoya
Sedriques Dumas,Denis Tiuliulin,8/3/24,"Abu Dhabi, Abu Dhabi, United Arab Emirates",Red,Middleweight,U-DEC,None,3,Sedriques Dumas,Denis Tiuliulin
Leon Edwards,Belal Muhammad,7/27/24,"Manchester, England, United Kingdom",Blue,Welterweight,U-DEC,None,5,Belal Muhammad,Leon Edwards
Tom Aspinall,Curtis Blaydes,7/27/24,"Manchester, England, United Kingdom",Red,Heavyweight,KO/TKO,Punch,1,Tom Aspinall,Curtis Blaydes
King Green,Paddy Pimblett,7/27/24,"Manchester, England, United Kingdom",Blue,Lightweight,SUB,Triangle Choke,1,Paddy Pimblett,King Green
Christian Leroy Duncan,Gregory Rodrigues,7/27/24,"Manchester, England, United Kingdom",Blue,Middleweight,U-DEC,None,3,Gregory Rodrigues,Christian Leroy Duncan
Arnold Allen,Giga Chikadze,7/27/24,"Manchester, England, United Kingdom",Red,Featherweight,U-DEC,None,3,Arnold Allen,Giga Chikadze
Nathaniel Wood,Daniel Pineda,7/27/24,"Manchester, England, United Kingdom",Red,Featherweight,U-DEC,None,3,Nathaniel Wood,Daniel Pineda
Molly McCann,Bruna Brasil,7/27/24,"Manchester, England, United Kingdom",Blue,Women's Strawweight,U-DEC,None,3,Bruna Brasil,Molly McCann
Jake Hadley,Caolan Loughran,7/27/24,"Manchester, England, United Kingdom",Red,Bantamweight,U-DEC,None,3,Jake Hadley,Caolan Loughran
Muhammad Mokaev,Manel Kape,7/27/24,"Manchester, England, United Kingdom",Red,Flyweight,U-DEC,None,3,Muhammad Mokaev,Manel Kape
Oban Elliott,Preston Parsons,7/27/24,"Manchester, England, United Kingdom",Red,Welterweight,U-DEC,None,3,Oban Elliott,Preston Parsons
Modestas Bukauskas,Marcin Prachnio,7/27/24,"Manchester, England, United Kingdom",Red,Light Heavyweight,SUB,Arm Triangle,3,Modestas Bukauskas,Marcin Prachnio
Sam Patterson,Kiefer Crosbie,7/27/24,"Manchester, England, United Kingdom",Red,Welterweight,SUB,Arm Triangle,1,Sam Patterson,Kiefer Crosbie
Mick Parkin,Lukasz Brzeski,7/27/24,"Manchester, England, United Kingdom",Red,Heavyweight,KO/TKO,Punches,1,Mick Parkin,Lukasz Brzeski
Shauna Bannon,Alice Ardelean,7/27/24,"Manchester, England, United Kingdom",Red,Women's Strawweight,S-DEC,None,3,Shauna Bannon,Alice Ardelean
Amanda Lemos,Virna Jandiroba,7/20/24,"Las Vegas, Nevada, USA",Blue,Women's Strawweight,SUB,Armbar,2,Virna Jandiroba,Amanda Lemos
Steve Garcia,SeungWoo Choi,7/20/24,"Las Vegas, Nevada, USA",Red,Featherweight,KO/TKO,Punch,1,Steve Garcia,SeungWoo Choi
Kurt Holobaugh,Kaynan Kruschewsky,7/20/24,"Las Vegas, Nevada, USA",Red,Lightweight,U-DEC,None,3,Kurt Holobaugh,Kaynan Kruschewsky
Cody Durden,Bruno Silva,7/20/24,"Las Vegas, Nevada, USA",Blue,Flyweight,KO/TKO,Punches,2,Bruno Silva,Cody Durden
Dooho Choi,Bill Algeo,7/20/24,"Las Vegas, Nevada, USA",Red,Featherweight,KO/TKO,Punch,2,Dooho Choi,Bill Algeo
JeongYeong Lee,Hyder Amil,7/20/24,"Las Vegas, Nevada, USA",Blue,Featherweight,KO/TKO,Punches,1,Hyder Amil,JeongYeong Lee
Brian Kelleher,Cody Gibson,7/20/24,"Las Vegas, Nevada, USA",Blue,Bantamweight,SUB,Arm Triangle,1,Cody Gibson,Brian Kelleher
Miranda Maverick,Dione Barbosa,7/20/24,"Las Vegas, Nevada, USA",Red,Women's Flyweight,U-DEC,None,3,Miranda Maverick,Dione Barbosa
Loik Radzhabov,Trey Ogden,7/20/24,"Las Vegas, Nevada, USA",Blue,Lightweight,U-DEC,None,3,Trey Ogden,Loik Radzhabov
Luana Carolina,Lucie Pudilova,7/20/24,"Las Vegas, Nevada, USA",Red,Women's Flyweight,U-DEC,None,3,Luana Carolina,Lucie Pudilova
Mohammed Usman,Thomas Petersen,7/20/24,"Las Vegas, Nevada, USA",Blue,Heavyweight,U-DEC,None,3,Thomas Petersen,Mohammed Usman
Rose Namajunas,Tracy Cortez,7/13/24,"Denver, Colorado, USA",Red,Women's Flyweight,U-DEC,None,5,Rose Namajunas,Tracy Cortez
Santiago Ponzinibbio,Muslim Salikhov,7/13/24,"Denver, Colorado, USA",Blue,Welterweight,S-DEC,None,3,Muslim Salikhov,Santiago Ponzinibbio
Drew Dober,Jean Silva,7/13/24,"Denver, Colorado, USA",Blue,Lightweight,KO/TKO,None,3,Jean Silva,Drew Dober
Gabriel Bonfim,Ange Loosa,7/13/24,"Denver, Colorado, USA",Red,Welterweight,U-DEC,None,3,Gabriel Bonfim,Ange Loosa
Julian Erosa,Christian Rodriguez,7/13/24,"Denver, Colorado, USA",Red,Featherweight,SUB,Guillotine Choke,1,Julian Erosa,Christian Rodriguez
Joshua Van,Charles Johnson,7/13/24,"Denver, Colorado, USA",Blue,Flyweight,KO/TKO,Punch,3,Charles Johnson,Joshua Van
Jasmine Jasudavicius,Fatima Kline,7/13/24,"Denver, Colorado, USA",Red,Women's Flyweight,U-DEC,None,3,Jasmine Jasudavicius,Fatima Kline
Montel Jackson,Da'Mon Blackshear,7/13/24,"Denver, Colorado, USA",Red,Bantamweight,KO/TKO,Punch,1,Montel Jackson,Da'Mon Blackshear
Luana Santos,Mariya Agapova,7/13/24,"Denver, Colorado, USA",Red,Women's Flyweight,SUB,Rear Naked Choke,1,Luana Santos,Mariya Agapova
Josh Fremd,Andre Petroski,7/13/24,"Denver, Colorado, USA",Blue,Middleweight,U-DEC,None,3,Andre Petroski,Josh Fremd
Evan Elder,Darrius Flowers,7/13/24,"Denver, Colorado, USA",Red,Welterweight,SUB,Arm Triangle,2,Evan Elder,Darrius Flowers
Alex Pereira,Jiri Prochazka,6/29/24,"Las Vegas, Nevada, USA",Red,Light Heavyweight,KO/TKO,Kick,2,Alex Pereira,Jiri Prochazka
Dan Ige,Diego Lopes,6/29/24,"Las Vegas, Nevada, USA",Blue,Catch Weight,U-DEC,None,3,Diego Lopes,Dan Ige
Anthony Smith,Roman Dolidze,6/29/24,"Las Vegas, Nevada, USA",Blue,Light Heavyweight,U-DEC,None,3,Roman Dolidze,Anthony Smith
Mayra Bueno Silva,Macy Chiasson,6/29/24,"Las Vegas, Nevada, USA",Blue,Women's Bantamweight,KO/TKO,None,2,Macy Chiasson,Mayra Bueno Silva
Ian Machado Garry,Michael Page,6/29/24,"Las Vegas, Nevada, USA",Red,Welterweight,U-DEC,None,3,Ian Machado Garry,Michael Page
Joe Pyfer,Marc-Andre Barriault,6/29/24,"Las Vegas, Nevada, USA",Red,Middleweight,KO/TKO,Punch,1,Joe Pyfer,Marc-Andre Barriault
Cub Swanson,Andre Fili,6/29/24,"Las Vegas, Nevada, USA",Blue,Featherweight,S-DEC,None,3,Andre Fili,Cub Swanson
Charles Jourdain,Jean Silva,6/29/24,"Las Vegas, Nevada, USA",Blue,Featherweight,KO/TKO,Punch,2,Jean Silva,Charles Jourdain
Payton Talbott,Yanis Ghemmouri,6/29/24,"Las Vegas, Nevada, USA",Red,Bantamweight,KO/TKO,Punch,1,Payton Talbott,Yanis Ghemmouri
Michelle Waterson-Gomez,Gillian Robertson,6/29/24,"Las Vegas, Nevada, USA",Blue,Women's Strawweight,U-DEC,None,3,Gillian Robertson,Michelle Waterson-Gomez
Andrei Arlovski,Martin Buday,6/29/24,"Las Vegas, Nevada, USA",Blue,Heavyweight,S-DEC,None,3,Martin Buday,Andrei Arlovski
Rei Tsuruya,Carlos Hernandez,6/29/24,"Las Vegas, Nevada, USA",Red,Flyweight,U-DEC,None,3,Rei Tsuruya,Carlos Hernandez
Ricky Simon,Vinicius Oliveira,6/29/24,"Las Vegas, Nevada, USA",Blue,Bantamweight,U-DEC,None,3,Vinicius Oliveira,Ricky Simon
Robert Whittaker,Ikram Aliskerov,6/22/24,"Riyadh, Riyadh, Saudi Arabia",Red,Middleweight,KO/TKO,Punch,1,Robert Whittaker,Ikram Aliskerov
Sergei Pavlovich,Alexander Volkov,6/22/24,"Riyadh, Riyadh, Saudi Arabia",Blue,Heavyweight,U-DEC,None,3,Alexander Volkov,Sergei Pavlovich
Kelvin Gastelum,Daniel Rodriguez,6/22/24,"Riyadh, Riyadh, Saudi Arabia",Red,Middleweight,U-DEC,None,3,Kelvin Gastelum,Daniel Rodriguez
Shara Magomedov,Antonio Trocoli,6/22/24,"Riyadh, Riyadh, Saudi Arabia",Red,Middleweight,KO/TKO,Punches,3,Shara Magomedov,Antonio Trocoli
Johnny Walker,Volkan Oezdemir,6/22/24,"Riyadh, Riyadh, Saudi Arabia",Blue,Light Heavyweight,KO/TKO,Punch,1,Volkan Oezdemir,Johnny Walker
Nasrat Haqparast,Jared Gordon,6/22/24,"Riyadh, Riyadh, Saudi Arabia",Red,Lightweight,S-DEC,None,3,Nasrat Haqparast,Jared Gordon
Muhammad Naimov,Felipe Lima,6/22/24,"Riyadh, Riyadh, Saudi Arabia",Blue,Featherweight,SUB,Rear Naked Choke,3,Felipe Lima,Muhammad Naimov
Rinat Fakhretdinov,Nicolas Dalby,6/22/24,"Riyadh, Riyadh, Saudi Arabia",Red,Welterweight,S-DEC,None,3,Rinat Fakhretdinov,Nicolas Dalby
Kyung Ho Kang,Muin Gafurov,6/22/24,"Riyadh, Riyadh, Saudi Arabia",Blue,Bantamweight,U-DEC,None,3,Muin Gafurov,Kyung Ho Kang
Magomed Gadzhiyasulov,Brendson Ribeiro,6/22/24,"Riyadh, Riyadh, Saudi Arabia",Red,Light Heavyweight,M-DEC,None,3,Magomed Gadzhiyasulov,Brendson Ribeiro
Xiao Long,ChangHo Lee,6/22/24,"Riyadh, Riyadh, Saudi Arabia",Blue,Bantamweight,S-DEC,None,3,ChangHo Lee,Xiao Long
Alex Perez,Tatsuro Taira,6/15/24,"Las Vegas, Nevada, USA",Blue,Flyweight,KO/TKO,None,2,Tatsuro Taira,Alex Perez
Douglas Silva de Andrade,Miles Johns,6/15/24,"Las Vegas, Nevada, USA",Blue,Bantamweight,U-DEC,None,3,Miles Johns,Douglas Silva de Andrade
Timmy Cuamba,Lucas Almeida,6/15/24,"Las Vegas, Nevada, USA",Blue,Featherweight,U-DEC,None,3,Lucas Almeida,Timmy Cuamba
Brady Hiestand,Garrett Armfield,6/15/24,"Las Vegas, Nevada, USA",Red,Bantamweight,SUB,Rear Naked Choke,3,Brady Hiestand,Garrett Armfield
Asu Almabayev,Jose Johnson,6/15/24,"Las Vegas, Nevada, USA",Red,Flyweight,U-DEC,None,3,Asu Almabayev,Jose Johnson
Josh Quinlan,Adam Fugitt,6/15/24,"Las Vegas, Nevada, USA",Blue,Welterweight,S-DEC,None,3,Adam Fugitt,Josh Quinlan
Jimmy Flick,Nate Maness,6/15/24,"Las Vegas, Nevada, USA",Blue,Flyweight,U-DEC,None,3,Nate Maness,Jimmy Flick
Carli Judice,Gabriella Fernandes,6/15/24,"Las Vegas, Nevada, USA",Blue,Women's Flyweight,S-DEC,None,3,Gabriella Fernandes,Carli Judice
Jeka Saragih,Westin Wilson,6/15/24,"Las Vegas, Nevada, USA",Blue,Featherweight,SUB,Triangle Armbar,1,Westin Wilson,Jeka Saragih
Melquizael Costa,Shayilan Nuerdanbieke,6/15/24,"Las Vegas, Nevada, USA",Red,Featherweight,SUB,Rear Naked Choke,3,Melquizael Costa,Shayilan Nuerdanbieke
Josefine Knutsson,Julia Polastri,6/15/24,"Las Vegas, Nevada, USA",Red,Women's Strawweight,U-DEC,None,3,Josefine Knutsson,Julia Polastri
Jared Cannonier,Nassourdine Imavov,6/8/24,"Louisville, Kentucky, USA",Blue,Middleweight,KO/TKO,Punches,4,Nassourdine Imavov,Jared Cannonier
Dominick Reyes,Dustin Jacoby,6/8/24,"Louisville, Kentucky, USA",Red,Light Heavyweight,KO/TKO,Punches,1,Dominick Reyes,Dustin Jacoby
Raul Rosas Jr.,Ricky Turcios,6/8/24,"Louisville, Kentucky, USA",Red,Bantamweight,SUB,Rear Naked Choke,2,Raul Rosas Jr.,Ricky Turcios
Brunno Ferreira,Dustin Stoltzfus,6/8/24,"Louisville, Kentucky, USA",Red,Middleweight,KO/TKO,Spinning Back Elbow,1,Brunno Ferreira,Dustin Stoltzfus
Julian Marquez,Zachary Reese,6/8/24,"Louisville, Kentucky, USA",Blue,Middleweight,KO/TKO,Punch,1,Zachary Reese,Julian Marquez
Miguel Baeza,Punahele Soriano,6/8/24,"Louisville, Kentucky, USA",Blue,Welterweight,U-DEC,None,3,Punahele Soriano,Miguel Baeza
Thiago Moises,Ludovit Klein,6/8/24,"Louisville, Kentucky, USA",Blue,Lightweight,U-DEC,None,3,Ludovit Klein,Thiago Moises
Charles Radtke,Carlos Prates,6/8/24,"Louisville, Kentucky, USA",Blue,Welterweight,KO/TKO,Knee,1,Carlos Prates,Charles Radtke
Brad Katona,Jesse Butler,6/8/24,"Louisville, Kentucky, USA",Red,Bantamweight,U-DEC,None,3,Brad Katona,Jesse Butler
Andrea Lee,Montana De La Rosa,6/8/24,"Louisville, Kentucky, USA",Blue,Women's Flyweight,S-DEC,None,3,Montana De La Rosa,Andrea Lee
John Castaneda,Daniel Marcos,6/8/24,"Louisville, Kentucky, USA",Blue,Bantamweight,U-DEC,None,3,Daniel Marcos,John Castaneda
Eduarda Moura,Denise Gomes,6/8/24,"Louisville, Kentucky, USA",Blue,Women's Strawweight,S-DEC,None,3,Denise Gomes,Eduarda Moura
Cody Stamann,Taylor Lapilus,6/8/24,"Louisville, Kentucky, USA",Blue,Bantamweight,U-DEC,None,3,Taylor Lapilus,Cody Stamann
Rayanne dos Santos,Puja Tomar,6/8/24,"Louisville, Kentucky, USA",Blue,Women's Strawweight,S-DEC,None,3,Puja Tomar,Rayanne dos Santos
Islam Makhachev,Dustin Poirier,6/1/24,"Newark, New Jersey, USA",Red,Lightweight,SUB,D'Arce Choke,5,Islam Makhachev,Dustin Poirier
Sean Strickland,Paulo Costa,6/1/24,"Newark, New Jersey, USA",Red,Middleweight,S-DEC,None,5,Sean Strickland,Paulo Costa
Kevin Holland,Michal Oleksiejczuk,6/1/24,"Newark, New Jersey, USA",Red,Middleweight,SUB,Armbar,1,Kevin Holland,Michal Oleksiejczuk
Niko Price,Alex Morono,6/1/24,"Newark, New Jersey, USA",Red,Welterweight,U-DEC,None,3,Niko Price,Alex Morono
Randy Brown,Elizeu Zaleski dos Santos,6/1/24,"Newark, New Jersey, USA",Red,Welterweight,U-DEC,None,3,Randy Brown,Elizeu Zaleski dos Santos
Cesar Almeida,Roman Kopylov,6/1/24,"Newark, New Jersey, USA",Blue,Middleweight,S-DEC,None,3,Roman Kopylov,Cesar Almeida
Jailton Almeida,Alexandr Romanov,6/1/24,"Newark, New Jersey, USA",Red,Heavyweight,SUB,Rear Naked Choke,1,Jailton Almeida,Alexandr Romanov
Grant Dawson,Joe Solecki,6/1/24,"Newark, New Jersey, USA",Red,Lightweight,U-DEC,None,3,Grant Dawson,Joe Solecki
Phil Rowe,Jake Matthews,6/1/24,"Newark, New Jersey, USA",Blue,Welterweight,U-DEC,None,3,Jake Matthews,Phil Rowe
Mickey Gall,Bassil Hafez,6/1/24,"Newark, New Jersey, USA",Blue,Welterweight,U-DEC,None,3,Bassil Hafez,Mickey Gall
Ailin Perez,Joselyne Edwards,6/1/24,"Newark, New Jersey, USA",Red,Women's Bantamweight,U-DEC,None,3,Ailin Perez,Joselyne Edwards
Mitch Raposo,Andre Lima,6/1/24,"Newark, New Jersey, USA",Blue,Flyweight,S-DEC,None,3,Andre Lima,Mitch Raposo
Edson Barboza,Lerone Murphy,5/18/24,"Las Vegas, Nevada, USA",Blue,Featherweight,U-DEC,None,5,Lerone Murphy,Edson Barboza
Khaos Williams,Carlston Harris,5/18/24,"Las Vegas, Nevada, USA",Red,Welterweight,KO/TKO,Punch,1,Khaos Williams,Carlston Harris
Themba Gorimbo,Ramiz Brahimaj,5/18/24,"Las Vegas, Nevada, USA",Red,Welterweight,U-DEC,None,3,Themba Gorimbo,Ramiz Brahimaj
Adrian Yanez,Vinicius Salvador,5/18/24,"Las Vegas, Nevada, USA",Red,Bantamweight,KO/TKO,Punches,1,Adrian Yanez,Vinicius Salvador
Luana Pinheiro,Angela Hill,5/18/24,"Las Vegas, Nevada, USA",Blue,Women's Strawweight,SUB,Guillotine Choke,2,Angela Hill,Luana Pinheiro
Victor Martinez,Tom Nolan,5/18/24,"Las Vegas, Nevada, USA",Blue,Lightweight,KO/TKO,Knee,1,Tom Nolan,Victor Martinez
Oumar Sy,Tuco Tokkos,5/18/24,"Las Vegas, Nevada, USA",Red,Light Heavyweight,SUB,Rear Naked Choke,1,Oumar Sy,Tuco Tokkos
Tamires Vidal,Melissa Gatto,5/18/24,"Las Vegas, Nevada, USA",Blue,Women's Bantamweight,KO/TKO,Punch,3,Melissa Gatto,Tamires Vidal
Abus Magomedov,Warlley Alves,5/18/24,"Las Vegas, Nevada, USA",Red,Middleweight,U-DEC,None,3,Abus Magomedov,Warlley Alves
Piera Rodriguez,Ariane Carnelossi,5/18/24,"Las Vegas, Nevada, USA",Blue,Women's Strawweight,DQ,None,2,Ariane Carnelossi,Piera Rodriguez
Alatengheili,Kleydson Rodrigues,5/18/24,"Las Vegas, Nevada, USA",Red,Bantamweight,U-DEC,None,3,Alatengheili,Kleydson Rodrigues
Vanessa Demopoulos,Emily Ducote,5/18/24,"Las Vegas, Nevada, USA",Red,Women's Strawweight,S-DEC,None,3,Vanessa Demopoulos,Emily Ducote
Derrick Lewis,Rodrigo Nascimento,5/11/24,"St. Louis, Missouri, USA",Red,Heavyweight,KO/TKO,Punch,3,Derrick Lewis,Rodrigo Nascimento
Joaquin Buckley,Nursulton Ruziboev,5/11/24,"St. Louis, Missouri, USA",Red,Welterweight,U-DEC,None,3,Joaquin Buckley,Nursulton Ruziboev
Alonzo Menifield,Carlos Ulberg,5/11/24,"St. Louis, Missouri, USA",Blue,Light Heavyweight,KO/TKO,Punches,1,Carlos Ulberg,Alonzo Menifield
Diego Ferreira,Mateusz Rebecki,5/11/24,"St. Louis, Missouri, USA",Red,Lightweight,KO/TKO,Punches,3,Diego Ferreira,Mateusz Rebecki
Alex Caceres,Sean Woodson,5/11/24,"St. Louis, Missouri, USA",Blue,Featherweight,U-DEC,None,3,Sean Woodson,Alex Caceres
Waldo Cortes-Acosta,Robelis Despaigne,5/11/24,"St. Louis, Missouri, USA",Red,Heavyweight,U-DEC,None,3,Waldo Cortes-Acosta,Robelis Despaigne
Chase Hooper,Viacheslav Borshchev,5/11/24,"St. Louis, Missouri, USA",Red,Lightweight,SUB,D'Arce Choke,2,Chase Hooper,Viacheslav Borshchev
Terrance McKinney,Esteban Ribovics,5/11/24,"St. Louis, Missouri, USA",Blue,Lightweight,KO/TKO,Kick,1,Esteban Ribovics,Terrance McKinney
Tabatha Ricci,Tecia Pennington,5/11/24,"St. Louis, Missouri, USA",Red,Women's Strawweight,S-DEC,None,3,Tabatha Ricci,Tecia Pennington
Billy Ray Goff,Trey Waters,5/11/24,"St. Louis, Missouri, USA",Blue,Welterweight,U-DEC,None,3,Trey Waters,Billy Ray Goff
Charles Johnson,Jake Hadley,5/11/24,"St. Louis, Missouri, USA",Red,Flyweight,U-DEC,None,3,Charles Johnson,Jake Hadley
JJ Aldrich,Veronica Hardy,5/11/24,"St. Louis, Missouri, USA",Blue,Women's Flyweight,U-DEC,None,3,Veronica Hardy,JJ Aldrich
Alexandre Pantoja,Steve Erceg,5/4/24,"Rio de Janeiro, Rio de Janeiro, Brazil",Red,Flyweight,U-DEC,None,5,Alexandre Pantoja,Steve Erceg
Jose Aldo,Jonathan Martinez,5/4/24,"Rio de Janeiro, Rio de Janeiro, Brazil",Red,Bantamweight,U-DEC,None,3,Jose Aldo,Jonathan Martinez
Anthony Smith,Vitor Petrino,5/4/24,"Rio de Janeiro, Rio de Janeiro, Brazil",Red,Light Heavyweight,SUB,Guillotine Choke,1,Anthony Smith,Vitor Petrino
Michel Pereira,Ihor Potieria,5/4/24,"Rio de Janeiro, Rio de Janeiro, Brazil",Red,Middleweight,SUB,Guillotine Choke,1,Michel Pereira,Ihor Potieria
Paul Craig,Caio Borralho,5/4/24,"Rio de Janeiro, Rio de Janeiro, Brazil",Blue,Middleweight,KO/TKO,Punches,2,Caio Borralho,Paul Craig
Jack Shore,Joanderson Brito,5/4/24,"Rio de Janeiro, Rio de Janeiro, Brazil",Blue,Featherweight,KO/TKO,None,2,Joanderson Brito,Jack Shore
Karolina Kowalkiewicz,Iasmin Lucindo,5/4/24,"Rio de Janeiro, Rio de Janeiro, Brazil",Blue,Women's Strawweight,U-DEC,None,3,Iasmin Lucindo,Karolina Kowalkiewicz
Elves Brener,Myktybek Orolbai,5/4/24,"Rio de Janeiro, Rio de Janeiro, Brazil",Blue,Lightweight,U-DEC,None,3,Myktybek Orolbai,Elves Brener
Joaquim Silva,Drakkar Klose,5/4/24,"Rio de Janeiro, Rio de Janeiro, Brazil",Blue,Lightweight,U-DEC,None,3,Drakkar Klose,Joaquim Silva
Mauricio Ruffy,Jamie Mullarkey,5/4/24,"Rio de Janeiro, Rio de Janeiro, Brazil",Red,Lightweight,KO/TKO,Punches,1,Mauricio Ruffy,Jamie Mullarkey
Dione Barbosa,Ernesta Kareckaite,5/4/24,"Rio de Janeiro, Rio de Janeiro, Brazil",Red,Women's Flyweight,U-DEC,None,3,Dione Barbosa,Ernesta Kareckaite
Ismael Bonfim,Vinc Pichel,5/4/24,"Rio de Janeiro, Rio de Janeiro, Brazil",Red,Lightweight,U-DEC,None,3,Ismael Bonfim,Vinc Pichel
Alessandro Costa,Kevin Borjas,5/4/24,"Rio de Janeiro, Rio de Janeiro, Brazil",Red,Flyweight,KO/TKO,Punches,2,Alessandro Costa,Kevin Borjas
Matheus Nicolau,Alex Perez,4/27/24,"Las Vegas, Nevada, USA",Blue,Flyweight,KO/TKO,Punch,2,Alex Perez,Matheus Nicolau
Ryan Spann,Bogdan Guskov,4/27/24,"Las Vegas, Nevada, USA",Blue,Light Heavyweight,KO/TKO,Punches,2,Bogdan Guskov,Ryan Spann
Ariane da Silva,Karine Silva,4/27/24,"Las Vegas, Nevada, USA",Blue,Women's Flyweight,U-DEC,None,3,Karine Silva,Ariane da Silva
Austen Lane,Jhonata Diniz,4/27/24,"Las Vegas, Nevada, USA",Blue,Heavyweight,KO/TKO,Punch,2,Jhonata Diniz,Austen Lane
Jonathan Pearce,David Onama,4/27/24,"Las Vegas, Nevada, USA",Blue,Featherweight,U-DEC,None,3,David Onama,Jonathan Pearce
Tim Means,Uros Medic,4/27/24,"Las Vegas, Nevada, USA",Blue,Welterweight,KO/TKO,Punch,1,Uros Medic,Tim Means
Rani Yahya,Victor Henry,4/27/24,"Las Vegas, Nevada, USA",Blue,Bantamweight,KO/TKO,Punches,3,Victor Henry,Rani Yahya
Austin Hubbard,Michal Figlak,4/27/24,"Las Vegas, Nevada, USA",Red,Lightweight,U-DEC,None,3,Austin Hubbard,Michal Figlak
Don'Tale Mayes,Caio Machado,4/27/24,"Las Vegas, Nevada, USA",Red,Heavyweight,U-DEC,None,3,Don'Tale Mayes,Caio Machado
Marnic Mann,Ketlen Souza,4/27/24,"Las Vegas, Nevada, USA",Blue,Women's Strawweight,U-DEC,None,3,Ketlen Souza,Marnic Mann
James Llontop,Chris Padilla,4/27/24,"Las Vegas, Nevada, USA",Blue,Lightweight,SUB,Rear Naked Choke,1,Chris Padilla,James Llontop
Ivana Petrovic,Liang Na,4/27/24,"Las Vegas, Nevada, USA",Red,Women's Flyweight,SUB,Arm Triangle,3,Ivana Petrovic,Liang Na
Gabriel Benitez,Maheshate,4/27/24,"Las Vegas, Nevada, USA",Blue,Lightweight,S-DEC,None,3,Maheshate,Gabriel Benitez
Alex Pereira,Jamahal Hill,4/13/24,"Las Vegas, Nevada, USA",Red,Light Heavyweight,KO/TKO,Punch,1,Alex Pereira,Jamahal Hill
Zhang Weili,Yan Xiaonan,4/13/24,"Las Vegas, Nevada, USA",Red,Women's Strawweight,U-DEC,None,5,Zhang Weili,Yan Xiaonan
Justin Gaethje,Max Holloway,4/13/24,"Las Vegas, Nevada, USA",Blue,Lightweight,KO/TKO,Punch,5,Max Holloway,Justin Gaethje
Charles Oliveira,Arman Tsarukyan,4/13/24,"Las Vegas, Nevada, USA",Blue,Lightweight,S-DEC,None,3,Arman Tsarukyan,Charles Oliveira
Bo Nickal,Cody Brundage,4/13/24,"Las Vegas, Nevada, USA",Red,Middleweight,SUB,Rear Naked Choke,2,Bo Nickal,Cody Brundage
Jiri Prochazka,Aleksandar Rakic,4/13/24,"Las Vegas, Nevada, USA",Red,Light Heavyweight,KO/TKO,Punches,2,Jiri Prochazka,Aleksandar Rakic
Calvin Kattar,Aljamain Sterling,4/13/24,"Las Vegas, Nevada, USA",Blue,Featherweight,U-DEC,None,3,Aljamain Sterling,Calvin Kattar
Holly Holm,Kayla Harrison,4/13/24,"Las Vegas, Nevada, USA",Blue,Women's Bantamweight,SUB,Rear Naked Choke,2,Kayla Harrison,Holly Holm
Sodiq Yusuff,Diego Lopes,4/13/24,"Las Vegas, Nevada, USA",Blue,Featherweight,KO/TKO,Punches,1,Diego Lopes,Sodiq Yusuff
Jalin Turner,Renato Moicano,4/13/24,"Las Vegas, Nevada, USA",Blue,Lightweight,KO/TKO,Punches,2,Renato Moicano,Jalin Turner
Jessica Andrade,Marina Rodriguez,4/13/24,"Las Vegas, Nevada, USA",Red,Women's Strawweight,S-DEC,None,3,Jessica Andrade,Marina Rodriguez
King Green,Jim Miller,4/13/24,"Las Vegas, Nevada, USA",Red,Lightweight,U-DEC,None,3,King Green,Jim Miller
Deiveson Figueiredo,Cody Garbrandt,4/13/24,"Las Vegas, Nevada, USA",Red,Bantamweight,SUB,Rear Naked Choke,2,Deiveson Figueiredo,Cody Garbrandt
Brendan Allen,Chris Curtis,4/6/24,"Las Vegas, Nevada, USA",Red,Middleweight,S-DEC,None,5,Brendan Allen,Chris Curtis
Alexander Hernandez,Damon Jackson,4/6/24,"Las Vegas, Nevada, USA",Blue,Featherweight,S-DEC,None,3,Damon Jackson,Alexander Hernandez
Morgan Charriere,Chepe Mariscal,4/6/24,"Las Vegas, Nevada, USA",Blue,Featherweight,S-DEC,None,3,Chepe Mariscal,Morgan Charriere
Ignacio Bahamondes,Christos Giagos,4/6/24,"Las Vegas, Nevada, USA",Red,Lightweight,KO/TKO,Kick,1,Ignacio Bahamondes,Christos Giagos
Trevor Peek,Charlie Campbell,4/6/24,"Las Vegas, Nevada, USA",Blue,Lightweight,U-DEC,None,3,Charlie Campbell,Trevor Peek
Court McGee,Alex Morono,4/6/24,"Las Vegas, Nevada, USA",Blue,Welterweight,U-DEC,None,3,Alex Morono,Court McGee
Valter Walker,Lukasz Brzeski,4/6/24,"Las Vegas, Nevada, USA",Blue,Heavyweight,U-DEC,None,3,Lukasz Brzeski,Valter Walker
Norma Dumont,Germaine de Randamie,4/6/24,"Las Vegas, Nevada, USA",Red,Women's Bantamweight,U-DEC,None,3,Norma Dumont,Germaine de Randamie
Pedro Falcao,Victor Hugo,4/6/24,"Las Vegas, Nevada, USA",Blue,Bantamweight,U-DEC,None,3,Victor Hugo,Pedro Falcao
Dan Argueta,Jean Matsumoto,4/6/24,"Las Vegas, Nevada, USA",Blue,Bantamweight,SUB,Guillotine Choke,2,Jean Matsumoto,Dan Argueta
Dylan Budka,Cesar Almeida,4/6/24,"Las Vegas, Nevada, USA",Blue,Middleweight,KO/TKO,Elbows,2,Cesar Almeida,Dylan Budka
Melissa Mullins,Nora Cornolle,4/6/24,"Las Vegas, Nevada, USA",Blue,Women's Bantamweight,KO/TKO,Knee,2,Nora Cornolle,Melissa Mullins
Erin Blanchfield,Manon Fiorot,3/30/24,"Atlantic City, New Jersey, USA",Blue,Women's Flyweight,U-DEC,None,5,Manon Fiorot,Erin Blanchfield
Vicente Luque,Joaquin Buckley,3/30/24,"Atlantic City, New Jersey, USA",Blue,Welterweight,KO/TKO,Punches,2,Joaquin Buckley,Vicente Luque
Chris Weidman,Bruno Silva,3/30/24,"Atlantic City, New Jersey, USA",Red,Middleweight,U-DEC,None,3,Chris Weidman,Bruno Silva
Nursulton Ruziboev,Sedriques Dumas,3/30/24,"Atlantic City, New Jersey, USA",Red,Middleweight,KO/TKO,Punch,1,Nursulton Ruziboev,Sedriques Dumas
Bill Algeo,Kyle Nelson,3/30/24,"Atlantic City, New Jersey, USA",Blue,Featherweight,KO/TKO,Punches,1,Kyle Nelson,Bill Algeo
Chidi Njokuani,Rhys McKee,3/30/24,"Atlantic City, New Jersey, USA",Red,Welterweight,S-DEC,None,3,Chidi Njokuani,Rhys McKee
Nate Landwehr,Jamall Emmers,3/30/24,"Atlantic City, New Jersey, USA",Red,Featherweight,KO/TKO,Punch,1,Nate Landwehr,Jamall Emmers
Virna Jandiroba,Loopy Godinez,3/30/24,"Atlantic City, New Jersey, USA",Red,Women's Strawweight,U-DEC,None,3,Virna Jandiroba,Loopy Godinez
Julio Arce,Herbert Burns,3/30/24,"Atlantic City, New Jersey, USA",Red,Featherweight,KO/TKO,Punch,2,Julio Arce,Herbert Burns
Dennis Buzukja,Connor Matthews,3/30/24,"Atlantic City, New Jersey, USA",Red,Featherweight,KO/TKO,Punch,3,Dennis Buzukja,Connor Matthews
Ibo Aslan,Anton Turkalj,3/30/24,"Atlantic City, New Jersey, USA",Red,Light Heavyweight,KO/TKO,Punch,3,Ibo Aslan,Anton Turkalj
Andre Petroski,Jacob Malkoun,3/30/24,"Atlantic City, New Jersey, USA",Blue,Middleweight,KO/TKO,Kick,2,Jacob Malkoun,Andre Petroski
Angel Pacheco,Caolan Loughran,3/30/24,"Atlantic City, New Jersey, USA",Blue,Bantamweight,U-DEC,None,3,Caolan Loughran,Angel Pacheco
Amanda Ribas,Rose Namajunas,3/23/24,"Las Vegas, Nevada, USA",Blue,Women's Flyweight,U-DEC,None,5,Rose Namajunas,Amanda Ribas
Karl Williams,Justin Tafa,3/23/24,"Las Vegas, Nevada, USA",Red,Heavyweight,U-DEC,None,3,Karl Williams,Justin Tafa
Edmen Shahbazyan,AJ Dobson,3/23/24,"Las Vegas, Nevada, USA",Red,Middleweight,KO/TKO,Punches,1,Edmen Shahbazyan,AJ Dobson
Payton Talbott,Cameron Saaiman,3/23/24,"Las Vegas, Nevada, USA",Red,Bantamweight,KO/TKO,Punches,2,Payton Talbott,Cameron Saaiman
Billy Quarantillo,Youssef Zalal,3/23/24,"Las Vegas, Nevada, USA",Blue,Featherweight,SUB,Rear Naked Choke,2,Youssef Zalal,Billy Quarantillo
Fernando Padilla,Luis Pajuelo,3/23/24,"Las Vegas, Nevada, USA",Red,Featherweight,SUB,D'Arce Choke,1,Fernando Padilla,Luis Pajuelo
Kurt Holobaugh,Trey Ogden,3/23/24,"Las Vegas, Nevada, USA",Blue,Lightweight,U-DEC,None,3,Trey Ogden,Kurt Holobaugh
Ricardo Ramos,Julian Erosa,3/23/24,"Las Vegas, Nevada, USA",Blue,Featherweight,SUB,Guillotine Choke,1,Julian Erosa,Ricardo Ramos
Miles Johns,Cody Gibson,3/23/24,"Las Vegas, Nevada, USA",Red,Bantamweight,U-DEC,None,3,Miles Johns,Cody Gibson
Jarno Errens,Steven Nguyen,3/23/24,"Las Vegas, Nevada, USA",Red,Featherweight,U-DEC,None,3,Jarno Errens,Steven Nguyen
Montserrat Rendon,Daria Zhelezniakova,3/23/24,"Las Vegas, Nevada, USA",Blue,Women's Bantamweight,U-DEC,None,3,Daria Zhelezniakova,Montserrat Rendon
Igor Severino,Andre Lima,3/23/24,"Las Vegas, Nevada, USA",Blue,Flyweight,DQ,None,2,Andre Lima,Igor Severino
Mohammed Usman,Mick Parkin,3/23/24,"Las Vegas, Nevada, USA",Blue,Heavyweight,U-DEC,None,3,Mick Parkin,Mohammed Usman
Tai Tuivasa,Marcin Tybura,3/16/24,"Las Vegas, Nevada, USA",Blue,Heavyweight,SUB,Rear Naked Choke,1,Marcin Tybura,Tai Tuivasa
Ovince Saint Preux,Kennedy Nzechukwu,3/16/24,"Las Vegas, Nevada, USA",Red,Light Heavyweight,S-DEC,None,3,Ovince Saint Preux,Kennedy Nzechukwu
Christian Rodriguez,Isaac Dulgarian,3/16/24,"Las Vegas, Nevada, USA",Red,Featherweight,S-DEC,None,3,Christian Rodriguez,Isaac Dulgarian
Pannie Kianzad,Macy Chiasson,3/16/24,"Las Vegas, Nevada, USA",Blue,Women's Bantamweight,SUB,Rear Naked Choke,1,Macy Chiasson,Pannie Kianzad
Gerald Meerschaert,Bryan Barberena,3/16/24,"Las Vegas, Nevada, USA",Red,Middleweight,SUB,Rear Naked Choke,2,Gerald Meerschaert,Bryan Barberena
Natan Levy,Mike Davis,3/16/24,"Las Vegas, Nevada, USA",Blue,Lightweight,SUB,Arm Triangle,2,Mike Davis,Natan Levy
Josiane Nunes,Chelsea Chandler,3/16/24,"Las Vegas, Nevada, USA",Blue,Women's Bantamweight,U-DEC,None,3,Chelsea Chandler,Josiane Nunes
Jafel Filho,Ode Osbourne,3/16/24,"Las Vegas, Nevada, USA",Red,Flyweight,SUB,Rear Naked Choke,1,Jafel Filho,Ode Osbourne
Josh Culibao,Danny Silva,3/16/24,"Las Vegas, Nevada, USA",Blue,Featherweight,S-DEC,None,3,Danny Silva,Josh Culibao
Jaqueline Amorim,Cory McKenna,3/16/24,"Las Vegas, Nevada, USA",Red,Women's Strawweight,SUB,Armbar,1,Jaqueline Amorim,Cory McKenna
Thiago Moises,Mitch Ramirez,3/16/24,"Las Vegas, Nevada, USA",Red,Lightweight,KO/TKO,Kick,3,Thiago Moises,Mitch Ramirez
Charalampos Grigoriou,Chad Anheliger,3/16/24,"Las Vegas, Nevada, USA",Blue,Bantamweight,U-DEC,None,3,Chad Anheliger,Charalampos Grigoriou
Sean O'Malley,Marlon Vera,3/9/24,"Miami, Florida, USA",Red,Bantamweight,U-DEC,None,5,Sean O'Malley,Marlon Vera
Dustin Poirier,Benoit Saint Denis,3/9/24,"Miami, Florida, USA",Red,Lightweight,KO/TKO,Punch,2,Dustin Poirier,Benoit Saint Denis
Kevin Holland,Michael Page,3/9/24,"Miami, Florida, USA",Blue,Welterweight,U-DEC,None,3,Michael Page,Kevin Holland
Gilbert Burns,Jack Della Maddalena,3/9/24,"Miami, Florida, USA",Blue,Welterweight,KO/TKO,Elbows,3,Jack Della Maddalena,Gilbert Burns
Petr Yan,Song Yadong,3/9/24,"Miami, Florida, USA",Red,Bantamweight,U-DEC,None,3,Petr Yan,Song Yadong
Curtis Blaydes,Jailton Almeida,3/9/24,"Miami, Florida, USA",Red,Heavyweight,KO/TKO,Punches,2,Curtis Blaydes,Jailton Almeida
Katlyn Cerminara,Maycee Barber,3/9/24,"Miami, Florida, USA",Blue,Women's Flyweight,U-DEC,None,3,Maycee Barber,Katlyn Cerminara
Mateusz Gamrot,Rafael Dos Anjos,3/9/24,"Miami, Florida, USA",Red,Lightweight,U-DEC,None,3,Mateusz Gamrot,Rafael Dos Anjos
Pedro Munhoz,Kyler Phillips,3/9/24,"Miami, Florida, USA",Blue,Bantamweight,U-DEC,None,3,Kyler Phillips,Pedro Munhoz
Ion Cutelaba,Philipe Lins,3/9/24,"Miami, Florida, USA",Blue,Light Heavyweight,U-DEC,None,3,Philipe Lins,Ion Cutelaba
Michel Pereira,Michal Oleksiejczuk,3/9/24,"Miami, Florida, USA",Red,Middleweight,SUB,Rear Naked Choke,1,Michel Pereira,Michal Oleksiejczuk
Robelis Despaigne,Josh Parisian,3/9/24,"Miami, Florida, USA",Red,Heavyweight,KO/TKO,Punch,1,Robelis Despaigne,Josh Parisian
CJ Vergara,Asu Almabayev,3/9/24,"Miami, Florida, USA",Blue,Flyweight,U-DEC,None,3,Asu Almabayev,CJ Vergara
Joanne Wood,Maryna Moroz,3/9/24,"Miami, Florida, USA",Red,Women's Flyweight,S-DEC,None,3,Joanne Wood,Maryna Moroz
Jairzinho Rozenstruik,Shamil Gaziev,3/2/24,"Las Vegas, Nevada, USA",Red,Heavyweight,KO/TKO,None,4,Jairzinho Rozenstruik,Shamil Gaziev
Vitor Petrino,Tyson Pedro,3/2/24,"Las Vegas, Nevada, USA",Red,Light Heavyweight,U-DEC,None,3,Vitor Petrino,Tyson Pedro
Alex Perez,Muhammad Mokaev,3/2/24,"Las Vegas, Nevada, USA",Blue,Flyweight,U-DEC,None,3,Muhammad Mokaev,Alex Perez
Umar Nurmagomedov,Bekzat Almakhan,3/2/24,"Las Vegas, Nevada, USA",Red,Bantamweight,U-DEC,None,3,Umar Nurmagomedov,Bekzat Almakhan
Matt Schnell,Steve Erceg,3/2/24,"Las Vegas, Nevada, USA",Blue,Flyweight,KO/TKO,Punch,2,Steve Erceg,Matt Schnell
Eryk Anders,Jamie Pickett,3/2/24,"Las Vegas, Nevada, USA",Red,Middleweight,U-DEC,None,3,Eryk Anders,Jamie Pickett
Vinicius Oliveira,Benardo Sopaj,3/2/24,"Las Vegas, Nevada, USA",Red,Bantamweight,KO/TKO,Flying Knee,3,Vinicius Oliveira,Benardo Sopaj
Aiemann Zahabi,Javid Basharat,3/2/24,"Las Vegas, Nevada, USA",Red,Bantamweight,U-DEC,None,3,Aiemann Zahabi,Javid Basharat
Christian Leroy Duncan,Claudio Ribeiro,3/2/24,"Las Vegas, Nevada, USA",Red,Middleweight,KO/TKO,Punches,2,Christian Leroy Duncan,Claudio Ribeiro
Ludovit Klein,AJ Cunningham,3/2/24,"Las Vegas, Nevada, USA",Red,Lightweight,KO/TKO,Kick,1,Ludovit Klein,AJ Cunningham
Abdul-Kareem Al-Selwady,Loik Radzhabov,3/2/24,"Las Vegas, Nevada, USA",Blue,Lightweight,KO/TKO,Punch,3,Loik Radzhabov,Abdul-Kareem Al-Selwady
Brandon Moreno,Brandon Royval,2/24/24,"Mexico City, Distrito Federal, Mexico",Blue,Flyweight,S-DEC,None,5,Brandon Royval,Brandon Moreno
Yair Rodriguez,Brian Ortega,2/24/24,"Mexico City, Distrito Federal, Mexico",Blue,Featherweight,SUB,Arm Triangle,3,Brian Ortega,Yair Rodriguez
Daniel Zellhuber,Francisco Prado,2/24/24,"Mexico City, Distrito Federal, Mexico",Red,Lightweight,U-DEC,None,3,Daniel Zellhuber,Francisco Prado
Yazmin Jauregui,Sam Hughes,2/24/24,"Mexico City, Distrito Federal, Mexico",Red,Women's Strawweight,U-DEC,None,3,Yazmin Jauregui,Sam Hughes
Manuel Torres,Chris Duncan,2/24/24,"Mexico City, Distrito Federal, Mexico",Red,Lightweight,SUB,Rear Naked Choke,1,Manuel Torres,Chris Duncan
Cristian Quinonez,Raoni Barcelos,2/24/24,"Mexico City, Distrito Federal, Mexico",Blue,Bantamweight,SUB,Rear Naked Choke,3,Raoni Barcelos,Cristian Quinonez
Jesus Aguilar,Mateus Mendonca,2/24/24,"Mexico City, Distrito Federal, Mexico",Red,Flyweight,S-DEC,None,3,Jesus Aguilar,Mateus Mendonca
Edgar Chairez,Daniel Lacerda,2/24/24,"Mexico City, Distrito Federal, Mexico",Red,Flyweight,SUB,Triangle Choke,1,Edgar Chairez,Daniel Lacerda
Claudio Puelles,Fares Ziam,2/24/24,"Mexico City, Distrito Federal, Mexico",Blue,Lightweight,S-DEC,None,3,Fares Ziam,Claudio Puelles
Ronaldo Rodriguez,Denys Bondar,2/24/24,"Mexico City, Distrito Federal, Mexico",Red,Flyweight,SUB,Rear Naked Choke,2,Ronaldo Rodriguez,Denys Bondar
Victor Altamirano,Felipe dos Santos,2/24/24,"Mexico City, Distrito Federal, Mexico",Blue,Flyweight,S-DEC,None,3,Felipe dos Santos,Victor Altamirano
Erik Silva,Muhammad Naimov,2/24/24,"Mexico City, Distrito Federal, Mexico",Blue,Featherweight,KO/TKO,None,1,Muhammad Naimov,Erik Silva
Alexander Volkanovski,Ilia Topuria,2/17/24,"Anaheim, California, USA",Blue,Featherweight,KO/TKO,Punch,2,Ilia Topuria,Alexander Volkanovski
Robert Whittaker,Paulo Costa,2/17/24,"Anaheim, California, USA",Red,Middleweight,U-DEC,None,3,Robert Whittaker,Paulo Costa
Geoff Neal,Ian Machado Garry,2/17/24,"Anaheim, California, USA",Blue,Welterweight,S-DEC,None,3,Ian Machado Garry,Geoff Neal
Merab Dvalishvili,Henry Cejudo,2/17/24,"Anaheim, California, USA",Red,Bantamweight,U-DEC,None,3,Merab Dvalishvili,Henry Cejudo
Anthony Hernandez,Roman Kopylov,2/17/24,"Anaheim, California, USA",Red,Middleweight,SUB,Rear Naked Choke,2,Anthony Hernandez,Roman Kopylov
Amanda Lemos,Mackenzie Dern,2/17/24,"Anaheim, California, USA",Red,Women's Strawweight,U-DEC,None,3,Amanda Lemos,Mackenzie Dern
Marcos Rogerio de Lima,Junior Tafa,2/17/24,"Anaheim, California, USA",Red,Heavyweight,KO/TKO,Kick,2,Marcos Rogerio de Lima,Junior Tafa
Rinya Nakamura,Carlos Vera,2/17/24,"Anaheim, California, USA",Red,Bantamweight,U-DEC,None,3,Rinya Nakamura,Carlos Vera
Zhang Mingyang,Brendson Ribeiro,2/17/24,"Anaheim, California, USA",Red,Light Heavyweight,KO/TKO,Punch,1,Zhang Mingyang,Brendson Ribeiro
Josh Quinlan,Danny Barlow,2/17/24,"Anaheim, California, USA",Blue,Welterweight,KO/TKO,Punches,3,Danny Barlow,Josh Quinlan
Oban Elliott,Val Woodburn,2/17/24,"Anaheim, California, USA",Red,Welterweight,U-DEC,None,3,Oban Elliott,Val Woodburn
Andrea Lee,Miranda Maverick,2/17/24,"Anaheim, California, USA",Blue,Women's Flyweight,U-DEC,None,3,Miranda Maverick,Andrea Lee
Jack Hermansson,Joe Pyfer,2/10/24,"Las Vegas, Nevada, USA",Red,Middleweight,U-DEC,None,5,Jack Hermansson,Joe Pyfer
Dan Ige,Andre Fili,2/10/24,"Las Vegas, Nevada, USA",Red,Featherweight,KO/TKO,Punch,1,Dan Ige,Andre Fili
Robert Bryczek,Ihor Potieria,2/10/24,"Las Vegas, Nevada, USA",Blue,Middleweight,U-DEC,None,3,Ihor Potieria,Robert Bryczek
Brad Tavares,Gregory Rodrigues,2/10/24,"Las Vegas, Nevada, USA",Blue,Middleweight,KO/TKO,Punches,3,Gregory Rodrigues,Brad Tavares
Michael Johnson,Darrius Flowers,2/10/24,"Las Vegas, Nevada, USA",Red,Lightweight,U-DEC,None,3,Michael Johnson,Darrius Flowers
Rodolfo Vieira,Armen Petrosyan,2/10/24,"Las Vegas, Nevada, USA",Red,Middleweight,SUB,Arm Triangle,1,Rodolfo Vieira,Armen Petrosyan
Trevin Giles,Carlos Prates,2/10/24,"Las Vegas, Nevada, USA",Blue,Welterweight,KO/TKO,Punch,2,Carlos Prates,Trevin Giles
Bolaji Oki,Timmy Cuamba,2/10/24,"Las Vegas, Nevada, USA",Red,Lightweight,S-DEC,None,3,Bolaji Oki,Timmy Cuamba
Loma Lookboonmee,Bruna Brasil,2/10/24,"Las Vegas, Nevada, USA",Red,Women's Strawweight,U-DEC,None,3,Loma Lookboonmee,Bruna Brasil
Devin Clark,Marcin Prachnio,2/10/24,"Las Vegas, Nevada, USA",Blue,Light Heavyweight,U-DEC,None,3,Marcin Prachnio,Devin Clark
Max Griffin,Jeremiah Wells,2/10/24,"Las Vegas, Nevada, USA",Red,Welterweight,S-DEC,None,3,Max Griffin,Jeremiah Wells
Zac Pauga,Bogdan Guskov,2/10/24,"Las Vegas, Nevada, USA",Blue,Light Heavyweight,KO/TKO,Punches,1,Bogdan Guskov,Zac Pauga
Fernie Garcia,Hyder Amil,2/10/24,"Las Vegas, Nevada, USA",Blue,Featherweight,KO/TKO,Punches,2,Hyder Amil,Fernie Garcia
Roman Dolidze,Nassourdine Imavov,2/3/24,"Las Vegas, Nevada, USA",Blue,Middleweight,M-DEC,None,5,Nassourdine Imavov,Roman Dolidze
Renato Moicano,Drew Dober,2/3/24,"Las Vegas, Nevada, USA",Red,Lightweight,U-DEC,None,3,Renato Moicano,Drew Dober
Randy Brown,Muslim Salikhov,2/3/24,"Las Vegas, Nevada, USA",Red,Welterweight,KO/TKO,Punch,1,Randy Brown,Muslim Salikhov
Viviane Araujo,Natalia Silva,2/3/24,"Las Vegas, Nevada, USA",Blue,Women's Flyweight,U-DEC,None,3,Natalia Silva,Viviane Araujo
Gilbert Urbina,Charles Radtke,2/3/24,"Las Vegas, Nevada, USA",Blue,Welterweight,KO/TKO,Punch,1,Charles Radtke,Gilbert Urbina
Molly McCann,Diana Belbita,2/3/24,"Las Vegas, Nevada, USA",Red,Women's Strawweight,SUB,Armbar,1,Molly McCann,Diana Belbita
Azat Maksum,Charles Johnson,2/3/24,"Las Vegas, Nevada, USA",Blue,Flyweight,U-DEC,None,3,Charles Johnson,Azat Maksum
Themba Gorimbo,Pete Rodriguez,2/3/24,"Las Vegas, Nevada, USA",Red,Welterweight,KO/TKO,Punch,1,Themba Gorimbo,Pete Rodriguez
JeongYeong Lee,Blake Bilder,2/3/24,"Las Vegas, Nevada, USA",Red,Featherweight,U-DEC,None,3,JeongYeong Lee,Blake Bilder
Luana Carolina,Julija Stoliarenko,2/3/24,"Las Vegas, Nevada, USA",Red,Women's Flyweight,KO/TKO,Punches,3,Luana Carolina,Julija Stoliarenko
Landon Quinones,MarQuel Mederos,2/3/24,"Las Vegas, Nevada, USA",Blue,Lightweight,U-DEC,None,3,MarQuel Mederos,Landon Quinones
Thomas Petersen,Jamal Pogues,2/3/24,"Las Vegas, Nevada, USA",Blue,Heavyweight,U-DEC,None,3,Jamal Pogues,Thomas Petersen
Sean Strickland,Dricus Du Plessis,1/20/24,"Toronto, Ontario, Canada",Blue,Middleweight,S-DEC,None,5,Dricus Du Plessis,Sean Strickland
Raquel Pennington,Mayra Bueno Silva,1/20/24,"Toronto, Ontario, Canada",Red,Women's Bantamweight,U-DEC,None,5,Raquel Pennington,Mayra Bueno Silva
Neil Magny,Mike Malott,1/20/24,"Toronto, Ontario, Canada",Red,Welterweight,KO/TKO,Punches,3,Neil Magny,Mike Malott
Chris Curtis,Marc-Andre Barriault,1/20/24,"Toronto, Ontario, Canada",Red,Middleweight,S-DEC,None,3,Chris Curtis,Marc-Andre Barriault
Arnold Allen,Movsar Evloev,1/20/24,"Toronto, Ontario, Canada",Blue,Featherweight,U-DEC,None,3,Movsar Evloev,Arnold Allen
Brad Katona,Garrett Armfield,1/20/24,"Toronto, Ontario, Canada",Blue,Bantamweight,U-DEC,None,3,Garrett Armfield,Brad Katona
Charles Jourdain,Sean Woodson,1/20/24,"Toronto, Ontario, Canada",Blue,Featherweight,S-DEC,None,3,Sean Woodson,Charles Jourdain
Serhiy Sidey,Ramon Taveras,1/20/24,"Toronto, Ontario, Canada",Blue,Bantamweight,S-DEC,None,3,Ramon Taveras,Serhiy Sidey
Gillian Robertson,Polyana Viana,1/20/24,"Toronto, Ontario, Canada",Red,Women's Strawweight,KO/TKO,Punches,2,Gillian Robertson,Polyana Viana
Yohan Lainesse,Sam Patterson,1/20/24,"Toronto, Ontario, Canada",Blue,Welterweight,SUB,Rear Naked Choke,1,Sam Patterson,Yohan Lainesse
Jasmine Jasudavicius,Priscila Cachoeira,1/20/24,"Toronto, Ontario, Canada",Red,Women's Bantamweight,SUB,Anaconda Choke,3,Jasmine Jasudavicius,Priscila Cachoeira
Malcolm Gordon,Jimmy Flick,1/20/24,"Toronto, Ontario, Canada",Blue,Flyweight,SUB,Arm Triangle,2,Jimmy Flick,Malcolm Gordon
Magomed Ankalaev,Johnny Walker,1/13/24,"Las Vegas, Nevada, USA",Red,Light Heavyweight,KO/TKO,Punch,2,Magomed Ankalaev,Johnny Walker
Jim Miller,Gabriel Benitez,1/13/24,"Las Vegas, Nevada, USA",Red,Lightweight,SUB,Neck Crank,3,Jim Miller,Gabriel Benitez
Ricky Simon,Mario Bautista,1/13/24,"Las Vegas, Nevada, USA",Blue,Bantamweight,U-DEC,None,3,Mario Bautista,Ricky Simon
Phil Hawes,Brunno Ferreira,1/13/24,"Las Vegas, Nevada, USA",Blue,Middleweight,KO/TKO,Punch,1,Brunno Ferreira,Phil Hawes
Andrei Arlovski,Waldo Cortes-Acosta,1/13/24,"Las Vegas, Nevada, USA",Blue,Heavyweight,U-DEC,None,3,Waldo Cortes-Acosta,Andrei Arlovski
Matthew Semelsberger,Preston Parsons,1/13/24,"Las Vegas, Nevada, USA",Blue,Welterweight,U-DEC,None,3,Preston Parsons,Matthew Semelsberger
Marcus McGhee,Gaston Bolanos,1/13/24,"Las Vegas, Nevada, USA",Red,Bantamweight,KO/TKO,Punches,2,Marcus McGhee,Gaston Bolanos
Farid Basharat,Taylor Lapilus,1/13/24,"Las Vegas, Nevada, USA",Red,Bantamweight,U-DEC,None,3,Farid Basharat,Taylor Lapilus
Westin Wilson,Jean Silva,1/13/24,"Las Vegas, Nevada, USA",Blue,Featherweight,KO/TKO,Punch,1,Jean Silva,Westin Wilson
Nikolas Motta,Tom Nolan,1/13/24,"Las Vegas, Nevada, USA",Red,Lightweight,KO/TKO,Punches,1,Nikolas Motta,Tom Nolan
Joshua Van,Felipe Bunes,1/13/24,"Las Vegas, Nevada, USA",Red,Flyweight,KO/TKO,Punches,2,Joshua Van,Felipe Bunes
Leon Edwards,Colby Covington,12/16/23,"Las Vegas, Nevada, USA",Red,Welterweight,U-DEC,None,5,Leon Edwards,Colby Covington
Alexandre Pantoja,Brandon Royval,12/16/23,"Las Vegas, Nevada, USA",Red,Flyweight,U-DEC,None,5,Alexandre Pantoja,Brandon Royval
Shavkat Rakhmonov,Stephen Thompson,12/16/23,"Las Vegas, Nevada, USA",Red,Welterweight,SUB,Rear Naked Choke,2,Shavkat Rakhmonov,Stephen Thompson
Tony Ferguson,Paddy Pimblett,12/16/23,"Las Vegas, Nevada, USA",Blue,Lightweight,U-DEC,None,3,Paddy Pimblett,Tony Ferguson
Josh Emmett,Bryce Mitchell,12/16/23,"Las Vegas, Nevada, USA",Red,Featherweight,KO/TKO,Punch,1,Josh Emmett,Bryce Mitchell
Alonzo Menifield,Dustin Jacoby,12/16/23,"Las Vegas, Nevada, USA",Red,Light Heavyweight,U-DEC,None,3,Alonzo Menifield,Dustin Jacoby
Irene Aldana,Karol Rosa,12/16/23,"Las Vegas, Nevada, USA",Red,Women's Bantamweight,U-DEC,None,3,Irene Aldana,Karol Rosa
Cody Garbrandt,Brian Kelleher,12/16/23,"Las Vegas, Nevada, USA",Red,Bantamweight,KO/TKO,Punch,1,Cody Garbrandt,Brian Kelleher
Casey O'Neill,Ariane da Silva,12/16/23,"Las Vegas, Nevada, USA",Blue,Women's Flyweight,SUB,Armbar,2,Ariane da Silva,Casey O'Neill
Tagir Ulanbekov,Cody Durden,12/16/23,"Las Vegas, Nevada, USA",Red,Flyweight,SUB,Rear Naked Choke,2,Tagir Ulanbekov,Cody Durden
Andre Fili,Lucas Almeida,12/16/23,"Las Vegas, Nevada, USA",Red,Featherweight,KO/TKO,Punch,1,Andre Fili,Lucas Almeida
Martin Buday,Shamil Gaziev,12/16/23,"Las Vegas, Nevada, USA",Blue,Heavyweight,KO/TKO,Punches,2,Shamil Gaziev,Martin Buday
Song Yadong,Chris Gutierrez,12/9/23,"Las Vegas, Nevada, USA",Red,Bantamweight,U-DEC,None,5,Song Yadong,Chris Gutierrez
Anthony Smith,Khalil Rountree Jr.,12/9/23,"Las Vegas, Nevada, USA",Blue,Light Heavyweight,KO/TKO,Punch,3,Khalil Rountree Jr.,Anthony Smith
Nasrat Haqparast,Jamie Mullarkey,12/9/23,"Las Vegas, Nevada, USA",Red,Lightweight,KO/TKO,Punches,1,Nasrat Haqparast,Jamie Mullarkey
Tim Elliott,Sumudaerji,12/9/23,"Las Vegas, Nevada, USA",Red,Bantamweight,SUB,Arm Triangle,1,Tim Elliott,Sumudaerji
JunYong Park,Andre Muniz,12/9/23,"Las Vegas, Nevada, USA",Blue,Middleweight,S-DEC,None,3,Andre Muniz,JunYong Park
Song Kenan,Kevin Jousset,12/9/23,"Las Vegas, Nevada, USA",Blue,Welterweight,U-DEC,None,3,Kevin Jousset,Song Kenan
HyunSung Park,Shannon Ross,12/9/23,"Las Vegas, Nevada, USA",Red,Flyweight,KO/TKO,Punch,2,HyunSung Park,Shannon Ross
Steve Garcia,Melquizael Costa,12/9/23,"Las Vegas, Nevada, USA",Red,Lightweight,KO/TKO,Elbows,2,Steve Garcia,Melquizael Costa
Luana Santos,Stephanie Egger,12/9/23,"Las Vegas, Nevada, USA",Red,Women's Bantamweight,U-DEC,None,3,Luana Santos,Stephanie Egger
Tatsuro Taira,Carlos Hernandez,12/9/23,"Las Vegas, Nevada, USA",Red,Flyweight,KO/TKO,Punches,2,Tatsuro Taira,Carlos Hernandez
Rayanne dos Santos,Talita Alencar,12/9/23,"Las Vegas, Nevada, USA",Blue,Women's Strawweight,S-DEC,None,3,Talita Alencar,Rayanne dos Santos
Beneil Dariush,Arman Tsarukyan,12/2/23,"Austin, Texas, USA",Blue,Lightweight,KO/TKO,Punch,1,Arman Tsarukyan,Beneil Dariush
Jalin Turner,King Green,12/2/23,"Austin, Texas, USA",Red,Lightweight,KO/TKO,Punches,1,Jalin Turner,King Green
Rob Font,Deiveson Figueiredo,12/2/23,"Austin, Texas, USA",Blue,Bantamweight,U-DEC,None,3,Deiveson Figueiredo,Rob Font
Sean Brady,Kelvin Gastelum,12/2/23,"Austin, Texas, USA",Red,Welterweight,SUB,Kimura,3,Sean Brady,Kelvin Gastelum
Clay Guida,Joaquim Silva,12/2/23,"Austin, Texas, USA",Blue,Lightweight,U-DEC,None,3,Joaquim Silva,Clay Guida
Punahele Soriano,Dustin Stoltzfus,12/2/23,"Austin, Texas, USA",Blue,Middleweight,SUB,Rear Naked Choke,2,Dustin Stoltzfus,Punahele Soriano
Miesha Tate,Julia Avila,12/2/23,"Austin, Texas, USA",Red,Women's Bantamweight,SUB,Rear Naked Choke,3,Miesha Tate,Julia Avila
Zachary Reese,Cody Brundage,12/2/23,"Austin, Texas, USA",Blue,Middleweight,KO/TKO,Slam,1,Cody Brundage,Zachary Reese
Drakkar Klose,Joe Solecki,12/2/23,"Austin, Texas, USA",Red,Lightweight,KO/TKO,Slam,1,Drakkar Klose,Joe Solecki
Rodolfo Bellato,Ihor Potieria,12/2/23,"Austin, Texas, USA",Red,Light Heavyweight,KO/TKO,Punches,2,Rodolfo Bellato,Ihor Potieria
Wellington Turman,Jared Gooden,12/2/23,"Austin, Texas, USA",Blue,Welterweight,SUB,Rear Naked Choke,2,Jared Gooden,Wellington Turman
Veronica Hardy,Jamey-Lyn Horth,12/2/23,"Austin, Texas, USA",Red,Women's Flyweight,S-DEC,None,3,Veronica Hardy,Jamey-Lyn Horth
Brendan Allen,Paul Craig,11/18/23,"Las Vegas, Nevada, USA",Red,Middleweight,SUB,Rear Naked Choke,3,Brendan Allen,Paul Craig
Michael Morales,Jake Matthews,11/18/23,"Las Vegas, Nevada, USA",Red,Welterweight,U-DEC,None,3,Michael Morales,Jake Matthews
Chase Hooper,Jordan Leavitt,11/18/23,"Las Vegas, Nevada, USA",Red,Lightweight,SUB,Rear Naked Choke,1,Chase Hooper,Jordan Leavitt
Payton Talbott,Nick Aguirre,11/18/23,"Las Vegas, Nevada, USA",Red,Bantamweight,SUB,Rear Naked Choke,3,Payton Talbott,Nick Aguirre
Luana Pinheiro,Amanda Ribas,11/18/23,"Las Vegas, Nevada, USA",Blue,Women's Strawweight,KO/TKO,Punches,3,Amanda Ribas,Luana Pinheiro
Uros Medic,Myktybek Orolbai,11/18/23,"Las Vegas, Nevada, USA",Blue,Welterweight,SUB,Neck Crank,2,Myktybek Orolbai,Uros Medic
Jonathan Pearce,Joanderson Brito,11/18/23,"Las Vegas, Nevada, USA",Blue,Featherweight,SUB,Guillotine Choke,2,Joanderson Brito,Jonathan Pearce
Chad Anheliger,Jose Johnson,11/18/23,"Las Vegas, Nevada, USA",Blue,Bantamweight,SUB,Rear Naked Choke,3,Jose Johnson,Chad Anheliger
Christian Leroy Duncan,Denis Tiuliulin,11/18/23,"Las Vegas, Nevada, USA",Red,Middleweight,KO/TKO,Punches,2,Christian Leroy Duncan,Denis Tiuliulin
Mick Parkin,Caio Machado,11/18/23,"Las Vegas, Nevada, USA",Red,Heavyweight,U-DEC,None,3,Mick Parkin,Caio Machado
Jeka Saragih,Lucas Alexander,11/18/23,"Las Vegas, Nevada, USA",Red,Featherweight,KO/TKO,Punch,1,Jeka Saragih,Lucas Alexander
Lucie Pudilova,Ailin Perez,11/18/23,"Las Vegas, Nevada, USA",Blue,Women's Bantamweight,U-DEC,None,3,Ailin Perez,Lucie Pudilova
Charles Johnson,Rafael Estevam,11/18/23,"Las Vegas, Nevada, USA",Blue,Flyweight,U-DEC,None,3,Rafael Estevam,Charles Johnson
Jiri Prochazka,Alex Pereira,11/11/23,"New York City, New York, USA",Blue,Light Heavyweight,KO/TKO,Elbows,2,Alex Pereira,Jiri Prochazka
Sergei Pavlovich,Tom Aspinall,11/11/23,"New York City, New York, USA",Blue,Heavyweight,KO/TKO,Punch,1,Tom Aspinall,Sergei Pavlovich
Jessica Andrade,Mackenzie Dern,11/11/23,"New York City, New York, USA",Red,Women's Strawweight,KO/TKO,Punch,2,Jessica Andrade,Mackenzie Dern
Matt Frevola,Benoit Saint Denis,11/11/23,"New York City, New York, USA",Blue,Lightweight,KO/TKO,Kick,1,Benoit Saint Denis,Matt Frevola
Diego Lopes,Pat Sabatini,11/11/23,"New York City, New York, USA",Red,Featherweight,KO/TKO,Punches,1,Diego Lopes,Pat Sabatini
Steve Erceg,Alessandro Costa,11/11/23,"New York City, New York, USA",Red,Flyweight,U-DEC,None,3,Steve Erceg,Alessandro Costa
Tabatha Ricci,Loopy Godinez,11/11/23,"New York City, New York, USA",Blue,Women's Strawweight,S-DEC,None,3,Loopy Godinez,Tabatha Ricci
Mateusz Rebecki,Roosevelt Roberts,11/11/23,"New York City, New York, USA",Red,Lightweight,SUB,Armbar,1,Mateusz Rebecki,Roosevelt Roberts
Jared Gordon,Mark Madsen,11/11/23,"New York City, New York, USA",Red,Lightweight,KO/TKO,Punch,1,Jared Gordon,Mark Madsen
John Castaneda,Kyung Ho Kang,11/11/23,"New York City, New York, USA",Red,Catch Weight,U-DEC,None,3,John Castaneda,Kyung Ho Kang
Joshua Van,Kevin Borjas,11/11/23,"New York City, New York, USA",Red,Flyweight,U-DEC,None,3,Joshua Van,Kevin Borjas
Dennis Buzukja,Jamall Emmers,11/11/23,"New York City, New York, USA",Blue,Featherweight,KO/TKO,Punch,1,Jamall Emmers,Dennis Buzukja
Jailton Almeida,Derrick Lewis,11/4/23,"Sao Paulo, Sao Paulo, Brazil",Red,Heavyweight,U-DEC,None,5,Jailton Almeida,Derrick Lewis
Gabriel Bonfim,Nicolas Dalby,11/4/23,"Sao Paulo, Sao Paulo, Brazil",Blue,Welterweight,KO/TKO,Knees,2,Nicolas Dalby,Gabriel Bonfim
Rodrigo Nascimento,Don'Tale Mayes,11/4/23,"Sao Paulo, Sao Paulo, Brazil",Red,Heavyweight,U-DEC,None,3,Rodrigo Nascimento,Don'Tale Mayes
Caio Borralho,Abus Magomedov,11/4/23,"Sao Paulo, Sao Paulo, Brazil",Red,Middleweight,U-DEC,None,3,Caio Borralho,Abus Magomedov
Elves Brener,Kaynan Kruschewsky,11/4/23,"Sao Paulo, Sao Paulo, Brazil",Red,Catch Weight,KO/TKO,Punch,1,Elves Brener,Kaynan Kruschewsky
Vitor Petrino,Modestas Bukauskas,11/4/23,"Sao Paulo, Sao Paulo, Brazil",Red,Light Heavyweight,KO/TKO,Punch,2,Vitor Petrino,Modestas Bukauskas
Angela Hill,Denise Gomes,11/4/23,"Sao Paulo, Sao Paulo, Brazil",Red,Women's Strawweight,U-DEC,None,3,Angela Hill,Denise Gomes
Eduarda Moura,Montserrat Conejo Ruiz,11/4/23,"Sao Paulo, Sao Paulo, Brazil",Red,Women's Strawweight,KO/TKO,Punches,2,Eduarda Moura,Montserrat Conejo Ruiz
Kaue Fernandes,Marc Diakiese,11/4/23,"Sao Paulo, Sao Paulo, Brazil",Blue,Lightweight,S-DEC,None,3,Marc Diakiese,Kaue Fernandes
Islam Makhachev,Alexander Volkanovski,10/21/23,"Abu Dhabi, Abu Dhabi, United Arab Emirates",Red,Lightweight,KO/TKO,Kick,1,Islam Makhachev,Alexander Volkanovski
Kamaru Usman,Khamzat Chimaev,10/21/23,"Abu Dhabi, Abu Dhabi, United Arab Emirates",Blue,Middleweight,M-DEC,None,3,Khamzat Chimaev,Kamaru Usman
Ikram Aliskerov,Warlley Alves,10/21/23,"Abu Dhabi, Abu Dhabi, United Arab Emirates",Red,Middleweight,KO/TKO,Punches,1,Ikram Aliskerov,Warlley Alves
Said Nurmagomedov,Muin Gafurov,10/21/23,"Abu Dhabi, Abu Dhabi, United Arab Emirates",Red,Bantamweight,SUB,Guillotine Choke,1,Said Nurmagomedov,Muin Gafurov
Tim Elliott,Muhammad Mokaev,10/21/23,"Abu Dhabi, Abu Dhabi, United Arab Emirates",Blue,Flyweight,SUB,Arm Triangle,3,Muhammad Mokaev,Tim Elliott
Mohammad Yahya,Trevor Peek,10/21/23,"Abu Dhabi, Abu Dhabi, United Arab Emirates",Blue,Lightweight,U-DEC,None,3,Trevor Peek,Mohammad Yahya
Abu Azaitar,Sedriques Dumas,10/21/23,"Abu Dhabi, Abu Dhabi, United Arab Emirates",Blue,Middleweight,U-DEC,None,3,Sedriques Dumas,Abu Azaitar
Mike Breeden,Anshul Jubli,10/21/23,"Abu Dhabi, Abu Dhabi, United Arab Emirates",Red,Lightweight,KO/TKO,Punch,3,Mike Breeden,Anshul Jubli
Nathaniel Wood,Muhammad Naimov,10/21/23,"Abu Dhabi, Abu Dhabi, United Arab Emirates",Blue,Featherweight,U-DEC,None,3,Muhammad Naimov,Nathaniel Wood
Viktoriia Dudakova,Jinh Yu Frey,10/21/23,"Abu Dhabi, Abu Dhabi, United Arab Emirates",Red,Women's Strawweight,U-DEC,None,3,Viktoriia Dudakova,Jinh Yu Frey
Shara Magomedov,Bruno Silva,10/21/23,"Abu Dhabi, Abu Dhabi, United Arab Emirates",Red,Middleweight,U-DEC,None,3,Shara Magomedov,Bruno Silva
Sodiq Yusuff,Edson Barboza,10/14/23,"Las Vegas, Nevada, USA",Blue,Featherweight,U-DEC,None,5,Edson Barboza,Sodiq Yusuff
Jennifer Maia,Viviane Araujo,10/14/23,"Las Vegas, Nevada, USA",Blue,Women's Flyweight,U-DEC,None,3,Viviane Araujo,Jennifer Maia
Jonathan Martinez,Adrian Yanez,10/14/23,"Las Vegas, Nevada, USA",Red,Bantamweight,KO/TKO,Kicks,2,Jonathan Martinez,Adrian Yanez
Andre Petroski,Michel Pereira,10/14/23,"Las Vegas, Nevada, USA",Blue,Middleweight,KO/TKO,Punch,1,Michel Pereira,Andre Petroski
Christian Rodriguez,Cameron Saaiman,10/14/23,"Las Vegas, Nevada, USA",Red,Bantamweight,U-DEC,None,3,Christian Rodriguez,Cameron Saaiman
Darren Elkins,TJ Brown,10/14/23,"Las Vegas, Nevada, USA",Red,Featherweight,SUB,Rear Naked Choke,3,Darren Elkins,TJ Brown
Tainara Lisboa,Ravena Oliveira,10/14/23,"Las Vegas, Nevada, USA",Red,Women's Bantamweight,U-DEC,None,3,Tainara Lisboa,Ravena Oliveira
Terrance McKinney,Brendon Marotte,10/14/23,"Las Vegas, Nevada, USA",Red,Lightweight,KO/TKO,Knee,1,Terrance McKinney,Brendon Marotte
Irina Alekseeva,Melissa Mullins,10/14/23,"Las Vegas, Nevada, USA",Blue,Women's Bantamweight,U-DEC,None,3,Melissa Mullins,Irina Alekseeva
Chris Gutierrez,Alatengheili,10/14/23,"Las Vegas, Nevada, USA",Red,Bantamweight,U-DEC,None,3,Chris Gutierrez,Alatengheili
Ashley Yoder,Emily Ducote,10/14/23,"Las Vegas, Nevada, USA",Blue,Women's Strawweight,U-DEC,None,3,Emily Ducote,Ashley Yoder
Grant Dawson,King Green,10/7/23,"Las Vegas, Nevada, USA",Blue,Lightweight,KO/TKO,Punch,1,King Green,Grant Dawson
Joe Pyfer,Abdul Razak Alhassan,10/7/23,"Las Vegas, Nevada, USA",Red,Middleweight,SUB,Arm Triangle,2,Joe Pyfer,Abdul Razak Alhassan
Alex Morono,Joaquin Buckley,10/7/23,"Las Vegas, Nevada, USA",Blue,Welterweight,U-DEC,None,3,Joaquin Buckley,Alex Morono
Drew Dober,Ricky Glenn,10/7/23,"Las Vegas, Nevada, USA",Red,Lightweight,KO/TKO,Punches,1,Drew Dober,Ricky Glenn
Alexander Hernandez,Bill Algeo,10/7/23,"Las Vegas, Nevada, USA",Blue,Featherweight,U-DEC,None,3,Bill Algeo,Alexander Hernandez
Karolina Kowalkiewicz,Diana Belbita,10/7/23,"Las Vegas, Nevada, USA",Red,Women's Strawweight,U-DEC,None,3,Karolina Kowalkiewicz,Diana Belbita
Nate Maness,Mateus Mendonca,10/7/23,"Las Vegas, Nevada, USA",Red,Flyweight,KO/TKO,Punches,1,Nate Maness,Mateus Mendonca
Vanessa Demopoulos,Kanako Murata,10/7/23,"Las Vegas, Nevada, USA",Red,Women's Strawweight,U-DEC,None,3,Vanessa Demopoulos,Kanako Murata
Aoriqileng,Johnny Munoz,10/7/23,"Las Vegas, Nevada, USA",Red,Bantamweight,U-DEC,None,3,Aoriqileng,Johnny Munoz
Montana De La Rosa,JJ Aldrich,10/7/23,"Las Vegas, Nevada, USA",Blue,Women's Flyweight,U-DEC,None,3,JJ Aldrich,Montana De La Rosa
Rafael Fiziev,Mateusz Gamrot,9/23/23,"Las Vegas, Nevada, USA",Blue,Lightweight,KO/TKO,None,2,Mateusz Gamrot,Rafael Fiziev
Bryce Mitchell,Dan Ige,9/23/23,"Las Vegas, Nevada, USA",Red,Featherweight,U-DEC,None,3,Bryce Mitchell,Dan Ige
Marina Rodriguez,Michelle Waterson-Gomez,9/23/23,"Las Vegas, Nevada, USA",Red,Women's Strawweight,KO/TKO,Punches,2,Marina Rodriguez,Michelle Waterson-Gomez
Bryan Battle,AJ Fletcher,9/23/23,"Las Vegas, Nevada, USA",Red,Welterweight,SUB,Rear Naked Choke,2,Bryan Battle,AJ Fletcher
Ricardo Ramos,Charles Jourdain,9/23/23,"Las Vegas, Nevada, USA",Blue,Featherweight,SUB,Guillotine Choke,1,Charles Jourdain,Ricardo Ramos
Tim Means,Andre Fialho,9/23/23,"Las Vegas, Nevada, USA",Red,Welterweight,KO/TKO,Punches,3,Tim Means,Andre Fialho
Jacob Malkoun,Cody Brundage,9/23/23,"Las Vegas, Nevada, USA",Blue,Middleweight,DQ,None,1,Cody Brundage,Jacob Malkoun
Mohammed Usman,Jake Collier,9/23/23,"Las Vegas, Nevada, USA",Red,Heavyweight,U-DEC,None,3,Mohammed Usman,Jake Collier
Mizuki,Hannah Goldy,9/23/23,"Las Vegas, Nevada, USA",Red,Women's Strawweight,U-DEC,None,3,Mizuki,Hannah Goldy
Tamires Vidal,Montserrat Rendon,9/23/23,"Las Vegas, Nevada, USA",Blue,Women's Bantamweight,S-DEC,None,3,Montserrat Rendon,Tamires Vidal
Kevin Holland,Jack Della Maddalena,9/16/23,"Las Vegas, Nevada, USA",Blue,Welterweight,S-DEC,None,3,Jack Della Maddalena,Kevin Holland
Raul Rosas Jr.,Terrence Mitchell,9/16/23,"Las Vegas, Nevada, USA",Red,Bantamweight,KO/TKO,Punches,1,Raul Rosas Jr.,Terrence Mitchell
Daniel Zellhuber,Christos Giagos,9/16/23,"Las Vegas, Nevada, USA",Red,Lightweight,SUB,Anaconda Choke,2,Daniel Zellhuber,Christos Giagos
Fernando Padilla,Kyle Nelson,9/16/23,"Las Vegas, Nevada, USA",Blue,Featherweight,U-DEC,None,3,Kyle Nelson,Fernando Padilla
Loopy Godinez,Elise Reed,9/16/23,"Las Vegas, Nevada, USA",Red,Women's Strawweight,SUB,Rear Naked Choke,2,Loopy Godinez,Elise Reed
Roman Kopylov,Josh Fremd,9/16/23,"Las Vegas, Nevada, USA",Red,Middleweight,KO/TKO,Punch,2,Roman Kopylov,Josh Fremd
Tracy Cortez,Jasmine Jasudavicius,9/16/23,"Las Vegas, Nevada, USA",Red,Women's Flyweight,U-DEC,None,3,Tracy Cortez,Jasmine Jasudavicius
Alex Reyes,Charlie Campbell,9/16/23,"Las Vegas, Nevada, USA",Blue,Lightweight,KO/TKO,Punches,1,Charlie Campbell,Alex Reyes
Josefine Knutsson,Marnic Mann,9/16/23,"Las Vegas, Nevada, USA",Red,Women's Strawweight,U-DEC,None,3,Josefine Knutsson,Marnic Mann
Israel Adesanya,Sean Strickland,9/9/23,"Sydney, New South Wales, Australia",Blue,Middleweight,U-DEC,None,5,Sean Strickland,Israel Adesanya
Tai Tuivasa,Alexander Volkov,9/9/23,"Sydney, New South Wales, Australia",Blue,Heavyweight,SUB,Ezekiel Choke,2,Alexander Volkov,Tai Tuivasa
Manel Kape,Felipe dos Santos,9/9/23,"Sydney, New South Wales, Australia",Red,Flyweight,U-DEC,None,3,Manel Kape,Felipe dos Santos
Justin Tafa,Austen Lane,9/9/23,"Sydney, New South Wales, Australia",Red,Heavyweight,KO/TKO,Punch,1,Justin Tafa,Austen Lane
Tyson Pedro,Anton Turkalj,9/9/23,"Sydney, New South Wales, Australia",Red,Light Heavyweight,KO/TKO,Punch,1,Tyson Pedro,Anton Turkalj
Carlos Ulberg,Da Woon Jung,9/9/23,"Sydney, New South Wales, Australia",Red,Light Heavyweight,SUB,Rear Naked Choke,3,Carlos Ulberg,Da Woon Jung
Jack Jenkins,Chepe Mariscal,9/9/23,"Sydney, New South Wales, Australia",Blue,Featherweight,KO/TKO,None,2,Chepe Mariscal,Jack Jenkins
Jamie Mullarkey,John Makdessi,9/9/23,"Sydney, New South Wales, Australia",Red,Lightweight,U-DEC,None,3,Jamie Mullarkey,John Makdessi
Nasrat Haqparast,Landon Quinones,9/9/23,"Sydney, New South Wales, Australia",Red,Lightweight,U-DEC,None,3,Nasrat Haqparast,Landon Quinones
Blood Diamond,Charles Radtke,9/9/23,"Sydney, New South Wales, Australia",Blue,Welterweight,U-DEC,None,3,Charles Radtke,Blood Diamond
Shane Young,Gabriel Miranda,9/9/23,"Sydney, New South Wales, Australia",Blue,Featherweight,SUB,Rear Naked Choke,1,Gabriel Miranda,Shane Young
Kevin Jousset,Kiefer Crosbie,9/9/23,"Sydney, New South Wales, Australia",Red,Welterweight,SUB,Rear Naked Choke,1,Kevin Jousset,Kiefer Crosbie
Ciryl Gane,Serghei Spivac,9/2/23,"Paris, Ile-de-France, France",Red,Heavyweight,KO/TKO,Punches,2,Ciryl Gane,Serghei Spivac
Manon Fiorot,Rose Namajunas,9/2/23,"Paris, Ile-de-France, France",Red,Women's Flyweight,U-DEC,None,3,Manon Fiorot,Rose Namajunas
Benoit Saint Denis,Thiago Moises,9/2/23,"Paris, Ile-de-France, France",Red,Lightweight,KO/TKO,Punches,2,Benoit Saint Denis,Thiago Moises
Volkan Oezdemir,Bogdan Guskov,9/2/23,"Paris, Ile-de-France, France",Red,Light Heavyweight,SUB,Rear Naked Choke,1,Volkan Oezdemir,Bogdan Guskov
William Gomis,Yanis Ghemmouri,9/2/23,"Paris, Ile-de-France, France",Red,Featherweight,KO/TKO,Kick,3,William Gomis,Yanis Ghemmouri
Morgan Charriere,Manolo Zecchini,9/2/23,"Paris, Ile-de-France, France",Red,Featherweight,KO/TKO,Kicks,1,Morgan Charriere,Manolo Zecchini
Taylor Lapilus,Caolan Loughran,9/2/23,"Paris, Ile-de-France, France",Red,Bantamweight,U-DEC,None,3,Taylor Lapilus,Caolan Loughran
Ange Loosa,Rhys McKee,9/2/23,"Paris, Ile-de-France, France",Red,Welterweight,U-DEC,None,3,Ange Loosa,Rhys McKee
Nora Cornolle,Joselyne Edwards,9/2/23,"Paris, Ile-de-France, France",Red,Women's Bantamweight,U-DEC,None,3,Nora Cornolle,Joselyne Edwards
Farid Basharat,Kleydson Rodrigues,9/2/23,"Paris, Ile-de-France, France",Red,Bantamweight,SUB,Arm Triangle,1,Farid Basharat,Kleydson Rodrigues
Zarah Fairn,Jacqueline Cavalcanti,9/2/23,"Paris, Ile-de-France, France",Blue,Catch Weight,U-DEC,None,3,Jacqueline Cavalcanti,Zarah Fairn
Max Holloway,Chan Sung Jung,8/26/23,"Kallang, Singapore",Red,Featherweight,KO/TKO,Punch,3,Max Holloway,Chan Sung Jung
Anthony Smith,Ryan Spann,8/26/23,"Kallang, Singapore",Red,Light Heavyweight,S-DEC,None,3,Anthony Smith,Ryan Spann
Giga Chikadze,Alex Caceres,8/26/23,"Kallang, Singapore",Red,Featherweight,U-DEC,None,3,Giga Chikadze,Alex Caceres
Rinya Nakamura,Fernie Garcia,8/26/23,"Kallang, Singapore",Red,Bantamweight,U-DEC,None,3,Rinya Nakamura,Fernie Garcia
Erin Blanchfield,Taila Santos,8/26/23,"Kallang, Singapore",Red,Women's Flyweight,U-DEC,None,3,Erin Blanchfield,Taila Santos
Junior Tafa,Parker Porter,8/26/23,"Kallang, Singapore",Red,Heavyweight,KO/TKO,Punch,1,Junior Tafa,Parker Porter
Waldo Cortes-Acosta,Lukasz Brzeski,8/26/23,"Kallang, Singapore",Red,Heavyweight,KO/TKO,Punches,1,Waldo Cortes-Acosta,Lukasz Brzeski
Toshiomi Kazama,Garrett Armfield,8/26/23,"Kallang, Singapore",Blue,Bantamweight,KO/TKO,Punches,1,Garrett Armfield,Toshiomi Kazama
Chidi Njokuani,Michal Oleksiejczuk,8/26/23,"Kallang, Singapore",Blue,Middleweight,KO/TKO,Punches,1,Michal Oleksiejczuk,Chidi Njokuani
Song Kenan,Rolando Bedoya,8/26/23,"Kallang, Singapore",Red,Welterweight,U-DEC,None,3,Song Kenan,Rolando Bedoya
Billy Ray Goff,Yusaku Kinoshita,8/26/23,"Kallang, Singapore",Red,Welterweight,KO/TKO,Punch,1,Billy Ray Goff,Yusaku Kinoshita
Liang Na,JJ Aldrich,8/26/23,"Kallang, Singapore",Blue,Women's Flyweight,KO/TKO,Elbows,2,JJ Aldrich,Liang Na
SeungWoo Choi,Jarno Errens,8/26/23,"Kallang, Singapore",Red,Featherweight,U-DEC,None,3,SeungWoo Choi,Jarno Errens
Aljamain Sterling,Sean O'Malley,8/19/23,"Boston, Massachusetts, USA",Blue,Bantamweight,KO/TKO,Punches,2,Sean O'Malley,Aljamain Sterling
Zhang Weili,Amanda Lemos,8/19/23,"Boston, Massachusetts, USA",Red,Women's Strawweight,U-DEC,None,5,Zhang Weili,Amanda Lemos
Neil Magny,Ian Machado Garry,8/19/23,"Boston, Massachusetts, USA",Blue,Welterweight,U-DEC,None,3,Ian Machado Garry,Neil Magny
Da'Mon Blackshear,Mario Bautista,8/19/23,"Boston, Massachusetts, USA",Blue,Bantamweight,U-DEC,None,3,Mario Bautista,Da'Mon Blackshear
Marlon Vera,Pedro Munhoz,8/19/23,"Boston, Massachusetts, USA",Red,Bantamweight,U-DEC,None,3,Marlon Vera,Pedro Munhoz
Chris Weidman,Brad Tavares,8/19/23,"Boston, Massachusetts, USA",Blue,Middleweight,U-DEC,None,3,Brad Tavares,Chris Weidman
Gregory Rodrigues,Denis Tiuliulin,8/19/23,"Boston, Massachusetts, USA",Red,Middleweight,KO/TKO,Elbows,1,Gregory Rodrigues,Denis Tiuliulin
Kurt Holobaugh,Austin Hubbard,8/19/23,"Boston, Massachusetts, USA",Red,Lightweight,SUB,Triangle Choke,2,Kurt Holobaugh,Austin Hubbard
Brad Katona,Cody Gibson,8/19/23,"Boston, Massachusetts, USA",Red,Bantamweight,U-DEC,None,3,Brad Katona,Cody Gibson
Andre Petroski,Gerald Meerschaert,8/19/23,"Boston, Massachusetts, USA",Red,Middleweight,S-DEC,None,3,Andre Petroski,Gerald Meerschaert
Andrea Lee,Natalia Silva,8/19/23,"Boston, Massachusetts, USA",Blue,Women's Flyweight,U-DEC,None,3,Natalia Silva,Andrea Lee
Karine Silva,Maryna Moroz,8/19/23,"Boston, Massachusetts, USA",Red,Women's Flyweight,SUB,Guillotine Choke,1,Karine Silva,Maryna Moroz
Vicente Luque,Rafael Dos Anjos,8/12/23,"Las Vegas, Nevada, USA",Red,Welterweight,U-DEC,None,5,Vicente Luque,Rafael Dos Anjos
Cub Swanson,Hakeem Dawodu,8/12/23,"Las Vegas, Nevada, USA",Red,Featherweight,U-DEC,None,3,Cub Swanson,Hakeem Dawodu
Khalil Rountree Jr.,Chris Daukaus,8/12/23,"Las Vegas, Nevada, USA",Red,Light Heavyweight,KO/TKO,Punch,1,Khalil Rountree Jr.,Chris Daukaus
Polyana Viana,Iasmin Lucindo,8/12/23,"Las Vegas, Nevada, USA",Blue,Women's Strawweight,SUB,Arm Triangle,2,Iasmin Lucindo,Polyana Viana
AJ Dobson,Tafon Nchukwi,8/12/23,"Las Vegas, Nevada, USA",Red,Middleweight,U-DEC,None,3,AJ Dobson,Tafon Nchukwi
Josh Fremd,Jamie Pickett,8/12/23,"Las Vegas, Nevada, USA",Red,Middleweight,U-DEC,None,3,Josh Fremd,Jamie Pickett
JP Buys,Marcus McGhee,8/12/23,"Las Vegas, Nevada, USA",Blue,Bantamweight,KO/TKO,Punch,1,Marcus McGhee,JP Buys
Terrance McKinney,Mike Breeden,8/12/23,"Las Vegas, Nevada, USA",Red,Lightweight,KO/TKO,Punches,1,Terrance McKinney,Mike Breeden
Francis Marshall,Isaac Dulgarian,8/12/23,"Las Vegas, Nevada, USA",Blue,Featherweight,KO/TKO,Elbows,1,Isaac Dulgarian,Francis Marshall
Josh Parisian,Martin Buday,8/12/23,"Las Vegas, Nevada, USA",Blue,Heavyweight,SUB,Kimura,1,Martin Buday,Josh Parisian
Jaqueline Amorim,Montserrat Conejo Ruiz,8/12/23,"Las Vegas, Nevada, USA",Red,Women's Strawweight,KO/TKO,Punches,3,Jaqueline Amorim,Montserrat Conejo Ruiz
Da'Mon Blackshear,Jose Johnson,8/12/23,"Las Vegas, Nevada, USA",Red,Bantamweight,SUB,Twister,1,Da'Mon Blackshear,Jose Johnson
Juliana Miller,Luana Santos,8/12/23,"Las Vegas, Nevada, USA",Blue,Women's Flyweight,KO/TKO,Punches,1,Luana Santos,Juliana Miller
Cory Sandhagen,Rob Font,8/5/23,"Nashville, Tennessee, USA",Red,Catch Weight,U-DEC,None,5,Cory Sandhagen,Rob Font
Jessica Andrade,Tatiana Suarez,8/5/23,"Nashville, Tennessee, USA",Blue,Women's Strawweight,SUB,Guillotine Choke,2,Tatiana Suarez,Jessica Andrade
Dustin Jacoby,Kennedy Nzechukwu,8/5/23,"Nashville, Tennessee, USA",Red,Light Heavyweight,KO/TKO,Punch,1,Dustin Jacoby,Kennedy Nzechukwu
Diego Lopes,Gavin Tucker,8/5/23,"Nashville, Tennessee, USA",Red,Featherweight,SUB,Triangle Armbar,1,Diego Lopes,Gavin Tucker
Tanner Boser,Aleksa Camur,8/5/23,"Nashville, Tennessee, USA",Red,Light Heavyweight,U-DEC,None,3,Tanner Boser,Aleksa Camur
Ignacio Bahamondes,Ludovit Klein,8/5/23,"Nashville, Tennessee, USA",Blue,Lightweight,U-DEC,None,3,Ludovit Klein,Ignacio Bahamondes
Kyler Phillips,Raoni Barcelos,8/5/23,"Nashville, Tennessee, USA",Red,Bantamweight,U-DEC,None,3,Kyler Phillips,Raoni Barcelos
Jeremiah Wells,Carlston Harris,8/5/23,"Nashville, Tennessee, USA",Blue,Welterweight,SUB,Anaconda Choke,3,Carlston Harris,Jeremiah Wells
Billy Quarantillo,Damon Jackson,8/5/23,"Nashville, Tennessee, USA",Red,Featherweight,U-DEC,None,3,Billy Quarantillo,Damon Jackson
Cody Durden,Jake Hadley,8/5/23,"Nashville, Tennessee, USA",Red,Flyweight,U-DEC,None,3,Cody Durden,Jake Hadley
Sean Woodson,Dennis Buzukja,8/5/23,"Nashville, Tennessee, USA",Red,Featherweight,U-DEC,None,3,Sean Woodson,Dennis Buzukja
Ode Osbourne,Asu Almabayev,8/5/23,"Nashville, Tennessee, USA",Blue,Flyweight,SUB,Rear Naked Choke,2,Asu Almabayev,Ode Osbourne
Dustin Poirier,Justin Gaethje,7/29/23,"Salt Lake City, Utah, USA",Blue,Lightweight,KO/TKO,Kick,2,Justin Gaethje,Dustin Poirier
Jan Blachowicz,Alex Pereira,7/29/23,"Salt Lake City, Utah, USA",Blue,Light Heavyweight,S-DEC,None,3,Alex Pereira,Jan Blachowicz
Derrick Lewis,Marcos Rogerio de Lima,7/29/23,"Salt Lake City, Utah, USA",Red,Heavyweight,KO/TKO,Punches,1,Derrick Lewis,Marcos Rogerio de Lima
Tony Ferguson,King Green,7/29/23,"Salt Lake City, Utah, USA",Blue,Lightweight,SUB,Arm Triangle,3,King Green,Tony Ferguson
Michael Chiesa,Kevin Holland,7/29/23,"Salt Lake City, Utah, USA",Blue,Welterweight,SUB,D'Arce Choke,1,Kevin Holland,Michael Chiesa
Gabriel Bonfim,Trevin Giles,7/29/23,"Salt Lake City, Utah, USA",Red,Welterweight,SUB,Guillotine Choke,1,Gabriel Bonfim,Trevin Giles
CJ Vergara,Vinicius Salvador,7/29/23,"Salt Lake City, Utah, USA",Red,Flyweight,U-DEC,None,3,CJ Vergara,Vinicius Salvador
Roman Kopylov,Claudio Ribeiro,7/29/23,"Salt Lake City, Utah, USA",Red,Middleweight,KO/TKO,Kick,2,Roman Kopylov,Claudio Ribeiro
Jake Matthews,Darrius Flowers,7/29/23,"Salt Lake City, Utah, USA",Red,Welterweight,SUB,Rear Naked Choke,2,Jake Matthews,Darrius Flowers
Matthew Semelsberger,Uros Medic,7/29/23,"Salt Lake City, Utah, USA",Blue,Welterweight,KO/TKO,Spinning Back Elbow,3,Uros Medic,Matthew Semelsberger
Miranda Maverick,Priscila Cachoeira,7/29/23,"Salt Lake City, Utah, USA",Red,Women's Flyweight,SUB,Armbar,3,Miranda Maverick,Priscila Cachoeira
Tom Aspinall,Marcin Tybura,7/22/23,"London, England, United Kingdom",Red,Heavyweight,KO/TKO,Punch,1,Tom Aspinall,Marcin Tybura
Molly McCann,Julija Stoliarenko,7/22/23,"London, England, United Kingdom",Blue,Women's Flyweight,SUB,Armbar,1,Julija Stoliarenko,Molly McCann
Nathaniel Wood,Andre Fili,7/22/23,"London, England, United Kingdom",Red,Featherweight,U-DEC,None,3,Nathaniel Wood,Andre Fili
Paul Craig,Andre Muniz,7/22/23,"London, England, United Kingdom",Red,Middleweight,KO/TKO,Elbows,2,Paul Craig,Andre Muniz
Jai Herbert,Fares Ziam,7/22/23,"London, England, United Kingdom",Blue,Lightweight,U-DEC,None,3,Fares Ziam,Jai Herbert
Lerone Murphy,Josh Culibao,7/22/23,"London, England, United Kingdom",Red,Featherweight,U-DEC,None,3,Lerone Murphy,Josh Culibao
Davey Grant,Daniel Marcos,7/22/23,"London, England, United Kingdom",Blue,Bantamweight,S-DEC,None,3,Daniel Marcos,Davey Grant
Danny Roberts,Jonny Parsons,7/22/23,"London, England, United Kingdom",Blue,Welterweight,KO/TKO,Punches,2,Jonny Parsons,Danny Roberts
Marc Diakiese,Joel Alvarez,7/22/23,"London, England, United Kingdom",Blue,Lightweight,SUB,D'Arce Choke,2,Joel Alvarez,Marc Diakiese
Mick Parkin,Jamal Pogues,7/22/23,"London, England, United Kingdom",Red,Heavyweight,U-DEC,None,3,Mick Parkin,Jamal Pogues
Makhmud Muradov,Bryan Barberena,7/22/23,"London, England, United Kingdom",Red,Middleweight,U-DEC,None,3,Makhmud Muradov,Bryan Barberena
Ketlen Vieira,Pannie Kianzad,7/22/23,"London, England, United Kingdom",Red,Women's Bantamweight,U-DEC,None,3,Ketlen Vieira,Pannie Kianzad
Chris Duncan,Yanal Ashmouz,7/22/23,"London, England, United Kingdom",Red,Lightweight,U-DEC,None,3,Chris Duncan,Yanal Ashmouz
Shauna Bannon,Bruna Brasil,7/22/23,"London, England, United Kingdom",Blue,Women's Strawweight,U-DEC,None,3,Bruna Brasil,Shauna Bannon
Jafel Filho,Daniel Barez,7/22/23,"London, England, United Kingdom",Red,Flyweight,SUB,Arm Triangle,1,Jafel Filho,Daniel Barez
Jack Della Maddalena,Bassil Hafez,7/15/23,"Las Vegas, Nevada, USA",Red,Welterweight,S-DEC,None,3,Jack Della Maddalena,Bassil Hafez
Ottman Azaitar,Francisco Prado,7/15/23,"Las Vegas, Nevada, USA",Blue,Lightweight,KO/TKO,Punches,1,Francisco Prado,Ottman Azaitar
Albert Duraev,JunYong Park,7/15/23,"Las Vegas, Nevada, USA",Blue,Middleweight,SUB,Rear Naked Choke,2,JunYong Park,Albert Duraev
Norma Dumont,Chelsea Chandler,7/15/23,"Las Vegas, Nevada, USA",Red,Women's Featherweight,U-DEC,None,3,Norma Dumont,Chelsea Chandler
Nazim Sadykhov,Terrance McKinney,7/15/23,"Las Vegas, Nevada, USA",Red,Lightweight,SUB,Rear Naked Choke,2,Nazim Sadykhov,Terrance McKinney
Tucker Lutz,Melsik Baghdasaryan,7/15/23,"Las Vegas, Nevada, USA",Blue,Featherweight,U-DEC,None,3,Melsik Baghdasaryan,Tucker Lutz
Viktoriia Dudakova,Istela Nunes,7/15/23,"Las Vegas, Nevada, USA",Red,Women's Strawweight,KO/TKO,None,1,Viktoriia Dudakova,Istela Nunes
Austin Lingo,Melquizael Costa,7/15/23,"Las Vegas, Nevada, USA",Blue,Featherweight,U-DEC,None,3,Melquizael Costa,Austin Lingo
Evan Elder,Genaro Valdez,7/15/23,"Las Vegas, Nevada, USA",Red,Lightweight,U-DEC,None,3,Evan Elder,Genaro Valdez
Tyson Nam,Azat Maksum,7/15/23,"Las Vegas, Nevada, USA",Blue,Flyweight,S-DEC,None,3,Azat Maksum,Tyson Nam
Alexander Munoz,Carl Deaton,7/15/23,"Las Vegas, Nevada, USA",Red,Lightweight,U-DEC,None,3,Alexander Munoz,Carl Deaton
Ashlee Evans-Smith,Ailin Perez,7/15/23,"Las Vegas, Nevada, USA",Blue,Women's Bantamweight,U-DEC,None,3,Ailin Perez,Ashlee Evans-Smith
Alexander Volkanovski,Yair Rodriguez,7/8/23,"Las Vegas, Nevada, USA",Red,Featherweight,KO/TKO,Punches,3,Alexander Volkanovski,Yair Rodriguez
Brandon Moreno,Alexandre Pantoja,7/8/23,"Las Vegas, Nevada, USA",Blue,Flyweight,S-DEC,None,5,Alexandre Pantoja,Brandon Moreno
Robert Whittaker,Dricus Du Plessis,7/8/23,"Las Vegas, Nevada, USA",Blue,Middleweight,KO/TKO,Punches,2,Dricus Du Plessis,Robert Whittaker
Jalin Turner,Dan Hooker,7/8/23,"Las Vegas, Nevada, USA",Blue,Lightweight,S-DEC,None,3,Dan Hooker,Jalin Turner
Bo Nickal,Val Woodburn,7/8/23,"Las Vegas, Nevada, USA",Red,Middleweight,KO/TKO,Punches,1,Bo Nickal,Val Woodburn
Robbie Lawler,Niko Price,7/8/23,"Las Vegas, Nevada, USA",Red,Welterweight,KO/TKO,Punches,1,Robbie Lawler,Niko Price
Tatsuro Taira,Edgar Chairez,7/8/23,"Las Vegas, Nevada, USA",Red,Catch Weight,U-DEC,None,3,Tatsuro Taira,Edgar Chairez
Yazmin Jauregui,Denise Gomes,7/8/23,"Las Vegas, Nevada, USA",Blue,Women's Strawweight,KO/TKO,Punches,1,Denise Gomes,Yazmin Jauregui
Jimmy Crute,Alonzo Menifield,7/8/23,"Las Vegas, Nevada, USA",Blue,Light Heavyweight,SUB,Guillotine Choke,2,Alonzo Menifield,Jimmy Crute
Vitor Petrino,Marcin Prachnio,7/8/23,"Las Vegas, Nevada, USA",Red,Light Heavyweight,SUB,Arm Triangle,3,Vitor Petrino,Marcin Prachnio
Cameron Saaiman,Terrence Mitchell,7/8/23,"Las Vegas, Nevada, USA",Red,Bantamweight,KO/TKO,Punches,1,Cameron Saaiman,Terrence Mitchell
Shannon Ross,Jesus Aguilar,7/8/23,"Las Vegas, Nevada, USA",Blue,Flyweight,KO/TKO,Punch,1,Jesus Aguilar,Shannon Ross
Kamuela Kirk,Esteban Ribovics,7/8/23,"Las Vegas, Nevada, USA",Blue,Lightweight,U-DEC,None,3,Esteban Ribovics,Kamuela Kirk
Sean Strickland,Abus Magomedov,7/1/23,"Las Vegas, Nevada, USA",Red,Middleweight,KO/TKO,Punches,2,Sean Strickland,Abus Magomedov
Damir Ismagulov,Grant Dawson,7/1/23,"Las Vegas, Nevada, USA",Blue,Lightweight,U-DEC,None,3,Grant Dawson,Damir Ismagulov
Max Griffin,Michael Morales,7/1/23,"Las Vegas, Nevada, USA",Blue,Welterweight,U-DEC,None,3,Michael Morales,Max Griffin
Ariane da Silva,Melissa Gatto,7/1/23,"Las Vegas, Nevada, USA",Red,Women's Flyweight,S-DEC,None,3,Ariane da Silva,Melissa Gatto
Ismael Bonfim,Benoit Saint Denis,7/1/23,"Las Vegas, Nevada, USA",Blue,Lightweight,SUB,Rear Naked Choke,1,Benoit Saint Denis,Ismael Bonfim
Brunno Ferreira,Nursulton Ruziboev,7/1/23,"Las Vegas, Nevada, USA",Blue,Middleweight,KO/TKO,Punches,1,Nursulton Ruziboev,Brunno Ferreira
Kevin Lee,Rinat Fakhretdinov,7/1/23,"Las Vegas, Nevada, USA",Blue,Welterweight,SUB,Guillotine Choke,1,Rinat Fakhretdinov,Kevin Lee
Joanderson Brito,Westin Wilson,7/1/23,"Las Vegas, Nevada, USA",Red,Featherweight,KO/TKO,Punches,1,Joanderson Brito,Westin Wilson
Yana Santos,Karol Rosa,7/1/23,"Las Vegas, Nevada, USA",Blue,Women's Featherweight,S-DEC,None,3,Karol Rosa,Yana Santos
Guram Kutateladze,Elves Brener,7/1/23,"Las Vegas, Nevada, USA",Blue,Lightweight,KO/TKO,Punch,3,Elves Brener,Guram Kutateladze
Ivana Petrovic,Luana Carolina,7/1/23,"Las Vegas, Nevada, USA",Blue,Women's Flyweight,U-DEC,None,3,Luana Carolina,Ivana Petrovic
Alexandr Romanov,Blagoy Ivanov,7/1/23,"Las Vegas, Nevada, USA",Red,Heavyweight,U-DEC,None,3,Alexandr Romanov,Blagoy Ivanov
Josh Emmett,Ilia Topuria,6/24/23,"Jacksonville, Florida, USA",Blue,Featherweight,U-DEC,None,5,Ilia Topuria,Josh Emmett
Amanda Ribas,Maycee Barber,6/24/23,"Jacksonville, Florida, USA",Blue,Women's Flyweight,KO/TKO,Elbows,2,Maycee Barber,Amanda Ribas
David Onama,Gabriel Santos,6/24/23,"Jacksonville, Florida, USA",Red,Featherweight,KO/TKO,Punch,2,David Onama,Gabriel Santos
Brendan Allen,Bruno Silva,6/24/23,"Jacksonville, Florida, USA",Red,Middleweight,SUB,Rear Naked Choke,1,Brendan Allen,Bruno Silva
Neil Magny,Phil Rowe,6/24/23,"Jacksonville, Florida, USA",Red,Welterweight,S-DEC,None,3,Neil Magny,Phil Rowe
Randy Brown,Wellington Turman,6/24/23,"Jacksonville, Florida, USA",Red,Welterweight,U-DEC,None,3,Randy Brown,Wellington Turman
Mateusz Rebecki,Loik Radzhabov,6/24/23,"Jacksonville, Florida, USA",Red,Lightweight,KO/TKO,Punch,2,Mateusz Rebecki,Loik Radzhabov
Tabatha Ricci,Gillian Robertson,6/24/23,"Jacksonville, Florida, USA",Red,Women's Strawweight,U-DEC,None,3,Tabatha Ricci,Gillian Robertson
Zhalgas Zhumagulov,Joshua Van,6/24/23,"Jacksonville, Florida, USA",Blue,Flyweight,S-DEC,None,3,Joshua Van,Zhalgas Zhumagulov
Trevor Peek,Chepe Mariscal,6/24/23,"Jacksonville, Florida, USA",Blue,Lightweight,U-DEC,None,3,Chepe Mariscal,Trevor Peek
Jamall Emmers,Jack Jenkins,6/24/23,"Jacksonville, Florida, USA",Blue,Featherweight,S-DEC,None,3,Jack Jenkins,Jamall Emmers
Cody Brundage,Sedriques Dumas,6/24/23,"Jacksonville, Florida, USA",Blue,Middleweight,U-DEC,None,3,Sedriques Dumas,Cody Brundage
Marvin Vettori,Jared Cannonier,6/17/23,"Las Vegas, Nevada, USA",Blue,Middleweight,U-DEC,None,5,Jared Cannonier,Marvin Vettori
Arman Tsarukyan,Joaquim Silva,6/17/23,"Las Vegas, Nevada, USA",Red,Lightweight,KO/TKO,Punches,3,Arman Tsarukyan,Joaquim Silva
Armen Petrosyan,Christian Leroy Duncan,6/17/23,"Las Vegas, Nevada, USA",Red,Middleweight,U-DEC,None,3,Armen Petrosyan,Christian Leroy Duncan
Pat Sabatini,Lucas Almeida,6/17/23,"Las Vegas, Nevada, USA",Red,Featherweight,SUB,Arm Triangle,2,Pat Sabatini,Lucas Almeida
Manuel Torres,Nikolas Motta,6/17/23,"Las Vegas, Nevada, USA",Red,Lightweight,KO/TKO,Elbow,1,Manuel Torres,Nikolas Motta
Nicolas Dalby,Muslim Salikhov,6/17/23,"Las Vegas, Nevada, USA",Red,Welterweight,U-DEC,None,3,Nicolas Dalby,Muslim Salikhov
Jimmy Flick,Alessandro Costa,6/17/23,"Las Vegas, Nevada, USA",Blue,Flyweight,KO/TKO,Elbows,2,Alessandro Costa,Jimmy Flick
Kyung Ho Kang,Cristian Quinonez,6/17/23,"Las Vegas, Nevada, USA",Red,Bantamweight,SUB,Rear Naked Choke,1,Kyung Ho Kang,Cristian Quinonez
Carlos Hernandez,Denys Bondar,6/17/23,"Las Vegas, Nevada, USA",Red,Flyweight,U-DEC,None,3,Carlos Hernandez,Denys Bondar
Tereza Bleda,Gabriella Fernandes,6/17/23,"Las Vegas, Nevada, USA",Red,Women's Flyweight,U-DEC,None,3,Tereza Bleda,Gabriella Fernandes
Zac Pauga,Modestas Bukauskas,6/17/23,"Las Vegas, Nevada, USA",Blue,Light Heavyweight,U-DEC,None,3,Modestas Bukauskas,Zac Pauga
Amanda Nunes,Irene Aldana,6/10/23,"Vancouver, British Columbia, Canada",Red,Women's Bantamweight,U-DEC,None,5,Amanda Nunes,Irene Aldana
Charles Oliveira,Beneil Dariush,6/10/23,"Vancouver, British Columbia, Canada",Red,Lightweight,KO/TKO,Punches,1,Charles Oliveira,Beneil Dariush
Mike Malott,Adam Fugitt,6/10/23,"Vancouver, British Columbia, Canada",Red,Welterweight,SUB,Guillotine Choke,2,Mike Malott,Adam Fugitt
Dan Ige,Nate Landwehr,6/10/23,"Vancouver, British Columbia, Canada",Red,Featherweight,U-DEC,None,3,Dan Ige,Nate Landwehr
Marc-Andre Barriault,Eryk Anders,6/10/23,"Vancouver, British Columbia, Canada",Red,Middleweight,U-DEC,None,3,Marc-Andre Barriault,Eryk Anders
Miranda Maverick,Jasmine Jasudavicius,6/10/23,"Vancouver, British Columbia, Canada",Blue,Women's Flyweight,U-DEC,None,3,Jasmine Jasudavicius,Miranda Maverick
Aiemann Zahabi,Aoriqileng,6/10/23,"Vancouver, British Columbia, Canada",Red,Bantamweight,KO/TKO,Punch,1,Aiemann Zahabi,Aoriqileng
Kyle Nelson,Blake Bilder,6/10/23,"Vancouver, British Columbia, Canada",Red,Featherweight,U-DEC,None,3,Kyle Nelson,Blake Bilder
David Dvorak,Steve Erceg,6/10/23,"Vancouver, British Columbia, Canada",Blue,Flyweight,U-DEC,None,3,Steve Erceg,David Dvorak
Diana Belbita,Maria Oliveira,6/10/23,"Vancouver, British Columbia, Canada",Red,Women's Strawweight,U-DEC,None,3,Diana Belbita,Maria Oliveira
Kai Kara-France,Amir Albazi,6/3/23,"Las Vegas, Nevada, USA",Blue,Flyweight,S-DEC,None,5,Amir Albazi,Kai Kara-France
Alex Caceres,Daniel Pineda,6/3/23,"Las Vegas, Nevada, USA",Red,Featherweight,U-DEC,None,3,Alex Caceres,Daniel Pineda
Jim Miller,Jesse Butler,6/3/23,"Las Vegas, Nevada, USA",Red,Lightweight,KO/TKO,Punch,1,Jim Miller,Jesse Butler
Tim Elliott,Victor Altamirano,6/3/23,"Las Vegas, Nevada, USA",Red,Flyweight,U-DEC,None,3,Tim Elliott,Victor Altamirano
Karine Silva,Ketlen Souza,6/3/23,"Las Vegas, Nevada, USA",Red,Women's Flyweight,SUB,Other - Lock,1,Karine Silva,Ketlen Souza
Abubakar Nurmagomedov,Elizeu Zaleski dos Santos,6/3/23,"Las Vegas, Nevada, USA",Blue,Welterweight,S-DEC,None,3,Elizeu Zaleski dos Santos,Abubakar Nurmagomedov
Daniel Santos,Johnny Munoz,6/3/23,"Las Vegas, Nevada, USA",Red,Bantamweight,U-DEC,None,3,Daniel Santos,Johnny Munoz
Andrei Arlovski,Don'Tale Mayes,6/3/23,"Las Vegas, Nevada, USA",Blue,Heavyweight,KO/TKO,Punch,2,Don'Tale Mayes,Andrei Arlovski
John Castaneda,Muin Gafurov,6/3/23,"Las Vegas, Nevada, USA",Red,Bantamweight,U-DEC,None,3,John Castaneda,Muin Gafurov
Jamie Mullarkey,Muhammad Naimov,6/3/23,"Las Vegas, Nevada, USA",Blue,Lightweight,KO/TKO,Punch,2,Muhammad Naimov,Jamie Mullarkey
Elise Reed,Jinh Yu Frey,6/3/23,"Las Vegas, Nevada, USA",Red,Women's Strawweight,U-DEC,None,3,Elise Reed,Jinh Yu Frey
Da'Mon Blackshear,Luan Lacerda,6/3/23,"Las Vegas, Nevada, USA",Red,Bantamweight,KO/TKO,Punches,2,Da'Mon Blackshear,Luan Lacerda
Philipe Lins,Maxim Grishin,6/3/23,"Las Vegas, Nevada, USA",Red,Light Heavyweight,U-DEC,None,3,Philipe Lins,Maxim Grishin
Mackenzie Dern,Angela Hill,5/20/23,"Las Vegas, Nevada, USA",Red,Women's Strawweight,U-DEC,None,5,Mackenzie Dern,Angela Hill
Edmen Shahbazyan,Anthony Hernandez,5/20/23,"Las Vegas, Nevada, USA",Blue,Middleweight,KO/TKO,Elbows,3,Anthony Hernandez,Edmen Shahbazyan
Emily Ducote,Loopy Godinez,5/20/23,"Las Vegas, Nevada, USA",Blue,Catch Weight,U-DEC,None,3,Loopy Godinez,Emily Ducote
Andre Fialho,Joaquin Buckley,5/20/23,"Las Vegas, Nevada, USA",Blue,Welterweight,KO/TKO,Kick,2,Joaquin Buckley,Andre Fialho
Diego Ferreira,Michael Johnson,5/20/23,"Las Vegas, Nevada, USA",Red,Lightweight,KO/TKO,Punch,2,Diego Ferreira,Michael Johnson
Maheshate,Viacheslav Borshchev,5/20/23,"Las Vegas, Nevada, USA",Blue,Lightweight,KO/TKO,Punch,2,Viacheslav Borshchev,Maheshate
Karolina Kowalkiewicz,Vanessa Demopoulos,5/20/23,"Las Vegas, Nevada, USA",Red,Women's Strawweight,U-DEC,None,3,Karolina Kowalkiewicz,Vanessa Demopoulos
Orion Cosce,Gilbert Urbina,5/20/23,"Las Vegas, Nevada, USA",Blue,Welterweight,KO/TKO,Kick,2,Gilbert Urbina,Orion Cosce
Ilir Latifi,Rodrigo Nascimento,5/20/23,"Las Vegas, Nevada, USA",Blue,Heavyweight,S-DEC,None,3,Rodrigo Nascimento,Ilir Latifi
Chase Hooper,Nick Fiore,5/20/23,"Las Vegas, Nevada, USA",Red,Lightweight,U-DEC,None,3,Chase Hooper,Nick Fiore
Natalia Silva,Victoria Leonardo,5/20/23,"Las Vegas, Nevada, USA",Red,Women's Flyweight,KO/TKO,Punch,1,Natalia Silva,Victoria Leonardo
Takashi Sato,Themba Gorimbo,5/20/23,"Las Vegas, Nevada, USA",Blue,Welterweight,U-DEC,None,3,Themba Gorimbo,Takashi Sato
Jairzinho Rozenstruik,Jailton Almeida,5/13/23,"Charlotte, North Carolina, USA",Blue,Heavyweight,SUB,Rear Naked Choke,1,Jailton Almeida,Jairzinho Rozenstruik
Anthony Smith,Johnny Walker,5/13/23,"Charlotte, North Carolina, USA",Blue,Light Heavyweight,U-DEC,None,3,Johnny Walker,Anthony Smith
Daniel Rodriguez,Ian Machado Garry,5/13/23,"Charlotte, North Carolina, USA",Blue,Welterweight,KO/TKO,Kick,1,Ian Machado Garry,Daniel Rodriguez
Carlos Ulberg,Ihor Potieria,5/13/23,"Charlotte, North Carolina, USA",Red,Light Heavyweight,KO/TKO,Punches,1,Carlos Ulberg,Ihor Potieria
Tim Means,Alex Morono,5/13/23,"Charlotte, North Carolina, USA",Blue,Welterweight,SUB,Guillotine Choke,2,Alex Morono,Tim Means
Matt Brown,Court McGee,5/13/23,"Charlotte, North Carolina, USA",Red,Welterweight,KO/TKO,Punch,1,Matt Brown,Court McGee
Karl Williams,Chase Sherman,5/13/23,"Charlotte, North Carolina, USA",Red,Heavyweight,U-DEC,None,3,Karl Williams,Chase Sherman
Cody Stamann,Douglas Silva de Andrade,5/13/23,"Charlotte, North Carolina, USA",Blue,Catch Weight,U-DEC,None,3,Douglas Silva de Andrade,Cody Stamann
Ji Yeon Kim,Mandy Bohm,5/13/23,"Charlotte, North Carolina, USA",Blue,Women's Flyweight,S-DEC,None,3,Mandy Bohm,Ji Yeon Kim
Bryan Battle,Gabe Green,5/13/23,"Charlotte, North Carolina, USA",Red,Welterweight,KO/TKO,Punch,1,Bryan Battle,Gabe Green
Jessica-Rose Clark,Tainara Lisboa,5/13/23,"Charlotte, North Carolina, USA",Blue,Women's Bantamweight,SUB,Rear Naked Choke,3,Tainara Lisboa,Jessica-Rose Clark
Aljamain Sterling,Henry Cejudo,5/6/23,"Newark, New Jersey, USA",Red,Bantamweight,S-DEC,None,5,Aljamain Sterling,Henry Cejudo
Belal Muhammad,Gilbert Burns,5/6/23,"Newark, New Jersey, USA",Red,Welterweight,U-DEC,None,5,Belal Muhammad,Gilbert Burns
Jessica Andrade,Yan Xiaonan,5/6/23,"Newark, New Jersey, USA",Blue,Women's Strawweight,KO/TKO,Punch,1,Yan Xiaonan,Jessica Andrade
Movsar Evloev,Diego Lopes,5/6/23,"Newark, New Jersey, USA",Red,Featherweight,U-DEC,None,3,Movsar Evloev,Diego Lopes
Kron Gracie,Charles Jourdain,5/6/23,"Newark, New Jersey, USA",Blue,Featherweight,U-DEC,None,3,Charles Jourdain,Kron Gracie
Drew Dober,Matt Frevola,5/6/23,"Newark, New Jersey, USA",Blue,Lightweight,KO/TKO,Punch,1,Matt Frevola,Drew Dober
Kennedy Nzechukwu,Devin Clark,5/6/23,"Newark, New Jersey, USA",Red,Light Heavyweight,SUB,Guillotine Choke,2,Kennedy Nzechukwu,Devin Clark
Khaos Williams,Rolando Bedoya,5/6/23,"Newark, New Jersey, USA",Red,Welterweight,S-DEC,None,3,Khaos Williams,Rolando Bedoya
Marina Rodriguez,Virna Jandiroba,5/6/23,"Newark, New Jersey, USA",Blue,Women's Strawweight,U-DEC,None,3,Virna Jandiroba,Marina Rodriguez
Braxton Smith,Parker Porter,5/6/23,"Newark, New Jersey, USA",Blue,Heavyweight,KO/TKO,Punches,1,Parker Porter,Braxton Smith
Phil Hawes,Ikram Aliskerov,5/6/23,"Newark, New Jersey, USA",Blue,Middleweight,KO/TKO,Punches,1,Ikram Aliskerov,Phil Hawes
Joseph Holmes,Claudio Ribeiro,5/6/23,"Newark, New Jersey, USA",Blue,Middleweight,KO/TKO,Punches,2,Claudio Ribeiro,Joseph Holmes
Song Yadong,Ricky Simon,4/29/23,"Las Vegas, Nevada, USA",Red,Bantamweight,KO/TKO,Punch,5,Song Yadong,Ricky Simon
Caio Borralho,Michal Oleksiejczuk,4/29/23,"Las Vegas, Nevada, USA",Red,Middleweight,SUB,Rear Naked Choke,2,Caio Borralho,Michal Oleksiejczuk
Rodolfo Vieira,Cody Brundage,4/29/23,"Las Vegas, Nevada, USA",Red,Middleweight,SUB,Arm Triangle,2,Rodolfo Vieira,Cody Brundage
Julian Erosa,Fernando Padilla,4/29/23,"Las Vegas, Nevada, USA",Blue,Featherweight,KO/TKO,Punches,1,Fernando Padilla,Julian Erosa
Marcos Rogerio de Lima,Waldo Cortes-Acosta,4/29/23,"Las Vegas, Nevada, USA",Red,Heavyweight,U-DEC,None,3,Marcos Rogerio de Lima,Waldo Cortes-Acosta
Josh Quinlan,Trey Waters,4/29/23,"Las Vegas, Nevada, USA",Blue,Welterweight,U-DEC,None,3,Trey Waters,Josh Quinlan
Martin Buday,Jake Collier,4/29/23,"Las Vegas, Nevada, USA",Red,Heavyweight,U-DEC,None,3,Martin Buday,Jake Collier
Cody Durden,Charles Johnson,4/29/23,"Las Vegas, Nevada, USA",Red,Flyweight,U-DEC,None,3,Cody Durden,Charles Johnson
Stephanie Egger,Irina Alekseeva,4/29/23,"Las Vegas, Nevada, USA",Blue,Women's Bantamweight,SUB,Kneebar,1,Irina Alekseeva,Stephanie Egger
Journey Newson,Marcus McGhee,4/29/23,"Las Vegas, Nevada, USA",Blue,Catch Weight,SUB,Rear Naked Choke,2,Marcus McGhee,Journey Newson
Hailey Cowan,Jamey-Lyn Horth,4/29/23,"Las Vegas, Nevada, USA",Blue,Women's Bantamweight,U-DEC,None,3,Jamey-Lyn Horth,Hailey Cowan
Sergei Pavlovich,Curtis Blaydes,4/22/23,"Las Vegas, Nevada, USA",Red,Heavyweight,KO/TKO,Punches,1,Sergei Pavlovich,Curtis Blaydes
Brad Tavares,Bruno Silva,4/22/23,"Las Vegas, Nevada, USA",Blue,Middleweight,KO/TKO,Punch,1,Bruno Silva,Brad Tavares
Iasmin Lucindo,Brogan Walker,4/22/23,"Las Vegas, Nevada, USA",Red,Women's Flyweight,U-DEC,None,3,Iasmin Lucindo,Brogan Walker
Jeremiah Wells,Matthew Semelsberger,4/22/23,"Las Vegas, Nevada, USA",Red,Welterweight,S-DEC,None,3,Jeremiah Wells,Matthew Semelsberger
Ricky Glenn,Christos Giagos,4/22/23,"Las Vegas, Nevada, USA",Blue,Lightweight,KO/TKO,Punch,1,Christos Giagos,Ricky Glenn
Rani Yahya,Montel Jackson,4/22/23,"Las Vegas, Nevada, USA",Blue,Bantamweight,KO/TKO,Punch,1,Montel Jackson,Rani Yahya
Karol Rosa,Norma Dumont,4/22/23,"Las Vegas, Nevada, USA",Blue,Women's Featherweight,U-DEC,None,3,Norma Dumont,Karol Rosa
Mohammed Usman,Junior Tafa,4/22/23,"Las Vegas, Nevada, USA",Red,Heavyweight,U-DEC,None,3,Mohammed Usman,Junior Tafa
Francis Marshall,William Gomis,4/22/23,"Las Vegas, Nevada, USA",Blue,Featherweight,S-DEC,None,3,William Gomis,Francis Marshall
Brady Hiestand,Batgerel Danaa,4/22/23,"Las Vegas, Nevada, USA",Red,Bantamweight,KO/TKO,Punches,3,Brady Hiestand,Batgerel Danaa
Max Holloway,Arnold Allen,4/15/23,"Kansas City, Missouri, USA",Red,Featherweight,U-DEC,None,5,Max Holloway,Arnold Allen
Edson Barboza,Billy Quarantillo,4/15/23,"Kansas City, Missouri, USA",Red,Featherweight,KO/TKO,Knee,1,Edson Barboza,Billy Quarantillo
Dustin Jacoby,Azamat Murzakanov,4/15/23,"Kansas City, Missouri, USA",Blue,Light Heavyweight,U-DEC,None,3,Azamat Murzakanov,Dustin Jacoby
Tanner Boser,Ion Cutelaba,4/15/23,"Kansas City, Missouri, USA",Blue,Light Heavyweight,KO/TKO,Punches,1,Ion Cutelaba,Tanner Boser
Pedro Munhoz,Chris Gutierrez,4/15/23,"Kansas City, Missouri, USA",Red,Bantamweight,U-DEC,None,3,Pedro Munhoz,Chris Gutierrez
Clay Guida,Rafa Garcia,4/15/23,"Kansas City, Missouri, USA",Blue,Lightweight,U-DEC,None,3,Rafa Garcia,Clay Guida
Bill Algeo,TJ Brown,4/15/23,"Kansas City, Missouri, USA",Red,Featherweight,SUB,Rear Naked Choke,2,Bill Algeo,TJ Brown
Brandon Royval,Matheus Nicolau,4/15/23,"Kansas City, Missouri, USA",Red,Flyweight,KO/TKO,Knee,1,Brandon Royval,Matheus Nicolau
Zak Cummings,Ed Herman,4/15/23,"Kansas City, Missouri, USA",Red,Light Heavyweight,KO/TKO,Punches,3,Zak Cummings,Ed Herman
Gillian Robertson,Piera Rodriguez,4/15/23,"Kansas City, Missouri, USA",Red,Women's Strawweight,SUB,Armbar,2,Gillian Robertson,Piera Rodriguez
Lando Vannata,Daniel Zellhuber,4/15/23,"Kansas City, Missouri, USA",Blue,Lightweight,U-DEC,None,3,Daniel Zellhuber,Lando Vannata
Bruna Brasil,Denise Gomes,4/15/23,"Kansas City, Missouri, USA",Blue,Women's Strawweight,KO/TKO,Punches,2,Denise Gomes,Bruna Brasil
Aaron Phillips,Gaston Bolanos,4/15/23,"Kansas City, Missouri, USA",Blue,Bantamweight,U-DEC,None,3,Gaston Bolanos,Aaron Phillips
Joselyne Edwards,Lucie Pudilova,4/15/23,"Kansas City, Missouri, USA",Red,Women's Bantamweight,S-DEC,None,3,Joselyne Edwards,Lucie Pudilova
Alex Pereira,Israel Adesanya,4/8/23,"Miami, Florida, USA",Blue,Middleweight,KO/TKO,Punch,2,Israel Adesanya,Alex Pereira
Gilbert Burns,Jorge Masvidal,4/8/23,"Miami, Florida, USA",Red,Welterweight,U-DEC,None,3,Gilbert Burns,Jorge Masvidal
Rob Font,Adrian Yanez,4/8/23,"Miami, Florida, USA",Red,Bantamweight,KO/TKO,Punch,1,Rob Font,Adrian Yanez
Kevin Holland,Santiago Ponzinibbio,4/8/23,"Miami, Florida, USA",Red,Welterweight,KO/TKO,Punch,3,Kevin Holland,Santiago Ponzinibbio
Raul Rosas Jr.,Christian Rodriguez,4/8/23,"Miami, Florida, USA",Blue,Bantamweight,U-DEC,None,3,Christian Rodriguez,Raul Rosas Jr.
Chris Curtis,Kelvin Gastelum,4/8/23,"Miami, Florida, USA",Blue,Middleweight,U-DEC,None,3,Kelvin Gastelum,Chris Curtis
Michelle Waterson-Gomez,Luana Pinheiro,4/8/23,"Miami, Florida, USA",Blue,Women's Strawweight,S-DEC,None,3,Luana Pinheiro,Michelle Waterson-Gomez
Gerald Meerschaert,Joe Pyfer,4/8/23,"Miami, Florida, USA",Blue,Middleweight,KO/TKO,Punches,1,Joe Pyfer,Gerald Meerschaert
Cynthia Calvillo,Loopy Godinez,4/8/23,"Miami, Florida, USA",Blue,Women's Strawweight,S-DEC,None,3,Loopy Godinez,Cynthia Calvillo
Ignacio Bahamondes,Trey Ogden,4/8/23,"Miami, Florida, USA",Red,Catch Weight,U-DEC,None,3,Ignacio Bahamondes,Trey Ogden
Shayilan Nuerdanbieke,Steve Garcia,4/8/23,"Miami, Florida, USA",Blue,Featherweight,KO/TKO,Punch,2,Steve Garcia,Shayilan Nuerdanbieke
Jaqueline Amorim,Sam Hughes,4/8/23,"Miami, Florida, USA",Blue,Women's Strawweight,U-DEC,None,3,Sam Hughes,Jaqueline Amorim
Marlon Vera,Cory Sandhagen,3/25/23,"San Antonio, Texas, USA",Blue,Bantamweight,S-DEC,None,5,Cory Sandhagen,Marlon Vera
Holly Holm,Yana Santos,3/25/23,"San Antonio, Texas, USA",Red,Women's Bantamweight,U-DEC,None,3,Holly Holm,Yana Santos
Nate Landwehr,Austin Lingo,3/25/23,"San Antonio, Texas, USA",Red,Featherweight,SUB,Rear Naked Choke,2,Nate Landwehr,Austin Lingo
Andrea Lee,Maycee Barber,3/25/23,"San Antonio, Texas, USA",Blue,Women's Flyweight,S-DEC,None,3,Maycee Barber,Andrea Lee
Chidi Njokuani,Albert Duraev,3/25/23,"San Antonio, Texas, USA",Blue,Middleweight,S-DEC,None,3,Albert Duraev,Chidi Njokuani
Daniel Pineda,Tucker Lutz,3/25/23,"San Antonio, Texas, USA",Red,Featherweight,SUB,Guillotine Choke,2,Daniel Pineda,Tucker Lutz
Steven Peterson,Lucas Alexander,3/25/23,"San Antonio, Texas, USA",Blue,Featherweight,U-DEC,None,3,Lucas Alexander,Steven Peterson
Trevin Giles,Preston Parsons,3/25/23,"San Antonio, Texas, USA",Red,Welterweight,S-DEC,None,3,Trevin Giles,Preston Parsons
CJ Vergara,Daniel Lacerda,3/25/23,"San Antonio, Texas, USA",Red,Flyweight,KO/TKO,Elbows,2,CJ Vergara,Daniel Lacerda
Victor Altamirano,Vinicius Salvador,3/25/23,"San Antonio, Texas, USA",Red,Flyweight,U-DEC,None,3,Victor Altamirano,Vinicius Salvador
Leon Edwards,Kamaru Usman,3/18/23,"London, England, United Kingdom",Red,Welterweight,M-DEC,None,5,Leon Edwards,Kamaru Usman
Justin Gaethje,Rafael Fiziev,3/18/23,"London, England, United Kingdom",Red,Lightweight,M-DEC,None,3,Justin Gaethje,Rafael Fiziev
Gunnar Nelson,Bryan Barberena,3/18/23,"London, England, United Kingdom",Red,Welterweight,SUB,Armbar,1,Gunnar Nelson,Bryan Barberena
Jennifer Maia,Casey O'Neill,3/18/23,"London, England, United Kingdom",Red,Women's Flyweight,U-DEC,None,3,Jennifer Maia,Casey O'Neill
Marvin Vettori,Roman Dolidze,3/18/23,"London, England, United Kingdom",Red,Middleweight,U-DEC,None,3,Marvin Vettori,Roman Dolidze
Jack Shore,Makwan Amirkhani,3/18/23,"London, England, United Kingdom",Red,Featherweight,SUB,Rear Naked Choke,2,Jack Shore,Makwan Amirkhani
Chris Duncan,Omar Morales,3/18/23,"London, England, United Kingdom",Red,Lightweight,S-DEC,None,3,Chris Duncan,Omar Morales
Sam Patterson,Yanal Ashmouz,3/18/23,"London, England, United Kingdom",Blue,Lightweight,KO/TKO,Punches,1,Yanal Ashmouz,Sam Patterson
Muhammad Mokaev,Jafel Filho,3/18/23,"London, England, United Kingdom",Red,Flyweight,SUB,Neck Crank,3,Muhammad Mokaev,Jafel Filho
Lerone Murphy,Gabriel Santos,3/18/23,"London, England, United Kingdom",Red,Featherweight,S-DEC,None,3,Lerone Murphy,Gabriel Santos
Christian Leroy Duncan,Dusko Todorovic,3/18/23,"London, England, United Kingdom",Red,Middleweight,KO/TKO,None,1,Christian Leroy Duncan,Dusko Todorovic
Jake Hadley,Malcolm Gordon,3/18/23,"London, England, United Kingdom",Red,Flyweight,KO/TKO,Punch,1,Jake Hadley,Malcolm Gordon
Joanne Wood,Luana Carolina,3/18/23,"London, England, United Kingdom",Red,Women's Flyweight,S-DEC,None,3,Joanne Wood,Luana Carolina
Juliana Miller,Veronica Hardy,3/18/23,"London, England, United Kingdom",Blue,Women's Flyweight,U-DEC,None,3,Veronica Hardy,Juliana Miller
Petr Yan,Merab Dvalishvili,3/11/23,"Las Vegas, Nevada, USA",Blue,Bantamweight,U-DEC,None,5,Merab Dvalishvili,Petr Yan
Alexander Volkov,Alexandr Romanov,3/11/23,"Las Vegas, Nevada, USA",Red,Heavyweight,KO/TKO,Punches,1,Alexander Volkov,Alexandr Romanov
Nikita Krylov,Ryan Spann,3/11/23,"Las Vegas, Nevada, USA",Red,Catch Weight,SUB,Triangle Choke,1,Nikita Krylov,Ryan Spann
Said Nurmagomedov,Jonathan Martinez,3/11/23,"Las Vegas, Nevada, USA",Blue,Bantamweight,U-DEC,None,3,Jonathan Martinez,Said Nurmagomedov
Mario Bautista,Guido Cannetti,3/11/23,"Las Vegas, Nevada, USA",Red,Bantamweight,SUB,Rear Naked Choke,1,Mario Bautista,Guido Cannetti
Vitor Petrino,Anton Turkalj,3/11/23,"Las Vegas, Nevada, USA",Red,Light Heavyweight,U-DEC,None,3,Vitor Petrino,Anton Turkalj
Karl Williams,Lukasz Brzeski,3/11/23,"Las Vegas, Nevada, USA",Red,Heavyweight,U-DEC,None,3,Karl Williams,Lukasz Brzeski
Raphael Assuncao,Davey Grant,3/11/23,"Las Vegas, Nevada, USA",Blue,Bantamweight,SUB,Inverted Triangle,3,Davey Grant,Raphael Assuncao
Sedriques Dumas,Josh Fremd,3/11/23,"Las Vegas, Nevada, USA",Blue,Middleweight,SUB,Guillotine Choke,2,Josh Fremd,Sedriques Dumas
Victor Henry,Tony Gravely,3/11/23,"Las Vegas, Nevada, USA",Red,Bantamweight,S-DEC,None,3,Victor Henry,Tony Gravely
Ariane da Silva,JJ Aldrich,3/11/23,"Las Vegas, Nevada, USA",Red,Women's Flyweight,U-DEC,None,3,Ariane da Silva,JJ Aldrich
Tyson Nam,Bruno Silva,3/11/23,"Las Vegas, Nevada, USA",Blue,Flyweight,SUB,Rear Naked Choke,2,Bruno Silva,Tyson Nam
Carlston Harris,Jared Gooden,3/11/23,"Las Vegas, Nevada, USA",Red,Welterweight,U-DEC,None,3,Carlston Harris,Jared Gooden
Jon Jones,Ciryl Gane,3/4/23,"Las Vegas, Nevada, USA",Red,Heavyweight,SUB,Guillotine Choke,1,Jon Jones,Ciryl Gane
Valentina Shevchenko,Alexa Grasso,3/4/23,"Las Vegas, Nevada, USA",Blue,Women's Flyweight,SUB,Rear Naked Choke,4,Alexa Grasso,Valentina Shevchenko
Geoff Neal,Shavkat Rakhmonov,3/4/23,"Las Vegas, Nevada, USA",Blue,Welterweight,SUB,Rear Naked Choke,3,Shavkat Rakhmonov,Geoff Neal
Mateusz Gamrot,Jalin Turner,3/4/23,"Las Vegas, Nevada, USA",Red,Lightweight,S-DEC,None,3,Mateusz Gamrot,Jalin Turner
Bo Nickal,Jamie Pickett,3/4/23,"Las Vegas, Nevada, USA",Red,Middleweight,SUB,Arm Triangle,1,Bo Nickal,Jamie Pickett
Cody Garbrandt,Trevin Jones,3/4/23,"Las Vegas, Nevada, USA",Red,Bantamweight,U-DEC,None,3,Cody Garbrandt,Trevin Jones
Derek Brunson,Dricus Du Plessis,3/4/23,"Las Vegas, Nevada, USA",Blue,Middleweight,KO/TKO,Punches,2,Dricus Du Plessis,Derek Brunson
Viviane Araujo,Amanda Ribas,3/4/23,"Las Vegas, Nevada, USA",Blue,Women's Flyweight,U-DEC,None,3,Amanda Ribas,Viviane Araujo
Julian Marquez,Marc-Andre Barriault,3/4/23,"Las Vegas, Nevada, USA",Blue,Middleweight,KO/TKO,Punches,2,Marc-Andre Barriault,Julian Marquez
Ian Machado Garry,Song Kenan,3/4/23,"Las Vegas, Nevada, USA",Red,Welterweight,KO/TKO,Punches,3,Ian Machado Garry,Song Kenan
Mana Martinez,Cameron Saaiman,3/4/23,"Las Vegas, Nevada, USA",Blue,Bantamweight,M-DEC,None,3,Cameron Saaiman,Mana Martinez
Jessica Penne,Tabatha Ricci,3/4/23,"Las Vegas, Nevada, USA",Blue,Women's Strawweight,SUB,Armbar,2,Tabatha Ricci,Jessica Penne
Da'Mon Blackshear,Farid Basharat,3/4/23,"Las Vegas, Nevada, USA",Blue,Bantamweight,U-DEC,None,3,Farid Basharat,Da'Mon Blackshear
Esteban Ribovics,Loik Radzhabov,3/4/23,"Las Vegas, Nevada, USA",Blue,Lightweight,U-DEC,None,3,Loik Radzhabov,Esteban Ribovics
Andre Muniz,Brendan Allen,2/25/23,"Las Vegas, Nevada, USA",Blue,Middleweight,SUB,Rear Naked Choke,3,Brendan Allen,Andre Muniz
Augusto Sakai,Don'Tale Mayes,2/25/23,"Las Vegas, Nevada, USA",Red,Heavyweight,U-DEC,None,3,Augusto Sakai,Don'Tale Mayes
Tatiana Suarez,Montana De La Rosa,2/25/23,"Las Vegas, Nevada, USA",Red,Women's Flyweight,SUB,Guillotine Choke,2,Tatiana Suarez,Montana De La Rosa
Mike Malott,Yohan Lainesse,2/25/23,"Las Vegas, Nevada, USA",Red,Welterweight,SUB,Arm Triangle,1,Mike Malott,Yohan Lainesse
Erick Gonzalez,Trevor Peek,2/25/23,"Las Vegas, Nevada, USA",Blue,Lightweight,KO/TKO,Punch,1,Trevor Peek,Erick Gonzalez
Jasmine Jasudavicius,Gabriella Fernandes,2/25/23,"Las Vegas, Nevada, USA",Red,Women's Flyweight,U-DEC,None,3,Jasmine Jasudavicius,Gabriella Fernandes
Jordan Leavitt,Victor Martinez,2/25/23,"Las Vegas, Nevada, USA",Red,Lightweight,KO/TKO,Knees,1,Jordan Leavitt,Victor Martinez
Ode Osbourne,Charles Johnson,2/25/23,"Las Vegas, Nevada, USA",Red,Catch Weight,S-DEC,None,3,Ode Osbourne,Charles Johnson
Joe Solecki,Carl Deaton,2/25/23,"Las Vegas, Nevada, USA",Red,Lightweight,SUB,Rear Naked Choke,2,Joe Solecki,Carl Deaton
Rafael Alves,Nurullo Aliev,2/25/23,"Las Vegas, Nevada, USA",Blue,Lightweight,M-DEC,None,3,Nurullo Aliev,Rafael Alves
Jessica Andrade,Erin Blanchfield,2/18/23,"Las Vegas, Nevada, USA",Blue,Women's Flyweight,SUB,Rear Naked Choke,2,Erin Blanchfield,Jessica Andrade
Jordan Wright,Zac Pauga,2/18/23,"Las Vegas, Nevada, USA",Blue,Light Heavyweight,U-DEC,None,3,Zac Pauga,Jordan Wright
Josh Parisian,Jamal Pogues,2/18/23,"Las Vegas, Nevada, USA",Blue,Heavyweight,U-DEC,None,3,Jamal Pogues,Josh Parisian
William Knight,Marcin Prachnio,2/18/23,"Las Vegas, Nevada, USA",Blue,Light Heavyweight,U-DEC,None,3,Marcin Prachnio,William Knight
Jim Miller,Alexander Hernandez,2/18/23,"Las Vegas, Nevada, USA",Blue,Lightweight,U-DEC,None,3,Alexander Hernandez,Jim Miller
Nazim Sadykhov,Evan Elder,2/18/23,"Las Vegas, Nevada, USA",Red,Lightweight,KO/TKO,None,3,Nazim Sadykhov,Evan Elder
Lina Lansberg,Mayra Bueno Silva,2/18/23,"Las Vegas, Nevada, USA",Blue,Women's Bantamweight,SUB,Kneebar,2,Mayra Bueno Silva,Lina Lansberg
Jamall Emmers,Khusein Askhabov,2/18/23,"Las Vegas, Nevada, USA",Red,Featherweight,U-DEC,None,3,Jamall Emmers,Khusein Askhabov
Ovince Saint Preux,Philipe Lins,2/18/23,"Las Vegas, Nevada, USA",Blue,Light Heavyweight,KO/TKO,Punch,1,Philipe Lins,Ovince Saint Preux
AJ Fletcher,Themba Gorimbo,2/18/23,"Las Vegas, Nevada, USA",Red,Welterweight,SUB,Guillotine Choke,2,AJ Fletcher,Themba Gorimbo
Clayton Carpenter,Juancamilo Ronderos,2/18/23,"Las Vegas, Nevada, USA",Red,Flyweight,SUB,Rear Naked Choke,1,Clayton Carpenter,Juancamilo Ronderos
Islam Makhachev,Alexander Volkanovski,2/11/23,"Perth, Western Australia, Australia",Red,Lightweight,U-DEC,None,5,Islam Makhachev,Alexander Volkanovski
Yair Rodriguez,Josh Emmett,2/11/23,"Perth, Western Australia, Australia",Red,Featherweight,SUB,Triangle Choke,2,Yair Rodriguez,Josh Emmett
Jack Della Maddalena,Randy Brown,2/11/23,"Perth, Western Australia, Australia",Red,Welterweight,SUB,Rear Naked Choke,1,Jack Della Maddalena,Randy Brown
Justin Tafa,Parker Porter,2/11/23,"Perth, Western Australia, Australia",Red,Heavyweight,KO/TKO,Punch,1,Justin Tafa,Parker Porter
Tyson Pedro,Modestas Bukauskas,2/11/23,"Perth, Western Australia, Australia",Blue,Light Heavyweight,U-DEC,None,3,Modestas Bukauskas,Tyson Pedro
Josh Culibao,Melsik Baghdasaryan,2/11/23,"Perth, Western Australia, Australia",Red,Featherweight,SUB,Rear Naked Choke,2,Josh Culibao,Melsik Baghdasaryan
Shannon Ross,Kleydson Rodrigues,2/11/23,"Perth, Western Australia, Australia",Blue,Flyweight,KO/TKO,Punches,1,Kleydson Rodrigues,Shannon Ross
Jamie Mullarkey,Francisco Prado,2/11/23,"Perth, Western Australia, Australia",Red,Lightweight,U-DEC,None,3,Jamie Mullarkey,Francisco Prado
Jack Jenkins,Don Shainis,2/11/23,"Perth, Western Australia, Australia",Red,Featherweight,U-DEC,None,3,Jack Jenkins,Don Shainis
Loma Lookboonmee,Elise Reed,2/11/23,"Perth, Western Australia, Australia",Red,Women's Strawweight,SUB,Rear Naked Choke,2,Loma Lookboonmee,Elise Reed
Shane Young,Blake Bilder,2/11/23,"Perth, Western Australia, Australia",Blue,Featherweight,U-DEC,None,3,Blake Bilder,Shane Young
Zubaira Tukhugov,Elves Brener,2/11/23,"Perth, Western Australia, Australia",Blue,Lightweight,S-DEC,None,3,Elves Brener,Zubaira Tukhugov
Derrick Lewis,Serghei Spivac,2/4/23,"Las Vegas, Nevada, USA",Blue,Heavyweight,SUB,Arm Triangle,1,Serghei Spivac,Derrick Lewis
Da Woon Jung,Devin Clark,2/4/23,"Las Vegas, Nevada, USA",Blue,Light Heavyweight,U-DEC,None,3,Devin Clark,Da Woon Jung
Marcin Tybura,Blagoy Ivanov,2/4/23,"Las Vegas, Nevada, USA",Red,Heavyweight,U-DEC,None,3,Marcin Tybura,Blagoy Ivanov
Yusaku Kinoshita,Adam Fugitt,2/4/23,"Las Vegas, Nevada, USA",Blue,Welterweight,KO/TKO,Elbows,1,Adam Fugitt,Yusaku Kinoshita
Jeka Saragih,Anshul Jubli,2/4/23,"Las Vegas, Nevada, USA",Blue,Lightweight,KO/TKO,Elbows,2,Anshul Jubli,Jeka Saragih
JeongYeong Lee,Yizha,2/4/23,"Las Vegas, Nevada, USA",Red,Featherweight,S-DEC,None,3,JeongYeong Lee,Yizha
Toshiomi Kazama,Rinya Nakamura,2/4/23,"Las Vegas, Nevada, USA",Blue,Bantamweight,KO/TKO,Punch,1,Rinya Nakamura,Toshiomi Kazama
SeungGuk Choi,HyunSung Park,2/4/23,"Las Vegas, Nevada, USA",Blue,Flyweight,SUB,Rear Naked Choke,3,HyunSung Park,SeungGuk Choi
JunYong Park,Denis Tiuliulin,2/4/23,"Las Vegas, Nevada, USA",Red,Middleweight,SUB,Rear Naked Choke,1,JunYong Park,Denis Tiuliulin
Tatsuro Taira,Jesus Aguilar,2/4/23,"Las Vegas, Nevada, USA",Red,Flyweight,SUB,Triangle Armbar,1,Tatsuro Taira,Jesus Aguilar
Glover Teixeira,Jamahal Hill,1/21/23,"Rio de Janeiro, Rio de Janeiro, Brazil",Blue,Light Heavyweight,U-DEC,None,5,Jamahal Hill,Glover Teixeira
Deiveson Figueiredo,Brandon Moreno,1/21/23,"Rio de Janeiro, Rio de Janeiro, Brazil",Blue,Flyweight,KO/TKO,None,3,Brandon Moreno,Deiveson Figueiredo
Gilbert Burns,Neil Magny,1/21/23,"Rio de Janeiro, Rio de Janeiro, Brazil",Red,Welterweight,SUB,Arm Triangle,1,Gilbert Burns,Neil Magny
Lauren Murphy,Jessica Andrade,1/21/23,"Rio de Janeiro, Rio de Janeiro, Brazil",Blue,Women's Flyweight,U-DEC,None,3,Jessica Andrade,Lauren Murphy
Paul Craig,Johnny Walker,1/21/23,"Rio de Janeiro, Rio de Janeiro, Brazil",Blue,Light Heavyweight,KO/TKO,Punches,1,Johnny Walker,Paul Craig
Mauricio Rua,Ihor Potieria,1/21/23,"Rio de Janeiro, Rio de Janeiro, Brazil",Blue,Light Heavyweight,KO/TKO,Punches,1,Ihor Potieria,Mauricio Rua
Gregory Rodrigues,Brunno Ferreira,1/21/23,"Rio de Janeiro, Rio de Janeiro, Brazil",Blue,Middleweight,KO/TKO,Punch,1,Brunno Ferreira,Gregory Rodrigues
Thiago Moises,Melquizael Costa,1/21/23,"Rio de Janeiro, Rio de Janeiro, Brazil",Red,Lightweight,SUB,Rear Naked Choke,2,Thiago Moises,Melquizael Costa
Gabriel Bonfim,Mounir Lazzez,1/21/23,"Rio de Janeiro, Rio de Janeiro, Brazil",Red,Welterweight,SUB,Guillotine Choke,1,Gabriel Bonfim,Mounir Lazzez
Shamil Abdurakhimov,Jailton Almeida,1/21/23,"Rio de Janeiro, Rio de Janeiro, Brazil",Blue,Heavyweight,KO/TKO,Punches,2,Jailton Almeida,Shamil Abdurakhimov
Luan Lacerda,Cody Stamann,1/21/23,"Rio de Janeiro, Rio de Janeiro, Brazil",Blue,Bantamweight,U-DEC,None,3,Cody Stamann,Luan Lacerda
Ismael Bonfim,Terrance McKinney,1/21/23,"Rio de Janeiro, Rio de Janeiro, Brazil",Red,Lightweight,KO/TKO,Flying Knee,2,Ismael Bonfim,Terrance McKinney
Warlley Alves,Nicolas Dalby,1/21/23,"Rio de Janeiro, Rio de Janeiro, Brazil",Blue,Welterweight,S-DEC,None,3,Nicolas Dalby,Warlley Alves
Josiane Nunes,Zarah Fairn,1/21/23,"Rio de Janeiro, Rio de Janeiro, Brazil",Red,Women's Featherweight,U-DEC,None,3,Josiane Nunes,Zarah Fairn
Saimon Oliveira,Daniel Marcos,1/21/23,"Rio de Janeiro, Rio de Janeiro, Brazil",Blue,Bantamweight,KO/TKO,Knees,2,Daniel Marcos,Saimon Oliveira
Sean Strickland,Nassourdine Imavov,1/14/23,"Las Vegas, Nevada, USA",Red,Light Heavyweight,U-DEC,None,5,Sean Strickland,Nassourdine Imavov
Dan Ige,Damon Jackson,1/14/23,"Las Vegas, Nevada, USA",Red,Featherweight,KO/TKO,Punch,2,Dan Ige,Damon Jackson
Punahele Soriano,Roman Kopylov,1/14/23,"Las Vegas, Nevada, USA",Blue,Middleweight,KO/TKO,Kick,2,Roman Kopylov,Punahele Soriano
Ketlen Vieira,Raquel Pennington,1/14/23,"Las Vegas, Nevada, USA",Blue,Women's Bantamweight,S-DEC,None,3,Raquel Pennington,Ketlen Vieira
Umar Nurmagomedov,Raoni Barcelos,1/14/23,"Las Vegas, Nevada, USA",Red,Bantamweight,KO/TKO,Punch,1,Umar Nurmagomedov,Raoni Barcelos
Javid Basharat,Mateus Mendonca,1/14/23,"Las Vegas, Nevada, USA",Red,Bantamweight,U-DEC,None,3,Javid Basharat,Mateus Mendonca
Claudio Ribeiro,Abdul Razak Alhassan,1/14/23,"Las Vegas, Nevada, USA",Blue,Middleweight,KO/TKO,Punches,2,Abdul Razak Alhassan,Claudio Ribeiro
Mateusz Rebecki,Nick Fiore,1/14/23,"Las Vegas, Nevada, USA",Red,Lightweight,U-DEC,None,3,Mateusz Rebecki,Nick Fiore
Allan Nascimento,Carlos Hernandez,1/14/23,"Las Vegas, Nevada, USA",Red,Flyweight,SUB,Rear Naked Choke,1,Allan Nascimento,Carlos Hernandez
Dan Argueta,Nick Aguirre,1/14/23,"Las Vegas, Nevada, USA",Red,Featherweight,U-DEC,None,3,Dan Argueta,Nick Aguirre
Charles Johnson,Jimmy Flick,1/14/23,"Las Vegas, Nevada, USA",Red,Flyweight,KO/TKO,Punches,1,Charles Johnson,Jimmy Flick
Jared Cannonier,Sean Strickland,12/17/22,"Las Vegas, Nevada, USA",Red,Middleweight,S-DEC,None,5,Jared Cannonier,Sean Strickland
Arman Tsarukyan,Damir Ismagulov,12/17/22,"Las Vegas, Nevada, USA",Red,Lightweight,U-DEC,None,3,Arman Tsarukyan,Damir Ismagulov
Amir Albazi,Alessandro Costa,12/17/22,"Las Vegas, Nevada, USA",Red,Flyweight,KO/TKO,Punch,3,Amir Albazi,Alessandro Costa
Alex Caceres,Julian Erosa,12/17/22,"Las Vegas, Nevada, USA",Red,Featherweight,KO/TKO,Kick,1,Alex Caceres,Julian Erosa
Drew Dober,Bobby Green,12/17/22,"Las Vegas, Nevada, USA",Red,Lightweight,KO/TKO,Punch,2,Drew Dober,Bobby Green
Cody Brundage,Michal Oleksiejczuk,12/17/22,"Las Vegas, Nevada, USA",Blue,Middleweight,KO/TKO,Punch,1,Michal Oleksiejczuk,Cody Brundage
Cheyanne Vlismas,Cory McKenna,12/17/22,"Las Vegas, Nevada, USA",Blue,Women's Strawweight,U-DEC,None,3,Cory McKenna,Cheyanne Vlismas
Jake Matthews,Matthew Semelsberger,12/17/22,"Las Vegas, Nevada, USA",Blue,Welterweight,U-DEC,None,3,Matthew Semelsberger,Jake Matthews
Said Nurmagomedov,Saidyokub Kakhramonov,12/17/22,"Las Vegas, Nevada, USA",Red,Bantamweight,SUB,Guillotine Choke,2,Said Nurmagomedov,Saidyokub Kakhramonov
Rafa Garcia,Maheshate,12/17/22,"Las Vegas, Nevada, USA",Red,Lightweight,U-DEC,None,3,Rafa Garcia,Maheshate
Bryan Battle,Rinat Fakhretdinov,12/17/22,"Las Vegas, Nevada, USA",Blue,Welterweight,U-DEC,None,3,Rinat Fakhretdinov,Bryan Battle
David Dvorak,Manel Kape,12/17/22,"Las Vegas, Nevada, USA",Blue,Flyweight,U-DEC,None,3,Manel Kape,David Dvorak
Sergey Morozov,Journey Newson,12/17/22,"Las Vegas, Nevada, USA",Red,Bantamweight,U-DEC,None,3,Sergey Morozov,Journey Newson
Paddy Pimblett,Jared Gordon,12/10/22,"Las Vegas, Nevada, USA",Red,Lightweight,U-DEC,None,3,Paddy Pimblett,Jared Gordon
Santiago Ponzinibbio,Alex Morono,12/10/22,"Las Vegas, Nevada, USA",Red,Catch Weight,KO/TKO,Punches,3,Santiago Ponzinibbio,Alex Morono
Darren Till,Dricus Du Plessis,12/10/22,"Las Vegas, Nevada, USA",Blue,Middleweight,SUB,Neck Crank,3,Dricus Du Plessis,Darren Till
Bryce Mitchell,Ilia Topuria,12/10/22,"Las Vegas, Nevada, USA",Blue,Featherweight,SUB,Arm Triangle,2,Ilia Topuria,Bryce Mitchell
Raul Rosas Jr.,Jay Perrin,12/10/22,"Las Vegas, Nevada, USA",Red,Bantamweight,SUB,Neck Crank,1,Raul Rosas Jr.,Jay Perrin
Jairzinho Rozenstruik,Chris Daukaus,12/10/22,"Las Vegas, Nevada, USA",Red,Heavyweight,KO/TKO,Punch,1,Jairzinho Rozenstruik,Chris Daukaus
Edmen Shahbazyan,Dalcha Lungiambula,12/10/22,"Las Vegas, Nevada, USA",Red,Middleweight,KO/TKO,Punches,2,Edmen Shahbazyan,Dalcha Lungiambula
Chris Curtis,Joaquin Buckley,12/10/22,"Las Vegas, Nevada, USA",Red,Middleweight,KO/TKO,Punch,2,Chris Curtis,Joaquin Buckley
Billy Quarantillo,Alexander Hernandez,12/10/22,"Las Vegas, Nevada, USA",Red,Featherweight,KO/TKO,Punches,2,Billy Quarantillo,Alexander Hernandez
TJ Brown,Erik Silva,12/10/22,"Las Vegas, Nevada, USA",Red,Featherweight,SUB,Arm Triangle,3,TJ Brown,Erik Silva
Cameron Saaiman,Steven Koslow,12/10/22,"Las Vegas, Nevada, USA",Red,Bantamweight,KO/TKO,Punches,3,Cameron Saaiman,Steven Koslow
Stephen Thompson,Kevin Holland,12/3/22,"Orlando, Florida, USA",Red,Welterweight,KO/TKO,None,4,Stephen Thompson,Kevin Holland
Bryan Barberena,Rafael Dos Anjos,12/3/22,"Orlando, Florida, USA",Blue,Welterweight,SUB,Rear Naked Choke,2,Rafael Dos Anjos,Bryan Barberena
Matheus Nicolau,Matt Schnell,12/3/22,"Orlando, Florida, USA",Red,Flyweight,KO/TKO,Punch,2,Matheus Nicolau,Matt Schnell
Tai Tuivasa,Sergei Pavlovich,12/3/22,"Orlando, Florida, USA",Blue,Heavyweight,KO/TKO,Punches,1,Sergei Pavlovich,Tai Tuivasa
Jack Hermansson,Roman Dolidze,12/3/22,"Orlando, Florida, USA",Blue,Middleweight,KO/TKO,Punches,2,Roman Dolidze,Jack Hermansson
Eryk Anders,Kyle Daukaus,12/3/22,"Orlando, Florida, USA",Red,Middleweight,KO/TKO,Punches,2,Eryk Anders,Kyle Daukaus
Niko Price,Phil Rowe,12/3/22,"Orlando, Florida, USA",Blue,Welterweight,KO/TKO,Punches,3,Phil Rowe,Niko Price
Angela Hill,Emily Ducote,12/3/22,"Orlando, Florida, USA",Red,Women's Strawweight,U-DEC,None,3,Angela Hill,Emily Ducote
Clay Guida,Scott Holtzman,12/3/22,"Orlando, Florida, USA",Red,Lightweight,S-DEC,None,3,Clay Guida,Scott Holtzman
Michael Johnson,Marc Diakiese,12/3/22,"Orlando, Florida, USA",Red,Lightweight,U-DEC,None,3,Michael Johnson,Marc Diakiese
Darren Elkins,Jonathan Pearce,12/3/22,"Orlando, Florida, USA",Blue,Featherweight,U-DEC,None,3,Jonathan Pearce,Darren Elkins
Natan Levy,Genaro Valdez,12/3/22,"Orlando, Florida, USA",Red,Lightweight,U-DEC,None,3,Natan Levy,Genaro Valdez
Marcelo Rojo,Francis Marshall,12/3/22,"Orlando, Florida, USA",Blue,Featherweight,KO/TKO,Punch,2,Francis Marshall,Marcelo Rojo
Yazmin Jauregui,Istela Nunes,12/3/22,"Orlando, Florida, USA",Red,Women's Strawweight,KO/TKO,Punches,2,Yazmin Jauregui,Istela Nunes
Kennedy Nzechukwu,Ion Cutelaba,11/19/22,"Las Vegas, Nevada, USA",Red,Light Heavyweight,KO/TKO,Knee,2,Kennedy Nzechukwu,Ion Cutelaba
Chase Sherman,Waldo Cortes-Acosta,11/19/22,"Las Vegas, Nevada, USA",Blue,Heavyweight,U-DEC,None,3,Waldo Cortes-Acosta,Chase Sherman
Andre Fialho,Muslim Salikhov,11/19/22,"Las Vegas, Nevada, USA",Blue,Welterweight,KO/TKO,Kick,3,Muslim Salikhov,Andre Fialho
Jack Della Maddalena,Danny Roberts,11/19/22,"Las Vegas, Nevada, USA",Red,Welterweight,KO/TKO,Punches,1,Jack Della Maddalena,Danny Roberts
Charles Johnson,Zhalgas Zhumagulov,11/19/22,"Las Vegas, Nevada, USA",Red,Flyweight,S-DEC,None,3,Charles Johnson,Zhalgas Zhumagulov
Jennifer Maia,Maryna Moroz,11/19/22,"Las Vegas, Nevada, USA",Red,Women's Flyweight,U-DEC,None,3,Jennifer Maia,Maryna Moroz
Vince Morales,Miles Johns,11/19/22,"Las Vegas, Nevada, USA",Blue,Bantamweight,U-DEC,None,3,Miles Johns,Vince Morales
Ricky Turcios,Kevin Natividad,11/19/22,"Las Vegas, Nevada, USA",Red,Bantamweight,S-DEC,None,3,Ricky Turcios,Kevin Natividad
Vanessa Demopoulos,Maria Oliveira,11/19/22,"Las Vegas, Nevada, USA",Red,Women's Strawweight,U-DEC,None,3,Vanessa Demopoulos,Maria Oliveira
Brady Hiestand,Fernie Garcia,11/19/22,"Las Vegas, Nevada, USA",Red,Bantamweight,U-DEC,None,3,Brady Hiestand,Fernie Garcia
Natalia Silva,Tereza Bleda,11/19/22,"Las Vegas, Nevada, USA",Red,Women's Flyweight,KO/TKO,Spinning Back Kick,3,Natalia Silva,Tereza Bleda
Israel Adesanya,Alex Pereira,11/12/22,"New York City, New York, USA",Blue,Middleweight,KO/TKO,Punches,5,Alex Pereira,Israel Adesanya
Carla Esparza,Zhang Weili,11/12/22,"New York City, New York, USA",Blue,Women's Strawweight,SUB,Rear Naked Choke,2,Zhang Weili,Carla Esparza
Dustin Poirier,Michael Chandler,11/12/22,"New York City, New York, USA",Red,Lightweight,SUB,Rear Naked Choke,3,Dustin Poirier,Michael Chandler
Frankie Edgar,Chris Gutierrez,11/12/22,"New York City, New York, USA",Blue,Bantamweight,KO/TKO,Knee,1,Chris Gutierrez,Frankie Edgar
Dan Hooker,Claudio Puelles,11/12/22,"New York City, New York, USA",Red,Lightweight,KO/TKO,Kick,2,Dan Hooker,Claudio Puelles
Brad Riddell,Renato Moicano,11/12/22,"New York City, New York, USA",Blue,Lightweight,SUB,Rear Naked Choke,1,Renato Moicano,Brad Riddell
Dominick Reyes,Ryan Spann,11/12/22,"New York City, New York, USA",Blue,Light Heavyweight,KO/TKO,Punch,1,Ryan Spann,Dominick Reyes
Erin Blanchfield,Molly McCann,11/12/22,"New York City, New York, USA",Red,Women's Flyweight,SUB,Kimura,1,Erin Blanchfield,Molly McCann
Andre Petroski,Wellington Turman,11/12/22,"New York City, New York, USA",Red,Middleweight,U-DEC,None,3,Andre Petroski,Wellington Turman
Matt Frevola,Ottman Azaitar,11/12/22,"New York City, New York, USA",Red,Lightweight,KO/TKO,Punch,1,Matt Frevola,Ottman Azaitar
Karolina Kowalkiewicz,Silvana Gomez Juarez,11/12/22,"New York City, New York, USA",Red,Women's Strawweight,U-DEC,None,3,Karolina Kowalkiewicz,Silvana Gomez Juarez
Michael Trizano,SeungWoo Choi,11/12/22,"New York City, New York, USA",Red,Featherweight,KO/TKO,Punch,1,Michael Trizano,SeungWoo Choi
Julio Arce,Montel Jackson,11/12/22,"New York City, New York, USA",Blue,Bantamweight,U-DEC,None,3,Montel Jackson,Julio Arce
Carlos Ulberg,Nicolae Negumereanu,11/12/22,"New York City, New York, USA",Red,Light Heavyweight,KO/TKO,Punch,1,Carlos Ulberg,Nicolae Negumereanu
Marina Rodriguez,Amanda Lemos,11/5/22,"Las Vegas, Nevada, USA",Blue,Women's Strawweight,KO/TKO,Punches,3,Amanda Lemos,Marina Rodriguez
Neil Magny,Daniel Rodriguez,11/5/22,"Las Vegas, Nevada, USA",Red,Welterweight,SUB,D'Arce Choke,3,Neil Magny,Daniel Rodriguez
Darrick Minner,Shayilan Nuerdanbieke,11/5/22,"Las Vegas, Nevada, USA",Blue,Featherweight,KO/TKO,Elbows,1,Shayilan Nuerdanbieke,Darrick Minner
Tagir Ulanbekov,Nate Maness,11/5/22,"Las Vegas, Nevada, USA",Red,Flyweight,SUB,Guillotine Choke,1,Tagir Ulanbekov,Nate Maness
Grant Dawson,Mark Madsen,11/5/22,"Las Vegas, Nevada, USA",Red,Lightweight,SUB,Rear Naked Choke,3,Grant Dawson,Mark Madsen
Miranda Maverick,Shanna Young,11/5/22,"Las Vegas, Nevada, USA",Red,Women's Flyweight,U-DEC,None,3,Miranda Maverick,Shanna Young
Mario Bautista,Benito Lopez,11/5/22,"Las Vegas, Nevada, USA",Red,Bantamweight,SUB,Triangle Armbar,1,Mario Bautista,Benito Lopez
Polyana Viana,Jinh Yu Frey,11/5/22,"Las Vegas, Nevada, USA",Red,Women's Strawweight,KO/TKO,Punches,1,Polyana Viana,Jinh Yu Frey
Liudvik Sholinian,Johnny Munoz,11/5/22,"Las Vegas, Nevada, USA",Blue,Bantamweight,U-DEC,None,3,Johnny Munoz,Liudvik Sholinian
Carlos Candelario,Jake Hadley,11/5/22,"Las Vegas, Nevada, USA",Blue,Flyweight,SUB,Triangle Choke,2,Jake Hadley,Carlos Candelario
Tamires Vidal,Ramona Pascual,11/5/22,"Las Vegas, Nevada, USA",Red,Women's Bantamweight,KO/TKO,Flying Knee,1,Tamires Vidal,Ramona Pascual
Calvin Kattar,Arnold Allen,10/29/22,"Las Vegas, Nevada, USA",Blue,Featherweight,KO/TKO,None,2,Arnold Allen,Calvin Kattar
Tim Means,Max Griffin,10/29/22,"Las Vegas, Nevada, USA",Blue,Welterweight,S-DEC,None,3,Max Griffin,Tim Means
Waldo Cortes-Acosta,Jared Vanderaa,10/29/22,"Las Vegas, Nevada, USA",Red,Heavyweight,U-DEC,None,3,Waldo Cortes-Acosta,Jared Vanderaa
Josh Fremd,Tresean Gore,10/29/22,"Las Vegas, Nevada, USA",Blue,Middleweight,SUB,Guillotine Choke,2,Tresean Gore,Josh Fremd
Dustin Jacoby,Khalil Rountree Jr.,10/29/22,"Las Vegas, Nevada, USA",Blue,Light Heavyweight,S-DEC,None,3,Khalil Rountree Jr.,Dustin Jacoby
Phil Hawes,Roman Dolidze,10/29/22,"Las Vegas, Nevada, USA",Blue,Middleweight,KO/TKO,Punches,1,Roman Dolidze,Phil Hawes
Andrei Arlovski,Marcos Rogerio de Lima,10/29/22,"Las Vegas, Nevada, USA",Blue,Heavyweight,SUB,Rear Naked Choke,1,Marcos Rogerio de Lima,Andrei Arlovski
Joseph Holmes,JunYong Park,10/29/22,"Las Vegas, Nevada, USA",Blue,Middleweight,SUB,Rear Naked Choke,2,JunYong Park,Joseph Holmes
Chase Hooper,Steve Garcia,10/29/22,"Las Vegas, Nevada, USA",Blue,Featherweight,KO/TKO,Punches,1,Steve Garcia,Chase Hooper
Cody Durden,Carlos Mota,10/29/22,"Las Vegas, Nevada, USA",Red,Flyweight,U-DEC,None,3,Cody Durden,Carlos Mota
Christian Rodriguez,Joshua Weems,10/29/22,"Las Vegas, Nevada, USA",Red,Bantamweight,SUB,Anaconda Choke,1,Christian Rodriguez,Joshua Weems
Charles Oliveira,Islam Makhachev,10/22/22,"Abu Dhabi, Abu Dhabi, United Arab Emirates",Blue,Lightweight,SUB,Arm Triangle,2,Islam Makhachev,Charles Oliveira
Aljamain Sterling,TJ Dillashaw,10/22/22,"Abu Dhabi, Abu Dhabi, United Arab Emirates",Red,Bantamweight,KO/TKO,Punches,2,Aljamain Sterling,TJ Dillashaw
Petr Yan,Sean O'Malley,10/22/22,"Abu Dhabi, Abu Dhabi, United Arab Emirates",Blue,Bantamweight,S-DEC,None,3,Sean O'Malley,Petr Yan
Beneil Dariush,Mateusz Gamrot,10/22/22,"Abu Dhabi, Abu Dhabi, United Arab Emirates",Red,Lightweight,U-DEC,None,3,Beneil Dariush,Mateusz Gamrot
Katlyn Chookagian,Manon Fiorot,10/22/22,"Abu Dhabi, Abu Dhabi, United Arab Emirates",Blue,Women's Flyweight,U-DEC,None,3,Manon Fiorot,Katlyn Chookagian
Belal Muhammad,Sean Brady,10/22/22,"Abu Dhabi, Abu Dhabi, United Arab Emirates",Red,Welterweight,KO/TKO,Punches,2,Belal Muhammad,Sean Brady
Makhmud Muradov,Caio Borralho,10/22/22,"Abu Dhabi, Abu Dhabi, United Arab Emirates",Blue,Middleweight,U-DEC,None,3,Caio Borralho,Makhmud Muradov
Volkan Oezdemir,Nikita Krylov,10/22/22,"Abu Dhabi, Abu Dhabi, United Arab Emirates",Blue,Light Heavyweight,U-DEC,None,3,Nikita Krylov,Volkan Oezdemir
Abubakar Nurmagomedov,Gadzhi Omargadzhiev,10/22/22,"Abu Dhabi, Abu Dhabi, United Arab Emirates",Red,Welterweight,U-DEC,None,3,Abubakar Nurmagomedov,Gadzhi Omargadzhiev
Armen Petrosyan,AJ Dobson,10/22/22,"Abu Dhabi, Abu Dhabi, United Arab Emirates",Red,Middleweight,U-DEC,None,3,Armen Petrosyan,AJ Dobson
Muhammad Mokaev,Malcolm Gordon,10/22/22,"Abu Dhabi, Abu Dhabi, United Arab Emirates",Red,Flyweight,SUB,Armbar,3,Muhammad Mokaev,Malcolm Gordon
Karol Rosa,Lina Lansberg,10/22/22,"Abu Dhabi, Abu Dhabi, United Arab Emirates",Red,Women's Bantamweight,M-DEC,None,3,Karol Rosa,Lina Lansberg
Alexa Grasso,Viviane Araujo,10/15/22,"Las Vegas, Nevada, USA",Red,Women's Flyweight,U-DEC,None,5,Alexa Grasso,Viviane Araujo
Cub Swanson,Jonathan Martinez,10/15/22,"Las Vegas, Nevada, USA",Blue,Bantamweight,KO/TKO,Kick,2,Jonathan Martinez,Cub Swanson
Jordan Wright,Dusko Todorovic,10/15/22,"Las Vegas, Nevada, USA",Blue,Middleweight,KO/TKO,Elbows,2,Dusko Todorovic,Jordan Wright
Raphael Assuncao,Victor Henry,10/15/22,"Las Vegas, Nevada, USA",Red,Bantamweight,U-DEC,None,3,Raphael Assuncao,Victor Henry
Misha Cirkunov,Alonzo Menifield,10/15/22,"Las Vegas, Nevada, USA",Blue,Light Heavyweight,KO/TKO,Punch,1,Alonzo Menifield,Misha Cirkunov
Mana Martinez,Brandon Davis,10/15/22,"Las Vegas, Nevada, USA",Red,Bantamweight,S-DEC,None,3,Mana Martinez,Brandon Davis
Nick Maximov,Jacob Malkoun,10/15/22,"Las Vegas, Nevada, USA",Blue,Middleweight,U-DEC,None,3,Jacob Malkoun,Nick Maximov
Joanderson Brito,Lucas Alexander,10/15/22,"Las Vegas, Nevada, USA",Red,Featherweight,SUB,Rear Naked Choke,1,Joanderson Brito,Lucas Alexander
Piera Rodriguez,Sam Hughes,10/15/22,"Las Vegas, Nevada, USA",Red,Women's Strawweight,U-DEC,None,3,Piera Rodriguez,Sam Hughes
Tatsuro Taira,CJ Vergara,10/15/22,"Las Vegas, Nevada, USA",Red,Flyweight,SUB,Armbar,2,Tatsuro Taira,CJ Vergara
Mike Jackson,Pete Rodriguez,10/15/22,"Las Vegas, Nevada, USA",Blue,Welterweight,KO/TKO,Knee,1,Pete Rodriguez,Mike Jackson
Mackenzie Dern,Yan Xiaonan,10/1/22,"Las Vegas, Nevada, USA",Blue,Women's Strawweight,M-DEC,None,5,Yan Xiaonan,Mackenzie Dern
Randy Brown,Francisco Trinaldo,10/1/22,"Las Vegas, Nevada, USA",Red,Welterweight,U-DEC,None,3,Randy Brown,Francisco Trinaldo
Raoni Barcelos,Trevin Jones,10/1/22,"Las Vegas, Nevada, USA",Red,Bantamweight,U-DEC,None,3,Raoni Barcelos,Trevin Jones
Sodiq Yusuff,Don Shainis,10/1/22,"Las Vegas, Nevada, USA",Red,Featherweight,SUB,Guillotine Choke,1,Sodiq Yusuff,Don Shainis
Mike Davis,Viacheslav Borshchev,10/1/22,"Las Vegas, Nevada, USA",Red,Lightweight,U-DEC,None,3,Mike Davis,Viacheslav Borshchev
John Castaneda,Daniel Santos,10/1/22,"Las Vegas, Nevada, USA",Blue,Catch Weight,KO/TKO,Knee,2,Daniel Santos,John Castaneda
Ilir Latifi,Aleksei Oleinik,10/1/22,"Las Vegas, Nevada, USA",Red,Heavyweight,U-DEC,None,3,Ilir Latifi,Aleksei Oleinik
Joaquim Silva,Jesse Ronson,10/1/22,"Las Vegas, Nevada, USA",Red,Lightweight,KO/TKO,Flying Knee,2,Joaquim Silva,Jesse Ronson
Krzysztof Jotko,Brendan Allen,10/1/22,"Las Vegas, Nevada, USA",Blue,Middleweight,SUB,Rear Naked Choke,1,Brendan Allen,Krzysztof Jotko
Julija Stoliarenko,Chelsea Chandler,10/1/22,"Las Vegas, Nevada, USA",Blue,Catch Weight,KO/TKO,Punches,1,Chelsea Chandler,Julija Stoliarenko
Guido Cannetti,Randy Costa,10/1/22,"Las Vegas, Nevada, USA",Red,Bantamweight,SUB,Rear Naked Choke,1,Guido Cannetti,Randy Costa
Cory Sandhagen,Song Yadong,9/17/22,"Las Vegas, Nevada, USA",Red,Bantamweight,KO/TKO,None,4,Cory Sandhagen,Song Yadong
Chidi Njokuani,Gregory Rodrigues,9/17/22,"Las Vegas, Nevada, USA",Blue,Middleweight,KO/TKO,Punches,2,Gregory Rodrigues,Chidi Njokuani
Andre Fili,Bill Algeo,9/17/22,"Las Vegas, Nevada, USA",Red,Featherweight,S-DEC,None,3,Andre Fili,Bill Algeo
Joe Pyfer,Alen Amedovski,9/17/22,"Las Vegas, Nevada, USA",Red,Middleweight,KO/TKO,Punch,1,Joe Pyfer,Alen Amedovski
Tanner Boser,Rodrigo Nascimento,9/17/22,"Las Vegas, Nevada, USA",Blue,Heavyweight,S-DEC,None,3,Rodrigo Nascimento,Tanner Boser
Anthony Hernandez,Marc-Andre Barriault,9/17/22,"Las Vegas, Nevada, USA",Red,Middleweight,SUB,Arm Triangle,3,Anthony Hernandez,Marc-Andre Barriault
Damon Jackson,Pat Sabatini,9/17/22,"Las Vegas, Nevada, USA",Red,Featherweight,KO/TKO,Punches,1,Damon Jackson,Pat Sabatini
Trevin Giles,Louis Cosce,9/17/22,"Las Vegas, Nevada, USA",Red,Welterweight,U-DEC,None,3,Trevin Giles,Louis Cosce
Denise Gomes,Loma Lookboonmee,9/17/22,"Las Vegas, Nevada, USA",Blue,Women's Strawweight,U-DEC,None,3,Loma Lookboonmee,Denise Gomes
Trey Ogden,Daniel Zellhuber,9/17/22,"Las Vegas, Nevada, USA",Red,Lightweight,U-DEC,None,3,Trey Ogden,Daniel Zellhuber
Mariya Agapova,Gillian Robertson,9/17/22,"Las Vegas, Nevada, USA",Blue,Women's Flyweight,SUB,Rear Naked Choke,2,Gillian Robertson,Mariya Agapova
Tony Gravely,Javid Basharat,9/17/22,"Las Vegas, Nevada, USA",Blue,Bantamweight,U-DEC,None,3,Javid Basharat,Tony Gravely
Nikolas Motta,Cameron VanCamp,9/17/22,"Las Vegas, Nevada, USA",Red,Lightweight,KO/TKO,Punch,1,Nikolas Motta,Cameron VanCamp
Nate Diaz,Tony Ferguson,9/10/22,"Las Vegas, Nevada, USA",Red,Welterweight,SUB,Guillotine Choke,4,Nate Diaz,Tony Ferguson
Khamzat Chimaev,Kevin Holland,9/10/22,"Las Vegas, Nevada, USA",Red,Catch Weight,SUB,D'Arce Choke,1,Khamzat Chimaev,Kevin Holland
Li Jingliang,Daniel Rodriguez,9/10/22,"Las Vegas, Nevada, USA",Blue,Catch Weight,S-DEC,None,3,Daniel Rodriguez,Li Jingliang
Irene Aldana,Macy Chiasson,9/10/22,"Las Vegas, Nevada, USA",Red,Catch Weight,KO/TKO,Kick,3,Irene Aldana,Macy Chiasson
Johnny Walker,Ion Cutelaba,9/10/22,"Las Vegas, Nevada, USA",Red,Light Heavyweight,SUB,Rear Naked Choke,1,Johnny Walker,Ion Cutelaba
Hakeem Dawodu,Julian Erosa,9/10/22,"Las Vegas, Nevada, USA",Blue,Featherweight,U-DEC,None,3,Julian Erosa,Hakeem Dawodu
Jailton Almeida,Anton Turkalj,9/10/22,"Las Vegas, Nevada, USA",Red,Catch Weight,SUB,Rear Naked Choke,1,Jailton Almeida,Anton Turkalj
Denis Tiuliulin,Jamie Pickett,9/10/22,"Las Vegas, Nevada, USA",Red,Middleweight,KO/TKO,Punches,2,Denis Tiuliulin,Jamie Pickett
Jake Collier,Chris Barnett,9/10/22,"Las Vegas, Nevada, USA",Blue,Heavyweight,KO/TKO,Punches,2,Chris Barnett,Jake Collier
Norma Dumont,Danyelle Wolf,9/10/22,"Las Vegas, Nevada, USA",Red,Women's Featherweight,U-DEC,None,3,Norma Dumont,Danyelle Wolf
Chad Anheliger,Alatengheili,9/10/22,"Las Vegas, Nevada, USA",Blue,Bantamweight,U-DEC,None,3,Alatengheili,Chad Anheliger
Melissa Martinez,Elise Reed,9/10/22,"Las Vegas, Nevada, USA",Blue,Women's Strawweight,U-DEC,None,3,Elise Reed,Melissa Martinez
Darian Weeks,Yohan Lainesse,9/10/22,"Las Vegas, Nevada, USA",Blue,Welterweight,S-DEC,None,3,Yohan Lainesse,Darian Weeks
Ciryl Gane,Tai Tuivasa,9/3/22,"Paris, Ile-de-France, France",Red,Heavyweight,KO/TKO,Punches,3,Ciryl Gane,Tai Tuivasa
Robert Whittaker,Marvin Vettori,9/3/22,"Paris, Ile-de-France, France",Red,Middleweight,U-DEC,None,3,Robert Whittaker,Marvin Vettori
Nassourdine Imavov,Joaquin Buckley,9/3/22,"Paris, Ile-de-France, France",Red,Middleweight,U-DEC,None,3,Nassourdine Imavov,Joaquin Buckley
Alessio Di Chirico,Roman Kopylov,9/3/22,"Paris, Ile-de-France, France",Blue,Middleweight,KO/TKO,Punches,3,Roman Kopylov,Alessio Di Chirico
William Gomis,Jarno Errens,9/3/22,"Paris, Ile-de-France, France",Red,Featherweight,U-DEC,None,3,William Gomis,Jarno Errens
Charles Jourdain,Nathaniel Wood,9/3/22,"Paris, Ile-de-France, France",Blue,Featherweight,U-DEC,None,3,Nathaniel Wood,Charles Jourdain
Abus Magomedov,Dustin Stoltzfus,9/3/22,"Paris, Ile-de-France, France",Red,Middleweight,KO/TKO,Punches,1,Abus Magomedov,Dustin Stoltzfus
John Makdessi,Nasrat Haqparast,9/3/22,"Paris, Ile-de-France, France",Blue,Lightweight,U-DEC,None,3,Nasrat Haqparast,John Makdessi
Fares Ziam,Michal Figlak,9/3/22,"Paris, Ile-de-France, France",Red,Lightweight,U-DEC,None,3,Fares Ziam,Michal Figlak
Benoit Saint Denis,Gabriel Miranda,9/3/22,"Paris, Ile-de-France, France",Red,Lightweight,KO/TKO,Punch,2,Benoit Saint Denis,Gabriel Miranda
Khalid Taha,Cristian Quinonez,9/3/22,"Paris, Ile-de-France, France",Blue,Bantamweight,KO/TKO,Punches,1,Cristian Quinonez,Khalid Taha
Stephanie Egger,Ailin Perez,9/3/22,"Paris, Ile-de-France, France",Red,Women's Featherweight,SUB,Rear Naked Choke,2,Stephanie Egger,Ailin Perez
Kamaru Usman,Leon Edwards,8/20/22,"Salt Lake City, Utah, USA",Blue,Welterweight,KO/TKO,Kick,5,Leon Edwards,Kamaru Usman
Paulo Costa,Luke Rockhold,8/20/22,"Salt Lake City, Utah, USA",Red,Middleweight,U-DEC,None,3,Paulo Costa,Luke Rockhold
Jose Aldo,Merab Dvalishvili,8/20/22,"Salt Lake City, Utah, USA",Blue,Bantamweight,U-DEC,None,3,Merab Dvalishvili,Jose Aldo
Wu Yanan,Lucie Pudilova,8/20/22,"Salt Lake City, Utah, USA",Blue,Women's Bantamweight,KO/TKO,Elbows,2,Lucie Pudilova,Wu Yanan
Tyson Pedro,Harry Hunsucker,8/20/22,"Salt Lake City, Utah, USA",Red,Light Heavyweight,KO/TKO,Kick,1,Tyson Pedro,Harry Hunsucker
Marcin Tybura,Alexandr Romanov,8/20/22,"Salt Lake City, Utah, USA",Red,Heavyweight,M-DEC,None,3,Marcin Tybura,Alexandr Romanov
Leonardo Santos,Jared Gordon,8/20/22,"Salt Lake City, Utah, USA",Blue,Lightweight,U-DEC,None,3,Jared Gordon,Leonardo Santos
AJ Fletcher,Ange Loosa,8/20/22,"Salt Lake City, Utah, USA",Blue,Welterweight,U-DEC,None,3,Ange Loosa,AJ Fletcher
Amir Albazi,Francisco Figueiredo,8/20/22,"Salt Lake City, Utah, USA",Red,Flyweight,SUB,Rear Naked Choke,1,Amir Albazi,Francisco Figueiredo
Aoriqileng,Jay Perrin,8/20/22,"Salt Lake City, Utah, USA",Red,Bantamweight,U-DEC,None,3,Aoriqileng,Jay Perrin
Daniel Lacerda,Victor Altamirano,8/20/22,"Salt Lake City, Utah, USA",Blue,Flyweight,KO/TKO,Punches,1,Victor Altamirano,Daniel Lacerda
Marlon Vera,Dominick Cruz,8/13/22,"San Diego, California, USA",Red,Bantamweight,KO/TKO,Kick,4,Marlon Vera,Dominick Cruz
Nate Landwehr,David Onama,8/13/22,"San Diego, California, USA",Red,Featherweight,M-DEC,None,3,Nate Landwehr,David Onama
Yazmin Jauregui,Iasmin Lucindo,8/13/22,"San Diego, California, USA",Red,Women's Strawweight,U-DEC,None,3,Yazmin Jauregui,Iasmin Lucindo
Devin Clark,Azamat Murzakanov,8/13/22,"San Diego, California, USA",Blue,Light Heavyweight,KO/TKO,Punch,3,Azamat Murzakanov,Devin Clark
Priscila Cachoeira,Ariane Lipski,8/13/22,"San Diego, California, USA",Red,Women's Bantamweight,KO/TKO,Punches,1,Priscila Cachoeira,Ariane Lipski
Bruno Silva,Gerald Meerschaert,8/13/22,"San Diego, California, USA",Blue,Middleweight,SUB,Guillotine Choke,3,Gerald Meerschaert,Bruno Silva
Angela Hill,Loopy Godinez,8/13/22,"San Diego, California, USA",Red,Catch Weight,U-DEC,None,3,Angela Hill,Loopy Godinez
Martin Buday,Lukasz Brzeski,8/13/22,"San Diego, California, USA",Red,Heavyweight,S-DEC,None,3,Martin Buday,Lukasz Brzeski
Cynthia Calvillo,Nina Nunes,8/13/22,"San Diego, California, USA",Blue,Women's Flyweight,S-DEC,None,3,Nina Nunes,Cynthia Calvillo
Gabriel Benitez,Charlie Ontiveros,8/13/22,"San Diego, California, USA",Red,Lightweight,KO/TKO,Punches,1,Gabriel Benitez,Charlie Ontiveros
Ode Osbourne,Tyson Nam,8/13/22,"San Diego, California, USA",Blue,Flyweight,KO/TKO,Punch,1,Tyson Nam,Ode Osbourne
Jason Witt,Josh Quinlan,8/13/22,"San Diego, California, USA",Blue,Catch Weight,KO/TKO,Punch,1,Josh Quinlan,Jason Witt
Thiago Santos,Jamahal Hill,8/6/22,"Las Vegas, Nevada, USA",Blue,Light Heavyweight,KO/TKO,Elbows,4,Jamahal Hill,Thiago Santos
Vicente Luque,Geoff Neal,8/6/22,"Las Vegas, Nevada, USA",Blue,Welterweight,KO/TKO,Punches,3,Geoff Neal,Vicente Luque
Mohammed Usman,Zac Pauga,8/6/22,"Las Vegas, Nevada, USA",Red,Heavyweight,KO/TKO,Punch,2,Mohammed Usman,Zac Pauga
Brogan Walker,Juliana Miller,8/6/22,"Las Vegas, Nevada, USA",Blue,Women's Flyweight,KO/TKO,Elbows,3,Juliana Miller,Brogan Walker
Augusto Sakai,Serghei Spivac,8/6/22,"Las Vegas, Nevada, USA",Blue,Heavyweight,KO/TKO,Punches,2,Serghei Spivac,Augusto Sakai
Terrance McKinney,Erick Gonzalez,8/6/22,"Las Vegas, Nevada, USA",Red,Lightweight,SUB,Rear Naked Choke,1,Terrance McKinney,Erick Gonzalez
Sam Alvey,Michal Oleksiejczuk,8/6/22,"Las Vegas, Nevada, USA",Blue,Middleweight,KO/TKO,Punch,1,Michal Oleksiejczuk,Sam Alvey
Bryan Battle,Takashi Sato,8/6/22,"Las Vegas, Nevada, USA",Red,Welterweight,KO/TKO,Kick,1,Bryan Battle,Takashi Sato
Cory McKenna,Miranda Granger,8/6/22,"Las Vegas, Nevada, USA",Red,Women's Strawweight,SUB,Von Flue Choke,2,Cory McKenna,Miranda Granger
Mayra Bueno Silva,Stephanie Egger,8/6/22,"Las Vegas, Nevada, USA",Red,Women's Bantamweight,SUB,Armbar,1,Mayra Bueno Silva,Stephanie Egger
Julianna Pena,Amanda Nunes,7/30/22,"Dallas, Texas, USA",Blue,Women's Bantamweight,U-DEC,None,5,Amanda Nunes,Julianna Pena
Brandon Moreno,Kai Kara-France,7/30/22,"Dallas, Texas, USA",Red,Flyweight,KO/TKO,Kick,3,Brandon Moreno,Kai Kara-France
Derrick Lewis,Sergei Pavlovich,7/30/22,"Dallas, Texas, USA",Blue,Heavyweight,KO/TKO,Punches,1,Sergei Pavlovich,Derrick Lewis
Alexandre Pantoja,Alex Perez,7/30/22,"Dallas, Texas, USA",Red,Flyweight,SUB,Neck Crank,1,Alexandre Pantoja,Alex Perez
Magomed Ankalaev,Anthony Smith,7/30/22,"Dallas, Texas, USA",Red,Light Heavyweight,KO/TKO,Punches,2,Magomed Ankalaev,Anthony Smith
Alex Morono,Matthew Semelsberger,7/30/22,"Dallas, Texas, USA",Red,Welterweight,U-DEC,None,3,Alex Morono,Matthew Semelsberger
Drew Dober,Rafael Alves,7/30/22,"Dallas, Texas, USA",Red,Lightweight,KO/TKO,Punch,3,Drew Dober,Rafael Alves
Drakkar Klose,Rafa Garcia,7/30/22,"Dallas, Texas, USA",Red,Lightweight,U-DEC,None,3,Drakkar Klose,Rafa Garcia
Michael Morales,Adam Fugitt,7/30/22,"Dallas, Texas, USA",Red,Welterweight,KO/TKO,Punch,3,Michael Morales,Adam Fugitt
Joselyne Edwards,Ji Yeon Kim,7/30/22,"Dallas, Texas, USA",Red,Women's Bantamweight,S-DEC,None,3,Joselyne Edwards,Ji Yeon Kim
Nicolae Negumereanu,Ihor Potieria,7/30/22,"Dallas, Texas, USA",Red,Light Heavyweight,KO/TKO,Knees,2,Nicolae Negumereanu,Ihor Potieria
Orion Cosce,Blood Diamond,7/30/22,"Dallas, Texas, USA",Red,Welterweight,U-DEC,None,3,Orion Cosce,Blood Diamond
Curtis Blaydes,Tom Aspinall,7/23/22,"London, England, United Kingdom",Red,Heavyweight,KO/TKO,None,1,Curtis Blaydes,Tom Aspinall
Jack Hermansson,Chris Curtis,7/23/22,"London, England, United Kingdom",Red,Middleweight,U-DEC,None,3,Jack Hermansson,Chris Curtis
Paddy Pimblett,Jordan Leavitt,7/23/22,"London, England, United Kingdom",Red,Lightweight,SUB,Rear Naked Choke,2,Paddy Pimblett,Jordan Leavitt
Nikita Krylov,Alexander Gustafsson,7/23/22,"London, England, United Kingdom",Red,Light Heavyweight,KO/TKO,Punch,1,Nikita Krylov,Alexander Gustafsson
Molly McCann,Hannah Goldy,7/23/22,"London, England, United Kingdom",Red,Women's Flyweight,KO/TKO,Spinning Back Elbow,1,Molly McCann,Hannah Goldy
Paul Craig,Volkan Oezdemir,7/23/22,"London, England, United Kingdom",Blue,Light Heavyweight,U-DEC,None,3,Volkan Oezdemir,Paul Craig
Mason Jones,Ludovit Klein,7/23/22,"London, England, United Kingdom",Blue,Lightweight,U-DEC,None,3,Ludovit Klein,Mason Jones
Marc Diakiese,Damir Hadzovic,7/23/22,"London, England, United Kingdom",Red,Lightweight,U-DEC,None,3,Marc Diakiese,Damir Hadzovic
Nathaniel Wood,Charles Rosa,7/23/22,"London, England, United Kingdom",Red,Featherweight,U-DEC,None,3,Nathaniel Wood,Charles Rosa
Makwan Amirkhani,Jonathan Pearce,7/23/22,"London, England, United Kingdom",Blue,Featherweight,KO/TKO,Punches,2,Jonathan Pearce,Makwan Amirkhani
Muhammad Mokaev,Charles Johnson,7/23/22,"London, England, United Kingdom",Red,Flyweight,U-DEC,None,3,Muhammad Mokaev,Charles Johnson
Jai Herbert,Kyle Nelson,7/23/22,"London, England, United Kingdom",Red,Lightweight,U-DEC,None,3,Jai Herbert,Kyle Nelson
Mandy Bohm,Victoria Leonardo,7/23/22,"London, England, United Kingdom",Blue,Women's Flyweight,U-DEC,None,3,Victoria Leonardo,Mandy Bohm
Claudio Silva,Nicolas Dalby,7/23/22,"London, England, United Kingdom",Blue,Welterweight,U-DEC,None,3,Nicolas Dalby,Claudio Silva
Brian Ortega,Yair Rodriguez,7/16/22,"Elmont, New York, USA",Blue,Featherweight,KO/TKO,None,1,Yair Rodriguez,Brian Ortega
Michelle Waterson-Gomez,Amanda Lemos,7/16/22,"Elmont, New York, USA",Blue,Women's Strawweight,SUB,Guillotine Choke,2,Amanda Lemos,Michelle Waterson-Gomez
Li Jingliang,Muslim Salikhov,7/16/22,"Elmont, New York, USA",Red,Welterweight,KO/TKO,Punches,2,Li Jingliang,Muslim Salikhov
Matt Schnell,Sumudaerji,7/16/22,"Elmont, New York, USA",Red,Flyweight,SUB,Triangle Choke,2,Matt Schnell,Sumudaerji
Shane Burgos,Charles Jourdain,7/16/22,"Elmont, New York, USA",Red,Featherweight,M-DEC,None,3,Shane Burgos,Charles Jourdain
Lauren Murphy,Miesha Tate,7/16/22,"Elmont, New York, USA",Red,Women's Flyweight,U-DEC,None,3,Lauren Murphy,Miesha Tate
Punahele Soriano,Dalcha Lungiambula,7/16/22,"Elmont, New York, USA",Red,Middleweight,KO/TKO,Punch,2,Punahele Soriano,Dalcha Lungiambula
Ricky Simon,Jack Shore,7/16/22,"Elmont, New York, USA",Red,Bantamweight,SUB,Arm Triangle,2,Ricky Simon,Jack Shore
Bill Algeo,Herbert Burns,7/16/22,"Elmont, New York, USA",Red,Featherweight,KO/TKO,None,2,Bill Algeo,Herbert Burns
Dustin Jacoby,Da Woon Jung,7/16/22,"Elmont, New York, USA",Red,Light Heavyweight,KO/TKO,Punch,1,Dustin Jacoby,Da Woon Jung
Dwight Grant,Dustin Stoltzfus,7/16/22,"Elmont, New York, USA",Blue,Middleweight,U-DEC,None,3,Dustin Stoltzfus,Dwight Grant
Jessica Penne,Emily Ducote,7/16/22,"Elmont, New York, USA",Blue,Women's Strawweight,U-DEC,None,3,Emily Ducote,Jessica Penne
Rafael Dos Anjos,Rafael Fiziev,7/9/22,"Las Vegas, Nevada, USA",Blue,Lightweight,KO/TKO,Punch,5,Rafael Fiziev,Rafael Dos Anjos
Caio Borralho,Armen Petrosyan,7/9/22,"Las Vegas, Nevada, USA",Red,Middleweight,U-DEC,None,3,Caio Borralho,Armen Petrosyan
Douglas Silva de Andrade,Said Nurmagomedov,7/9/22,"Las Vegas, Nevada, USA",Blue,Bantamweight,U-DEC,None,3,Said Nurmagomedov,Douglas Silva de Andrade
Jared Vanderaa,Chase Sherman,7/9/22,"Las Vegas, Nevada, USA",Blue,Heavyweight,KO/TKO,Punches,3,Chase Sherman,Jared Vanderaa
Aiemann Zahabi,Ricky Turcios,7/9/22,"Las Vegas, Nevada, USA",Red,Bantamweight,U-DEC,None,3,Aiemann Zahabi,Ricky Turcios
Michael Johnson,Jamie Mullarkey,7/9/22,"Las Vegas, Nevada, USA",Blue,Lightweight,S-DEC,None,3,Jamie Mullarkey,Michael Johnson
Cody Brundage,Tresean Gore,7/9/22,"Las Vegas, Nevada, USA",Red,Middleweight,KO/TKO,Punch,1,Cody Brundage,Tresean Gore
Antonina Shevchenko,Cortney Casey,7/9/22,"Las Vegas, Nevada, USA",Red,Women's Flyweight,S-DEC,None,3,Antonina Shevchenko,Cortney Casey
David Onama,Garrett Armfield,7/9/22,"Las Vegas, Nevada, USA",Red,Featherweight,SUB,Arm Triangle,2,David Onama,Garrett Armfield
Kennedy Nzechukwu,Karl Roberson,7/9/22,"Las Vegas, Nevada, USA",Red,Light Heavyweight,KO/TKO,Elbows,3,Kennedy Nzechukwu,Karl Roberson
Ronnie Lawrence,Saidyokub Kakhramonov,7/9/22,"Las Vegas, Nevada, USA",Blue,Bantamweight,U-DEC,None,3,Saidyokub Kakhramonov,Ronnie Lawrence
Israel Adesanya,Jared Cannonier,7/2/22,"Las Vegas, Nevada, USA",Red,Middleweight,U-DEC,None,5,Israel Adesanya,Jared Cannonier
Alexander Volkanovski,Max Holloway,7/2/22,"Las Vegas, Nevada, USA",Red,Featherweight,U-DEC,None,5,Alexander Volkanovski,Max Holloway
Sean Strickland,Alex Pereira,7/2/22,"Las Vegas, Nevada, USA",Blue,Middleweight,KO/TKO,Punches,1,Alex Pereira,Sean Strickland
Robbie Lawler,Bryan Barberena,7/2/22,"Las Vegas, Nevada, USA",Blue,Welterweight,KO/TKO,Punches,2,Bryan Barberena,Robbie Lawler
Brad Riddell,Jalin Turner,7/2/22,"Las Vegas, Nevada, USA",Blue,Lightweight,SUB,Guillotine Choke,1,Jalin Turner,Brad Riddell
Jim Miller,Donald Cerrone,7/2/22,"Las Vegas, Nevada, USA",Red,Welterweight,SUB,Guillotine Choke,2,Jim Miller,Donald Cerrone
Ian Garry,Gabe Green,7/2/22,"Las Vegas, Nevada, USA",Red,Welterweight,U-DEC,None,3,Ian Garry,Gabe Green
Brad Tavares,Dricus Du Plessis,7/2/22,"Las Vegas, Nevada, USA",Blue,Middleweight,U-DEC,None,3,Dricus Du Plessis,Brad Tavares
Uriah Hall,Andre Muniz,7/2/22,"Las Vegas, Nevada, USA",Blue,Middleweight,U-DEC,None,3,Andre Muniz,Uriah Hall
Jessica Eye,Maycee Barber,7/2/22,"Las Vegas, Nevada, USA",Blue,Women's Flyweight,U-DEC,None,3,Maycee Barber,Jessica Eye
Jessica-Rose Clark,Julija Stoliarenko,7/2/22,"Las Vegas, Nevada, USA",Blue,Women's Bantamweight,SUB,Armbar,1,Julija Stoliarenko,Jessica-Rose Clark
Arman Tsarukyan,Mateusz Gamrot,6/25/22,"Las Vegas, Nevada, USA",Blue,Lightweight,U-DEC,None,5,Mateusz Gamrot,Arman Tsarukyan
Neil Magny,Shavkat Rakhmonov,6/25/22,"Las Vegas, Nevada, USA",Blue,Welterweight,SUB,Guillotine Choke,2,Shavkat Rakhmonov,Neil Magny
Josh Parisian,Alan Baudot,6/25/22,"Las Vegas, Nevada, USA",Red,Heavyweight,KO/TKO,Punches,2,Josh Parisian,Alan Baudot
Thiago Moises,Christos Giagos,6/25/22,"Las Vegas, Nevada, USA",Red,Lightweight,SUB,Rear Naked Choke,1,Thiago Moises,Christos Giagos
Nate Maness,Umar Nurmagomedov,6/25/22,"Las Vegas, Nevada, USA",Blue,Bantamweight,U-DEC,None,3,Umar Nurmagomedov,Nate Maness
Chris Curtis,Rodolfo Vieira,6/25/22,"Las Vegas, Nevada, USA",Red,Middleweight,U-DEC,None,3,Chris Curtis,Rodolfo Vieira
Carlos Ulberg,Tafon Nchukwi,6/25/22,"Las Vegas, Nevada, USA",Red,Light Heavyweight,KO/TKO,Punches,1,Carlos Ulberg,Tafon Nchukwi
Shayilan Nuerdanbieke,TJ Brown,6/25/22,"Las Vegas, Nevada, USA",Red,Featherweight,U-DEC,None,3,Shayilan Nuerdanbieke,TJ Brown
Raulian Paiva,Sergey Morozov,6/25/22,"Las Vegas, Nevada, USA",Blue,Bantamweight,U-DEC,None,3,Sergey Morozov,Raulian Paiva
JP Buys,Cody Durden,6/25/22,"Las Vegas, Nevada, USA",Blue,Flyweight,KO/TKO,Punch,1,Cody Durden,JP Buys
Brian Kelleher,Mario Bautista,6/25/22,"Las Vegas, Nevada, USA",Blue,Bantamweight,SUB,Rear Naked Choke,1,Mario Bautista,Brian Kelleher
Vanessa Demopoulos,Jinh Yu Frey,6/25/22,"Las Vegas, Nevada, USA",Red,Women's Strawweight,S-DEC,None,3,Vanessa Demopoulos,Jinh Yu Frey
Calvin Kattar,Josh Emmett,6/18/22,"Austin, Texas, USA",Blue,Featherweight,S-DEC,None,5,Josh Emmett,Calvin Kattar
Tim Means,Kevin Holland,6/18/22,"Austin, Texas, USA",Blue,Welterweight,SUB,D'Arce Choke,2,Kevin Holland,Tim Means
Joaquin Buckley,Albert Duraev,6/18/22,"Austin, Texas, USA",Red,Middleweight,KO/TKO,None,2,Joaquin Buckley,Albert Duraev
Damir Ismagulov,Guram Kutateladze,6/18/22,"Austin, Texas, USA",Red,Lightweight,S-DEC,None,3,Damir Ismagulov,Guram Kutateladze
Julian Marquez,Gregory Rodrigues,6/18/22,"Austin, Texas, USA",Blue,Middleweight,KO/TKO,Punch,1,Gregory Rodrigues,Julian Marquez
Adrian Yanez,Tony Kelley,6/18/22,"Austin, Texas, USA",Red,Bantamweight,KO/TKO,Punches,1,Adrian Yanez,Tony Kelley
Jasmine Jasudavicius,Natalia Silva,6/18/22,"Austin, Texas, USA",Blue,Women's Flyweight,U-DEC,None,3,Natalia Silva,Jasmine Jasudavicius
Court McGee,Jeremiah Wells,6/18/22,"Austin, Texas, USA",Blue,Welterweight,KO/TKO,Punch,1,Jeremiah Wells,Court McGee
Ricardo Ramos,Danny Chavez,6/18/22,"Austin, Texas, USA",Red,Featherweight,KO/TKO,Spinning Back Elbow,1,Ricardo Ramos,Danny Chavez
Maria Oliveira,Gloria de Paula,6/18/22,"Austin, Texas, USA",Red,Women's Strawweight,S-DEC,None,3,Maria Oliveira,Gloria de Paula
Eddie Wineland,Cody Stamann,6/18/22,"Austin, Texas, USA",Blue,Bantamweight,KO/TKO,Punches,1,Cody Stamann,Eddie Wineland
Phil Hawes,Deron Winn,6/18/22,"Austin, Texas, USA",Red,Middleweight,KO/TKO,Elbows,2,Phil Hawes,Deron Winn
Roman Dolidze,Kyle Daukaus,6/18/22,"Austin, Texas, USA",Red,Middleweight,KO/TKO,Knee,1,Roman Dolidze,Kyle Daukaus
Glover Teixeira,Jiri Prochazka,6/11/22,"Kallang, Singapore",Blue,Light Heavyweight,SUB,Rear Naked Choke,5,Jiri Prochazka,Glover Teixeira
Valentina Shevchenko,Taila Santos,6/11/22,"Kallang, Singapore",Red,Women's Flyweight,S-DEC,None,5,Valentina Shevchenko,Taila Santos
Zhang Weili,Joanna Jedrzejczyk,6/11/22,"Kallang, Singapore",Red,Women's Strawweight,KO/TKO,Spinning Back Fist,2,Zhang Weili,Joanna Jedrzejczyk
Andre Fialho,Jake Matthews,6/11/22,"Kallang, Singapore",Blue,Welterweight,KO/TKO,Punch,2,Jake Matthews,Andre Fialho
Jack Della Maddalena,Ramazan Emeev,6/11/22,"Kallang, Singapore",Red,Welterweight,KO/TKO,Punch,1,Jack Della Maddalena,Ramazan Emeev
SeungWoo Choi,Josh Culibao,6/11/22,"Kallang, Singapore",Blue,Featherweight,S-DEC,None,3,Josh Culibao,SeungWoo Choi
Maheshate,Steve Garcia,6/11/22,"Kallang, Singapore",Red,Lightweight,KO/TKO,Punch,1,Maheshate,Steve Garcia
Brendan Allen,Jacob Malkoun,6/11/22,"Kallang, Singapore",Red,Middleweight,U-DEC,None,3,Brendan Allen,Jacob Malkoun
Kyung Ho Kang,Batgerel Danaa,6/11/22,"Kallang, Singapore",Red,Bantamweight,U-DEC,None,3,Kyung Ho Kang,Batgerel Danaa
Liang Na,Silvana Gomez Juarez,6/11/22,"Kallang, Singapore",Blue,Women's Strawweight,KO/TKO,Punches,1,Silvana Gomez Juarez,Liang Na
Ramona Pascual,Joselyne Edwards,6/11/22,"Kallang, Singapore",Blue,Women's Featherweight,U-DEC,None,3,Joselyne Edwards,Ramona Pascual
Alexander Volkov,Jairzinho Rozenstruik,6/4/22,"Las Vegas, Nevada, USA",Red,Heavyweight,KO/TKO,Punches,1,Alexander Volkov,Jairzinho Rozenstruik
Dan Ige,Movsar Evloev,6/4/22,"Las Vegas, Nevada, USA",Blue,Featherweight,U-DEC,None,3,Movsar Evloev,Dan Ige
Michael Trizano,Lucas Almeida,6/4/22,"Las Vegas, Nevada, USA",Blue,Featherweight,KO/TKO,Punches,3,Lucas Almeida,Michael Trizano
Karine Silva,Poliana Botelho,6/4/22,"Las Vegas, Nevada, USA",Red,Women's Flyweight,SUB,D'Arce Choke,1,Karine Silva,Poliana Botelho
Ode Osbourne,Zarrukh Adashev,6/4/22,"Las Vegas, Nevada, USA",Red,Flyweight,KO/TKO,Punch,1,Ode Osbourne,Zarrukh Adashev
Alonzo Menifield,Askar Mozharov,6/4/22,"Las Vegas, Nevada, USA",Red,Light Heavyweight,KO/TKO,Elbows,1,Alonzo Menifield,Askar Mozharov
Felice Herrig,Karolina Kowalkiewicz,6/4/22,"Las Vegas, Nevada, USA",Blue,Women's Strawweight,SUB,Rear Naked Choke,2,Karolina Kowalkiewicz,Felice Herrig
Joe Solecki,Alex Da Silva,6/4/22,"Las Vegas, Nevada, USA",Red,Lightweight,M-DEC,None,3,Joe Solecki,Alex Da Silva
Damon Jackson,Dan Argueta,6/4/22,"Las Vegas, Nevada, USA",Red,Featherweight,U-DEC,None,3,Damon Jackson,Dan Argueta
Niklas Stolze,Benoit Saint Denis,6/4/22,"Las Vegas, Nevada, USA",Blue,Lightweight,SUB,Rear Naked Choke,2,Benoit Saint Denis,Niklas Stolze
Johnny Munoz,Tony Gravely,6/4/22,"Las Vegas, Nevada, USA",Blue,Bantamweight,KO/TKO,Punch,1,Tony Gravely,Johnny Munoz
Jeff Molina,Zhalgas Zhumagulov,6/4/22,"Las Vegas, Nevada, USA",Red,Flyweight,S-DEC,None,3,Jeff Molina,Zhalgas Zhumagulov
Rinat Fakhretdinov,Andreas Michailidis,6/4/22,"Las Vegas, Nevada, USA",Red,Welterweight,U-DEC,None,3,Rinat Fakhretdinov,Andreas Michailidis
Erin Blanchfield,JJ Aldrich,6/4/22,"Las Vegas, Nevada, USA",Red,Women's Flyweight,SUB,Guillotine Choke,2,Erin Blanchfield,JJ Aldrich
Holly Holm,Ketlen Vieira,5/21/22,"Las Vegas, Nevada, USA",Blue,Women's Bantamweight,S-DEC,None,5,Ketlen Vieira,Holly Holm
Santiago Ponzinibbio,Michel Pereira,5/21/22,"Las Vegas, Nevada, USA",Blue,Welterweight,S-DEC,None,3,Michel Pereira,Santiago Ponzinibbio
Chidi Njokuani,Dusko Todorovic,5/21/22,"Las Vegas, Nevada, USA",Red,Middleweight,KO/TKO,Elbow,1,Chidi Njokuani,Dusko Todorovic
Polyana Viana,Tabatha Ricci,5/21/22,"Las Vegas, Nevada, USA",Blue,Women's Strawweight,U-DEC,None,3,Tabatha Ricci,Polyana Viana
Eryk Anders,JunYong Park,5/21/22,"Las Vegas, Nevada, USA",Blue,Middleweight,S-DEC,None,3,JunYong Park,Eryk Anders
Joseph Holmes,Alen Amedovski,5/21/22,"Las Vegas, Nevada, USA",Red,Middleweight,SUB,Rear Naked Choke,1,Joseph Holmes,Alen Amedovski
Jailton Almeida,Parker Porter,5/21/22,"Las Vegas, Nevada, USA",Red,Heavyweight,SUB,Rear Naked Choke,1,Jailton Almeida,Parker Porter
Omar Morales,Uros Medic,5/21/22,"Las Vegas, Nevada, USA",Blue,Lightweight,KO/TKO,Punch,2,Uros Medic,Omar Morales
Jonathan Martinez,Vince Morales,5/21/22,"Las Vegas, Nevada, USA",Red,Bantamweight,U-DEC,None,3,Jonathan Martinez,Vince Morales
Chase Hooper,Felipe Colares,5/21/22,"Las Vegas, Nevada, USA",Red,Featherweight,KO/TKO,Punches,3,Chase Hooper,Felipe Colares
Elise Reed,Sam Hughes,5/21/22,"Las Vegas, Nevada, USA",Blue,Women's Strawweight,KO/TKO,Elbows,3,Sam Hughes,Elise Reed
Jan Blachowicz,Aleksandar Rakic,5/14/22,"Las Vegas, Nevada, USA",Red,Light Heavyweight,KO/TKO,None,3,Jan Blachowicz,Aleksandar Rakic
Ryan Spann,Ion Cutelaba,5/14/22,"Las Vegas, Nevada, USA",Red,Light Heavyweight,SUB,Guillotine Choke,1,Ryan Spann,Ion Cutelaba
Davey Grant,Louis Smolka,5/14/22,"Las Vegas, Nevada, USA",Red,Bantamweight,KO/TKO,Punches,3,Davey Grant,Louis Smolka
Katlyn Chookagian,Amanda Ribas,5/14/22,"Las Vegas, Nevada, USA",Red,Women's Flyweight,S-DEC,None,3,Katlyn Chookagian,Amanda Ribas
Frank Camacho,Manuel Torres,5/14/22,"Las Vegas, Nevada, USA",Blue,Lightweight,KO/TKO,Punches,1,Manuel Torres,Frank Camacho
Jake Hadley,Allan Nascimento,5/14/22,"Las Vegas, Nevada, USA",Blue,Flyweight,U-DEC,None,3,Allan Nascimento,Jake Hadley
Viviane Araujo,Andrea Lee,5/14/22,"Las Vegas, Nevada, USA",Red,Women's Flyweight,U-DEC,None,3,Viviane Araujo,Andrea Lee
Michael Johnson,Alan Patrick,5/14/22,"Las Vegas, Nevada, USA",Red,Lightweight,KO/TKO,Punch,2,Michael Johnson,Alan Patrick
Virna Jandiroba,Angela Hill,5/14/22,"Las Vegas, Nevada, USA",Red,Women's Strawweight,U-DEC,None,3,Virna Jandiroba,Angela Hill
Tatsuro Taira,Carlos Candelario,5/14/22,"Las Vegas, Nevada, USA",Red,Flyweight,U-DEC,None,3,Tatsuro Taira,Carlos Candelario
Nick Maximov,Andre Petroski,5/14/22,"Las Vegas, Nevada, USA",Blue,Middleweight,SUB,Anaconda Choke,1,Andre Petroski,Nick Maximov
Charles Oliveira,Justin Gaethje,5/7/22,"Phoenix, Arizona, USA",Red,Lightweight,SUB,Rear Naked Choke,1,Charles Oliveira,Justin Gaethje
Rose Namajunas,Carla Esparza,5/7/22,"Phoenix, Arizona, USA",Blue,Women's Strawweight,S-DEC,None,5,Carla Esparza,Rose Namajunas
Michael Chandler,Tony Ferguson,5/7/22,"Phoenix, Arizona, USA",Red,Lightweight,KO/TKO,Kick,2,Michael Chandler,Tony Ferguson
Mauricio Rua,Ovince Saint Preux,5/7/22,"Phoenix, Arizona, USA",Blue,Light Heavyweight,S-DEC,None,3,Ovince Saint Preux,Mauricio Rua
Randy Brown,Khaos Williams,5/7/22,"Phoenix, Arizona, USA",Red,Welterweight,S-DEC,None,3,Randy Brown,Khaos Williams
Francisco Trinaldo,Danny Roberts,5/7/22,"Phoenix, Arizona, USA",Red,Welterweight,U-DEC,None,3,Francisco Trinaldo,Danny Roberts
Macy Chiasson,Norma Dumont,5/7/22,"Phoenix, Arizona, USA",Red,Women's Featherweight,S-DEC,None,3,Macy Chiasson,Norma Dumont
Brandon Royval,Matt Schnell,5/7/22,"Phoenix, Arizona, USA",Red,Flyweight,SUB,Guillotine Choke,1,Brandon Royval,Matt Schnell
Blagoy Ivanov,Marcos Rogerio de Lima,5/7/22,"Phoenix, Arizona, USA",Red,Heavyweight,U-DEC,None,3,Blagoy Ivanov,Marcos Rogerio de Lima
Andre Fialho,Cameron VanCamp,5/7/22,"Phoenix, Arizona, USA",Red,Welterweight,KO/TKO,Punch,1,Andre Fialho,Cameron VanCamp
Tracy Cortez,Melissa Gatto,5/7/22,"Phoenix, Arizona, USA",Red,Women's Flyweight,U-DEC,None,3,Tracy Cortez,Melissa Gatto
Kleydson Rodrigues,CJ Vergara,5/7/22,"Phoenix, Arizona, USA",Blue,Flyweight,S-DEC,None,3,CJ Vergara,Kleydson Rodrigues
Ariane Carnelossi,Loopy Godinez,5/7/22,"Phoenix, Arizona, USA",Blue,Women's Strawweight,U-DEC,None,3,Loopy Godinez,Ariane Carnelossi
Journey Newson,Fernie Garcia,5/7/22,"Phoenix, Arizona, USA",Red,Bantamweight,U-DEC,None,3,Journey Newson,Fernie Garcia
Rob Font,Marlon Vera,4/30/22,"Las Vegas, Nevada, USA",Blue,Bantamweight,U-DEC,None,5,Marlon Vera,Rob Font
Andrei Arlovski,Jake Collier,4/30/22,"Las Vegas, Nevada, USA",Red,Heavyweight,S-DEC,None,3,Andrei Arlovski,Jake Collier
Andre Fili,Joanderson Brito,4/30/22,"Las Vegas, Nevada, USA",Blue,Featherweight,KO/TKO,Punch,1,Joanderson Brito,Andre Fili
Jared Gordon,Grant Dawson,4/30/22,"Las Vegas, Nevada, USA",Blue,Lightweight,SUB,Rear Naked Choke,3,Grant Dawson,Jared Gordon
Darren Elkins,Tristan Connelly,4/30/22,"Las Vegas, Nevada, USA",Red,Featherweight,U-DEC,None,3,Darren Elkins,Tristan Connelly
Krzysztof Jotko,Gerald Meerschaert,4/30/22,"Las Vegas, Nevada, USA",Red,Middleweight,U-DEC,None,3,Krzysztof Jotko,Gerald Meerschaert
Alexandr Romanov,Chase Sherman,4/30/22,"Las Vegas, Nevada, USA",Red,Heavyweight,SUB,Keylock,1,Alexandr Romanov,Chase Sherman
Daniel Lacerda,Francisco Figueiredo,4/30/22,"Las Vegas, Nevada, USA",Blue,Flyweight,SUB,Kneebar,1,Francisco Figueiredo,Daniel Lacerda
Gabe Green,Yohan Lainesse,4/30/22,"Las Vegas, Nevada, USA",Red,Welterweight,KO/TKO,Punches,2,Gabe Green,Yohan Lainesse
Natan Levy,Mike Breeden,4/30/22,"Las Vegas, Nevada, USA",Red,Lightweight,U-DEC,None,3,Natan Levy,Mike Breeden
Gina Mazany,Shanna Young,4/30/22,"Las Vegas, Nevada, USA",Blue,Women's Flyweight,KO/TKO,Punches,2,Shanna Young,Gina Mazany
Amanda Lemos,Jessica Andrade,4/23/22,"Las Vegas, Nevada, USA",Blue,Women's Strawweight,SUB,Arm Triangle,1,Jessica Andrade,Amanda Lemos
Clay Guida,Claudio Puelles,4/23/22,"Las Vegas, Nevada, USA",Blue,Lightweight,SUB,Kneebar,1,Claudio Puelles,Clay Guida
Maycee Barber,Montana De La Rosa,4/23/22,"Las Vegas, Nevada, USA",Red,Women's Flyweight,U-DEC,None,3,Maycee Barber,Montana De La Rosa
Lando Vannata,Charles Jourdain,4/23/22,"Las Vegas, Nevada, USA",Blue,Featherweight,SUB,Guillotine Choke,1,Charles Jourdain,Lando Vannata
Jordan Wright,Marc-Andre Barriault,4/23/22,"Las Vegas, Nevada, USA",Blue,Catch Weight,SUB,Guillotine Choke,1,Marc-Andre Barriault,Jordan Wright
Dwight Grant,Sergey Khandozhko,4/23/22,"Las Vegas, Nevada, USA",Blue,Welterweight,KO/TKO,Punches,2,Sergey Khandozhko,Dwight Grant
Tyson Pedro,Ike Villanueva,4/23/22,"Las Vegas, Nevada, USA",Red,Light Heavyweight,KO/TKO,Punches,1,Tyson Pedro,Ike Villanueva
Aoriqileng,Cameron Else,4/23/22,"Las Vegas, Nevada, USA",Red,Bantamweight,KO/TKO,Punches,1,Aoriqileng,Cameron Else
Preston Parsons,Evan Elder,4/23/22,"Las Vegas, Nevada, USA",Red,Welterweight,U-DEC,None,3,Preston Parsons,Evan Elder
Marcin Prachnio,Philipe Lins,4/23/22,"Las Vegas, Nevada, USA",Blue,Light Heavyweight,U-DEC,None,3,Philipe Lins,Marcin Prachnio
Dean Barry,Mike Jackson,4/23/22,"Las Vegas, Nevada, USA",Blue,Welterweight,DQ,None,1,Mike Jackson,Dean Barry
Vicente Luque,Belal Muhammad,4/16/22,"Las Vegas, Nevada, USA",Blue,Welterweight,U-DEC,None,5,Belal Muhammad,Vicente Luque
Caio Borralho,Gadzhi Omargadzhiev,4/16/22,"Las Vegas, Nevada, USA",Red,Middleweight,U-DEC,None,3,Caio Borralho,Gadzhi Omargadzhiev
Miguel Baeza,Andre Fialho,4/16/22,"Las Vegas, Nevada, USA",Blue,Welterweight,KO/TKO,Punches,1,Andre Fialho,Miguel Baeza
Mayra Bueno Silva,Wu Yanan,4/16/22,"Las Vegas, Nevada, USA",Red,Women's Bantamweight,U-DEC,None,3,Mayra Bueno Silva,Wu Yanan
Pat Sabatini,TJ Laramie,4/16/22,"Las Vegas, Nevada, USA",Red,Featherweight,U-DEC,None,3,Pat Sabatini,TJ Laramie
Mounir Lazzez,Ange Loosa,4/16/22,"Las Vegas, Nevada, USA",Red,Welterweight,U-DEC,None,3,Mounir Lazzez,Ange Loosa
Devin Clark,William Knight,4/16/22,"Las Vegas, Nevada, USA",Red,Heavyweight,KO/TKO,Punches,3,Devin Clark,William Knight
Lina Lansberg,Pannie Kianzad,4/16/22,"Las Vegas, Nevada, USA",Blue,Women's Bantamweight,U-DEC,None,3,Pannie Kianzad,Lina Lansberg
Drakkar Klose,Brandon Jenkins,4/16/22,"Las Vegas, Nevada, USA",Red,Lightweight,KO/TKO,Punches,2,Drakkar Klose,Brandon Jenkins
Rafa Garcia,Jesse Ronson,4/16/22,"Las Vegas, Nevada, USA",Red,Lightweight,SUB,Rear Naked Choke,2,Rafa Garcia,Jesse Ronson
Chris Barnett,Martin Buday,4/16/22,"Las Vegas, Nevada, USA",Blue,Heavyweight,U-DEC,None,3,Martin Buday,Chris Barnett
Jordan Leavitt,Trey Ogden,4/16/22,"Las Vegas, Nevada, USA",Red,Lightweight,S-DEC,None,3,Jordan Leavitt,Trey Ogden
Istela Nunes,Sam Hughes,4/16/22,"Las Vegas, Nevada, USA",Blue,Women's Strawweight,M-DEC,None,3,Sam Hughes,Istela Nunes
Alatengheili,Kevin Croom,4/16/22,"Las Vegas, Nevada, USA",Red,Bantamweight,KO/TKO,Punches,1,Alatengheili,Kevin Croom
Alexander Volkanovski,Chan Sung Jung,4/9/22,"Jacksonville, Florida, USA",Red,Featherweight,KO/TKO,Punches,4,Alexander Volkanovski,Chan Sung Jung
Aljamain Sterling,Petr Yan,4/9/22,"Jacksonville, Florida, USA",Red,Bantamweight,S-DEC,None,5,Aljamain Sterling,Petr Yan
Gilbert Burns,Khamzat Chimaev,4/9/22,"Jacksonville, Florida, USA",Blue,Welterweight,U-DEC,None,3,Khamzat Chimaev,Gilbert Burns
Mackenzie Dern,Tecia Torres,4/9/22,"Jacksonville, Florida, USA",Red,Women's Strawweight,S-DEC,None,3,Mackenzie Dern,Tecia Torres
Vinc Pichel,Mark Madsen,4/9/22,"Jacksonville, Florida, USA",Blue,Lightweight,U-DEC,None,3,Mark Madsen,Vinc Pichel
Ian Garry,Darian Weeks,4/9/22,"Jacksonville, Florida, USA",Red,Welterweight,U-DEC,None,3,Ian Garry,Darian Weeks
Anthony Hernandez,Josh Fremd,4/9/22,"Jacksonville, Florida, USA",Red,Middleweight,U-DEC,None,3,Anthony Hernandez,Josh Fremd
Aspen Ladd,Raquel Pennington,4/9/22,"Jacksonville, Florida, USA",Blue,Women's Bantamweight,U-DEC,None,3,Raquel Pennington,Aspen Ladd
Mickey Gall,Mike Malott,4/9/22,"Jacksonville, Florida, USA",Blue,Welterweight,KO/TKO,Punch,1,Mike Malott,Mickey Gall
Aleksei Oleinik,Jared Vanderaa,4/9/22,"Jacksonville, Florida, USA",Red,Heavyweight,SUB,Scarf Hold,1,Aleksei Oleinik,Jared Vanderaa
Piera Rodriguez,Kay Hansen,4/9/22,"Jacksonville, Florida, USA",Red,Women's Strawweight,U-DEC,None,3,Piera Rodriguez,Kay Hansen
Julio Arce,Daniel Santos,4/9/22,"Jacksonville, Florida, USA",Red,Bantamweight,U-DEC,None,3,Julio Arce,Daniel Santos
Curtis Blaydes,Chris Daukaus,3/26/22,"Columbus, Ohio, USA",Red,Heavyweight,KO/TKO,Punch,2,Curtis Blaydes,Chris Daukaus
Joanne Wood,Alexa Grasso,3/26/22,"Columbus, Ohio, USA",Blue,Women's Flyweight,SUB,Rear Naked Choke,1,Alexa Grasso,Joanne Wood
Matt Brown,Bryan Barberena,3/26/22,"Columbus, Ohio, USA",Blue,Welterweight,S-DEC,None,3,Bryan Barberena,Matt Brown
Askar Askarov,Kai Kara-France,3/26/22,"Columbus, Ohio, USA",Blue,Flyweight,U-DEC,None,3,Kai Kara-France,Askar Askarov
Neil Magny,Max Griffin,3/26/22,"Columbus, Ohio, USA",Red,Welterweight,S-DEC,None,3,Neil Magny,Max Griffin
Marc Diakiese,Viacheslav Borshchev,3/26/22,"Columbus, Ohio, USA",Red,Lightweight,U-DEC,None,3,Marc Diakiese,Viacheslav Borshchev
Sara McMann,Karol Rosa,3/26/22,"Columbus, Ohio, USA",Red,Women's Bantamweight,U-DEC,None,3,Sara McMann,Karol Rosa
Chris Gutierrez,Batgerel Danaa,3/26/22,"Columbus, Ohio, USA",Red,Bantamweight,KO/TKO,Spinning Back Fist,2,Chris Gutierrez,Batgerel Danaa
Aliaskhab Khizriev,Denis Tiuliulin,3/26/22,"Columbus, Ohio, USA",Red,Middleweight,SUB,Rear Naked Choke,2,Aliaskhab Khizriev,Denis Tiuliulin
Jennifer Maia,Manon Fiorot,3/26/22,"Columbus, Ohio, USA",Blue,Women's Flyweight,U-DEC,None,3,Manon Fiorot,Jennifer Maia
Matheus Nicolau,David Dvorak,3/26/22,"Columbus, Ohio, USA",Red,Flyweight,U-DEC,None,3,Matheus Nicolau,David Dvorak
Luis Saldana,Bruno Souza,3/26/22,"Columbus, Ohio, USA",Red,Featherweight,U-DEC,None,3,Luis Saldana,Bruno Souza
Alexander Volkov,Tom Aspinall,3/19/22,"London, England, United Kingdom",Blue,Heavyweight,SUB,Straight Armbar,1,Tom Aspinall,Alexander Volkov
Arnold Allen,Dan Hooker,3/19/22,"London, England, United Kingdom",Red,Featherweight,KO/TKO,Punches,1,Arnold Allen,Dan Hooker
Paddy Pimblett,Kazula Vargas,3/19/22,"London, England, United Kingdom",Red,Lightweight,SUB,Rear Naked Choke,1,Paddy Pimblett,Kazula Vargas
Gunnar Nelson,Takashi Sato,3/19/22,"London, England, United Kingdom",Red,Welterweight,U-DEC,None,3,Gunnar Nelson,Takashi Sato
Molly McCann,Luana Carolina,3/19/22,"London, England, United Kingdom",Red,Women's Flyweight,KO/TKO,Spinning Back Elbow,3,Molly McCann,Luana Carolina
Jai Herbert,Ilia Topuria,3/19/22,"London, England, United Kingdom",Blue,Lightweight,KO/TKO,Punch,2,Ilia Topuria,Jai Herbert
Mike Grundy,Makwan Amirkhani,3/19/22,"London, England, United Kingdom",Blue,Featherweight,SUB,Anaconda Choke,1,Makwan Amirkhani,Mike Grundy
Shamil Abdurakhimov,Sergei Pavlovich,3/19/22,"London, England, United Kingdom",Blue,Heavyweight,KO/TKO,Punches,1,Sergei Pavlovich,Shamil Abdurakhimov
Nikita Krylov,Paul Craig,3/19/22,"London, England, United Kingdom",Blue,Light Heavyweight,SUB,Triangle Choke,1,Paul Craig,Nikita Krylov
Jack Shore,Timur Valiev,3/19/22,"London, England, United Kingdom",Red,Bantamweight,U-DEC,None,3,Jack Shore,Timur Valiev
Cory McKenna,Elise Reed,3/19/22,"London, England, United Kingdom",Blue,Women's Strawweight,S-DEC,None,3,Elise Reed,Cory McKenna
Muhammad Mokaev,Cody Durden,3/19/22,"London, England, United Kingdom",Red,Flyweight,SUB,Guillotine Choke,1,Muhammad Mokaev,Cody Durden
Thiago Santos,Magomed Ankalaev,3/12/22,"Las Vegas, Nevada, USA",Blue,Light Heavyweight,U-DEC,None,5,Magomed Ankalaev,Thiago Santos
Marlon Moraes,Song Yadong,3/12/22,"Las Vegas, Nevada, USA",Blue,Bantamweight,KO/TKO,Punch,1,Song Yadong,Marlon Moraes
Sodiq Yusuff,Alex Caceres,3/12/22,"Las Vegas, Nevada, USA",Red,Featherweight,U-DEC,None,3,Sodiq Yusuff,Alex Caceres
Khalil Rountree Jr.,Karl Roberson,3/12/22,"Las Vegas, Nevada, USA",Red,Light Heavyweight,KO/TKO,Punch,2,Khalil Rountree Jr.,Karl Roberson
Drew Dober,Terrance McKinney,3/12/22,"Las Vegas, Nevada, USA",Red,Lightweight,KO/TKO,Punches,1,Drew Dober,Terrance McKinney
Alex Pereira,Bruno Silva,3/12/22,"Las Vegas, Nevada, USA",Red,Middleweight,U-DEC,None,3,Alex Pereira,Bruno Silva
Matthew Semelsberger,AJ Fletcher,3/12/22,"Las Vegas, Nevada, USA",Red,Welterweight,U-DEC,None,3,Matthew Semelsberger,AJ Fletcher
JJ Aldrich,Gillian Robertson,3/12/22,"Las Vegas, Nevada, USA",Red,Women's Flyweight,U-DEC,None,3,JJ Aldrich,Gillian Robertson
Trevin Jones,Javid Basharat,3/12/22,"Las Vegas, Nevada, USA",Blue,Bantamweight,U-DEC,None,3,Javid Basharat,Trevin Jones
Damon Jackson,Kamuela Kirk,3/12/22,"Las Vegas, Nevada, USA",Red,Featherweight,SUB,Arm Triangle,2,Damon Jackson,Kamuela Kirk
Sabina Mazo,Miranda Maverick,3/12/22,"Las Vegas, Nevada, USA",Blue,Women's Flyweight,SUB,Rear Naked Choke,2,Miranda Maverick,Sabina Mazo
Dalcha Lungiambula,Cody Brundage,3/12/22,"Las Vegas, Nevada, USA",Blue,Middleweight,SUB,Guillotine Choke,1,Cody Brundage,Dalcha Lungiambula
Kris Moutinho,Guido Cannetti,3/12/22,"Las Vegas, Nevada, USA",Blue,Bantamweight,KO/TKO,Punches,1,Guido Cannetti,Kris Moutinho
Tafon Nchukwi,Azamat Murzakanov,3/12/22,"Las Vegas, Nevada, USA",Blue,Light Heavyweight,KO/TKO,Knee,3,Azamat Murzakanov,Tafon Nchukwi
Colby Covington,Jorge Masvidal,3/5/22,"Las Vegas, Nevada, USA",Red,Welterweight,U-DEC,None,5,Colby Covington,Jorge Masvidal
Rafael Dos Anjos,Renato Moicano,3/5/22,"Las Vegas, Nevada, USA",Red,Catch Weight,U-DEC,None,5,Rafael Dos Anjos,Renato Moicano
Edson Barboza,Bryce Mitchell,3/5/22,"Las Vegas, Nevada, USA",Blue,Featherweight,U-DEC,None,3,Bryce Mitchell,Edson Barboza
Kevin Holland,Alex Oliveira,3/5/22,"Las Vegas, Nevada, USA",Red,Welterweight,KO/TKO,Elbows,2,Kevin Holland,Alex Oliveira
Serghei Spivac,Greg Hardy,3/5/22,"Las Vegas, Nevada, USA",Red,Heavyweight,KO/TKO,Punches,1,Serghei Spivac,Greg Hardy
Jalin Turner,Jamie Mullarkey,3/5/22,"Las Vegas, Nevada, USA",Red,Lightweight,KO/TKO,Punch,2,Jalin Turner,Jamie Mullarkey
Marina Rodriguez,Yan Xiaonan,3/5/22,"Las Vegas, Nevada, USA",Red,Women's Strawweight,S-DEC,None,3,Marina Rodriguez,Yan Xiaonan
Nicolae Negumereanu,Kennedy Nzechukwu,3/5/22,"Las Vegas, Nevada, USA",Red,Light Heavyweight,S-DEC,None,3,Nicolae Negumereanu,Kennedy Nzechukwu
Maryna Moroz,Mariya Agapova,3/5/22,"Las Vegas, Nevada, USA",Red,Women's Flyweight,SUB,Arm Triangle,2,Maryna Moroz,Mariya Agapova
Brian Kelleher,Umar Nurmagomedov,3/5/22,"Las Vegas, Nevada, USA",Blue,Featherweight,SUB,Rear Naked Choke,1,Umar Nurmagomedov,Brian Kelleher
Tim Elliott,Tagir Ulanbekov,3/5/22,"Las Vegas, Nevada, USA",Red,Flyweight,U-DEC,None,3,Tim Elliott,Tagir Ulanbekov
Devonte Smith,Ludovit Klein,3/5/22,"Las Vegas, Nevada, USA",Blue,Lightweight,S-DEC,None,3,Ludovit Klein,Devonte Smith
Dustin Jacoby,Michal Oleksiejczuk,3/5/22,"Las Vegas, Nevada, USA",Red,Light Heavyweight,U-DEC,None,3,Dustin Jacoby,Michal Oleksiejczuk
Islam Makhachev,Bobby Green,2/26/22,"Las Vegas, Nevada, USA",Red,Catch Weight,KO/TKO,Punches,1,Islam Makhachev,Bobby Green
Misha Cirkunov,Wellington Turman,2/26/22,"Las Vegas, Nevada, USA",Blue,Middleweight,SUB,Armbar,2,Wellington Turman,Misha Cirkunov
Ji Yeon Kim,Priscila Cachoeira,2/26/22,"Las Vegas, Nevada, USA",Blue,Women's Flyweight,U-DEC,None,3,Priscila Cachoeira,Ji Yeon Kim
Arman Tsarukyan,Joel Alvarez,2/26/22,"Las Vegas, Nevada, USA",Red,Lightweight,KO/TKO,Punches,2,Arman Tsarukyan,Joel Alvarez
Armen Petrosyan,Gregory Rodrigues,2/26/22,"Las Vegas, Nevada, USA",Red,Middleweight,S-DEC,None,3,Armen Petrosyan,Gregory Rodrigues
Rongzhu,Ignacio Bahamondes,2/26/22,"Las Vegas, Nevada, USA",Blue,Lightweight,SUB,Guillotine Choke,3,Ignacio Bahamondes,Rongzhu
Josiane Nunes,Ramona Pascual,2/26/22,"Las Vegas, Nevada, USA",Red,Women's Featherweight,U-DEC,None,3,Josiane Nunes,Ramona Pascual
Terrance McKinney,Fares Ziam,2/26/22,"Las Vegas, Nevada, USA",Red,Lightweight,SUB,Rear Naked Choke,1,Terrance McKinney,Fares Ziam
Alejandro Perez,Jonathan Martinez,2/26/22,"Las Vegas, Nevada, USA",Blue,Featherweight,U-DEC,None,3,Jonathan Martinez,Alejandro Perez
Ramiz Brahimaj,Micheal Gillmore,2/26/22,"Las Vegas, Nevada, USA",Red,Welterweight,SUB,Rear Naked Choke,1,Ramiz Brahimaj,Micheal Gillmore
Victor Altamirano,Carlos Hernandez,2/26/22,"Las Vegas, Nevada, USA",Blue,Flyweight,S-DEC,None,3,Carlos Hernandez,Victor Altamirano
Johnny Walker,Jamahal Hill,2/19/22,"Las Vegas, Nevada, USA",Blue,Light Heavyweight,KO/TKO,Punch,1,Jamahal Hill,Johnny Walker
Kyle Daukaus,Jamie Pickett,2/19/22,"Las Vegas, Nevada, USA",Red,Catch Weight,SUB,D'Arce Choke,1,Kyle Daukaus,Jamie Pickett
Parker Porter,Alan Baudot,2/19/22,"Las Vegas, Nevada, USA",Red,Heavyweight,U-DEC,None,3,Parker Porter,Alan Baudot
Jim Miller,Nikolas Motta,2/19/22,"Las Vegas, Nevada, USA",Red,Lightweight,KO/TKO,Punch,2,Jim Miller,Nikolas Motta
Joaquin Buckley,Abdul Razak Alhassan,2/19/22,"Las Vegas, Nevada, USA",Red,Middleweight,S-DEC,None,3,Joaquin Buckley,Abdul Razak Alhassan
Gabriel Benitez,David Onama,2/19/22,"Las Vegas, Nevada, USA",Blue,Featherweight,KO/TKO,Punches,1,David Onama,Gabriel Benitez
Jessica-Rose Clark,Stephanie Egger,2/19/22,"Las Vegas, Nevada, USA",Blue,Women's Bantamweight,SUB,Armbar,1,Stephanie Egger,Jessica-Rose Clark
Chas Skelly,Mark Striegl,2/19/22,"Las Vegas, Nevada, USA",Red,Featherweight,KO/TKO,Knee,2,Chas Skelly,Mark Striegl
Diana Belbita,Gloria de Paula,2/19/22,"Las Vegas, Nevada, USA",Blue,Women's Strawweight,U-DEC,None,3,Gloria de Paula,Diana Belbita
Chad Anheliger,Jesse Strader,2/19/22,"Las Vegas, Nevada, USA",Red,Bantamweight,KO/TKO,Punch,3,Chad Anheliger,Jesse Strader
Jonathan Pearce,Christian Rodriguez,2/19/22,"Las Vegas, Nevada, USA",Red,Featherweight,U-DEC,None,3,Jonathan Pearce,Christian Rodriguez
Mario Bautista,Jay Perrin,2/19/22,"Las Vegas, Nevada, USA",Red,Bantamweight,U-DEC,None,3,Mario Bautista,Jay Perrin
Israel Adesanya,Robert Whittaker,2/12/22,"Houston, Texas, USA",Red,Middleweight,U-DEC,None,5,Israel Adesanya,Robert Whittaker
Derrick Lewis,Tai Tuivasa,2/12/22,"Houston, Texas, USA",Blue,Heavyweight,KO/TKO,Elbow,2,Tai Tuivasa,Derrick Lewis
Jared Cannonier,Derek Brunson,2/12/22,"Houston, Texas, USA",Red,Middleweight,KO/TKO,Elbows,2,Jared Cannonier,Derek Brunson
Alexander Hernandez,Renato Moicano,2/12/22,"Houston, Texas, USA",Blue,Lightweight,SUB,Rear Naked Choke,2,Renato Moicano,Alexander Hernandez
Bobby Green,Nasrat Haqparast,2/12/22,"Houston, Texas, USA",Red,Lightweight,U-DEC,None,3,Bobby Green,Nasrat Haqparast
Andrei Arlovski,Jared Vanderaa,2/12/22,"Houston, Texas, USA",Red,Heavyweight,S-DEC,None,3,Andrei Arlovski,Jared Vanderaa
Roxanne Modafferi,Casey O'Neill,2/12/22,"Houston, Texas, USA",Blue,Women's Flyweight,S-DEC,None,3,Casey O'Neill,Roxanne Modafferi
Kyler Phillips,Marcelo Rojo,2/12/22,"Houston, Texas, USA",Red,Bantamweight,SUB,Triangle Armbar,3,Kyler Phillips,Marcelo Rojo
Carlos Ulberg,Fabio Cherant,2/12/22,"Houston, Texas, USA",Red,Light Heavyweight,U-DEC,None,3,Carlos Ulberg,Fabio Cherant
Mana Martinez,Ronnie Lawrence,2/12/22,"Houston, Texas, USA",Blue,Bantamweight,U-DEC,None,3,Ronnie Lawrence,Mana Martinez
AJ Dobson,Jacob Malkoun,2/12/22,"Houston, Texas, USA",Blue,Middleweight,U-DEC,None,3,Jacob Malkoun,AJ Dobson
Douglas Silva de Andrade,Sergey Morozov,2/12/22,"Houston, Texas, USA",Red,Bantamweight,SUB,Rear Naked Choke,2,Douglas Silva de Andrade,Sergey Morozov
Jeremiah Wells,Blood Diamond,2/12/22,"Houston, Texas, USA",Red,Welterweight,SUB,Rear Naked Choke,1,Jeremiah Wells,Blood Diamond
William Knight,Maxim Grishin,2/12/22,"Houston, Texas, USA",Blue,Heavyweight,U-DEC,None,3,Maxim Grishin,William Knight
Jack Hermansson,Sean Strickland,2/5/22,"Las Vegas, Nevada, USA",Blue,Middleweight,S-DEC,None,5,Sean Strickland,Jack Hermansson
Punahele Soriano,Nick Maximov,2/5/22,"Las Vegas, Nevada, USA",Blue,Middleweight,S-DEC,None,3,Nick Maximov,Punahele Soriano
Shavkat Rakhmonov,Carlston Harris,2/5/22,"Las Vegas, Nevada, USA",Red,Welterweight,KO/TKO,Kick,1,Shavkat Rakhmonov,Carlston Harris
Sam Alvey,Brendan Allen,2/5/22,"Las Vegas, Nevada, USA",Blue,Light Heavyweight,SUB,Rear Naked Choke,2,Brendan Allen,Sam Alvey
Tresean Gore,Bryan Battle,2/5/22,"Las Vegas, Nevada, USA",Blue,Middleweight,U-DEC,None,3,Bryan Battle,Tresean Gore
Julian Erosa,Steven Peterson,2/5/22,"Las Vegas, Nevada, USA",Red,Featherweight,S-DEC,None,3,Julian Erosa,Steven Peterson
Miles Johns,John Castaneda,2/5/22,"Las Vegas, Nevada, USA",Blue,Bantamweight,SUB,Arm Triangle,3,John Castaneda,Miles Johns
Hakeem Dawodu,Michael Trizano,2/5/22,"Las Vegas, Nevada, USA",Red,Featherweight,U-DEC,None,3,Hakeem Dawodu,Michael Trizano
Chidi Njokuani,Marc-Andre Barriault,2/5/22,"Las Vegas, Nevada, USA",Red,Middleweight,KO/TKO,Punches,1,Chidi Njokuani,Marc-Andre Barriault
Alexis Davis,Julija Stoliarenko,2/5/22,"Las Vegas, Nevada, USA",Red,Women's Bantamweight,U-DEC,None,3,Alexis Davis,Julija Stoliarenko
Jailton Almeida,Danilo Marques,2/5/22,"Las Vegas, Nevada, USA",Red,Light Heavyweight,KO/TKO,Punches,1,Jailton Almeida,Danilo Marques
Jason Witt,Phil Rowe,2/5/22,"Las Vegas, Nevada, USA",Blue,Welterweight,KO/TKO,Punches,2,Phil Rowe,Jason Witt
Malcolm Gordon,Denys Bondar,2/5/22,"Las Vegas, Nevada, USA",Red,Flyweight,KO/TKO,None,1,Malcolm Gordon,Denys Bondar
Francis Ngannou,Ciryl Gane,1/22/22,"Anaheim, California, USA",Red,Heavyweight,U-DEC,None,5,Francis Ngannou,Ciryl Gane
Brandon Moreno,Deiveson Figueiredo,1/22/22,"Anaheim, California, USA",Blue,Flyweight,U-DEC,None,5,Deiveson Figueiredo,Brandon Moreno
Michel Pereira,Andre Fialho,1/22/22,"Anaheim, California, USA",Red,Welterweight,U-DEC,None,3,Michel Pereira,Andre Fialho
Cody Stamann,Said Nurmagomedov,1/22/22,"Anaheim, California, USA",Blue,Bantamweight,SUB,Guillotine Choke,1,Said Nurmagomedov,Cody Stamann
Michael Morales,Trevin Giles,1/22/22,"Anaheim, California, USA",Red,Welterweight,KO/TKO,Punches,1,Michael Morales,Trevin Giles
Raoni Barcelos,Victor Henry,1/22/22,"Anaheim, California, USA",Blue,Bantamweight,U-DEC,None,3,Victor Henry,Raoni Barcelos
Jack Della Maddalena,Pete Rodriguez,1/22/22,"Anaheim, California, USA",Red,Welterweight,KO/TKO,Punch,1,Jack Della Maddalena,Pete Rodriguez
Tony Gravely,Saimon Oliveira,1/22/22,"Anaheim, California, USA",Red,Bantamweight,U-DEC,None,3,Tony Gravely,Saimon Oliveira
Matt Frevola,Genaro Valdez,1/22/22,"Anaheim, California, USA",Red,Lightweight,KO/TKO,Punches,1,Matt Frevola,Genaro Valdez
Silvana Gomez Juarez,Vanessa Demopoulos,1/22/22,"Anaheim, California, USA",Blue,Women's Strawweight,SUB,Armbar,1,Vanessa Demopoulos,Silvana Gomez Juarez
Kay Hansen,Jasmine Jasudavicius,1/22/22,"Anaheim, California, USA",Blue,Women's Flyweight,U-DEC,None,3,Jasmine Jasudavicius,Kay Hansen
Calvin Kattar,Giga Chikadze,1/15/22,"Las Vegas, Nevada, USA",Red,Featherweight,U-DEC,None,5,Calvin Kattar,Giga Chikadze
Jake Collier,Chase Sherman,1/15/22,"Las Vegas, Nevada, USA",Red,Heavyweight,SUB,Rear Naked Choke,1,Jake Collier,Chase Sherman
Brandon Royval,Rogerio Bontorin,1/15/22,"Las Vegas, Nevada, USA",Red,Flyweight,S-DEC,None,3,Brandon Royval,Rogerio Bontorin
Katlyn Chookagian,Jennifer Maia,1/15/22,"Las Vegas, Nevada, USA",Red,Women's Flyweight,U-DEC,None,3,Katlyn Chookagian,Jennifer Maia
Dakota Bush,Viacheslav Borshchev,1/15/22,"Las Vegas, Nevada, USA",Blue,Lightweight,KO/TKO,Punch,1,Viacheslav Borshchev,Dakota Bush
Bill Algeo,Joanderson Brito,1/15/22,"Las Vegas, Nevada, USA",Red,Featherweight,U-DEC,None,3,Bill Algeo,Joanderson Brito
Jamie Pickett,Joseph Holmes,1/15/22,"Las Vegas, Nevada, USA",Red,Middleweight,U-DEC,None,3,Jamie Pickett,Joseph Holmes
Court McGee,Ramiz Brahimaj,1/15/22,"Las Vegas, Nevada, USA",Red,Welterweight,U-DEC,None,3,Court McGee,Ramiz Brahimaj
Brian Kelleher,Kevin Croom,1/15/22,"Las Vegas, Nevada, USA",Red,Featherweight,U-DEC,None,3,Brian Kelleher,Kevin Croom
TJ Brown,Charles Rosa,1/15/22,"Las Vegas, Nevada, USA",Red,Lightweight,U-DEC,None,3,TJ Brown,Charles Rosa
Derrick Lewis,Chris Daukaus,12/18/21,"Las Vegas, Nevada, USA",Red,Heavyweight,KO/TKO,Punches,1,Derrick Lewis,Chris Daukaus
Stephen Thompson,Belal Muhammad,12/18/21,"Las Vegas, Nevada, USA",Blue,Welterweight,U-DEC,None,3,Belal Muhammad,Stephen Thompson
Amanda Lemos,Angela Hill,12/18/21,"Las Vegas, Nevada, USA",Red,Women's Strawweight,S-DEC,None,3,Amanda Lemos,Angela Hill
Raphael Assuncao,Ricky Simon,12/18/21,"Las Vegas, Nevada, USA",Blue,Bantamweight,KO/TKO,Punch,2,Ricky Simon,Raphael Assuncao
Diego Ferreira,Mateusz Gamrot,12/18/21,"Las Vegas, Nevada, USA",Blue,Lightweight,KO/TKO,Knee,2,Mateusz Gamrot,Diego Ferreira
Cub Swanson,Darren Elkins,12/18/21,"Las Vegas, Nevada, USA",Red,Featherweight,KO/TKO,Punches,1,Cub Swanson,Darren Elkins
Dustin Stoltzfus,Gerald Meerschaert,12/18/21,"Las Vegas, Nevada, USA",Blue,Middleweight,SUB,Rear Naked Choke,3,Gerald Meerschaert,Dustin Stoltzfus
Justin Tafa,Harry Hunsucker,12/18/21,"Las Vegas, Nevada, USA",Red,Heavyweight,KO/TKO,Kick,1,Justin Tafa,Harry Hunsucker
Sijara Eubanks,Melissa Gatto,12/18/21,"Las Vegas, Nevada, USA",Blue,Women's Flyweight,KO/TKO,Kick,3,Melissa Gatto,Sijara Eubanks
Charles Jourdain,Andre Ewell,12/18/21,"Las Vegas, Nevada, USA",Red,Featherweight,U-DEC,None,3,Charles Jourdain,Andre Ewell
Raquel Pennington,Macy Chiasson,12/18/21,"Las Vegas, Nevada, USA",Red,Women's Featherweight,SUB,Guillotine Choke,2,Raquel Pennington,Macy Chiasson
Don'Tale Mayes,Josh Parisian,12/18/21,"Las Vegas, Nevada, USA",Red,Heavyweight,KO/TKO,Elbows,3,Don'Tale Mayes,Josh Parisian
Jordan Leavitt,Matt Sayles,12/18/21,"Las Vegas, Nevada, USA",Red,Lightweight,SUB,Inverted Triangle,2,Jordan Leavitt,Matt Sayles
Charles Oliveira,Dustin Poirier,12/11/21,"Las Vegas, Nevada, USA",Red,Lightweight,SUB,Rear Naked Choke,3,Charles Oliveira,Dustin Poirier
Amanda Nunes,Julianna Pena,12/11/21,"Las Vegas, Nevada, USA",Blue,Women's Bantamweight,SUB,Rear Naked Choke,2,Julianna Pena,Amanda Nunes
Geoff Neal,Santiago Ponzinibbio,12/11/21,"Las Vegas, Nevada, USA",Red,Welterweight,S-DEC,None,3,Geoff Neal,Santiago Ponzinibbio
Kai Kara-France,Cody Garbrandt,12/11/21,"Las Vegas, Nevada, USA",Red,Flyweight,KO/TKO,Punches,1,Kai Kara-France,Cody Garbrandt
Raulian Paiva,Sean O'Malley,12/11/21,"Las Vegas, Nevada, USA",Blue,Bantamweight,KO/TKO,Punches,1,Sean O'Malley,Raulian Paiva
Josh Emmett,Dan Ige,12/11/21,"Las Vegas, Nevada, USA",Red,Featherweight,U-DEC,None,3,Josh Emmett,Dan Ige
Pedro Munhoz,Dominick Cruz,12/11/21,"Las Vegas, Nevada, USA",Blue,Bantamweight,U-DEC,None,3,Dominick Cruz,Pedro Munhoz
Augusto Sakai,Tai Tuivasa,12/11/21,"Las Vegas, Nevada, USA",Blue,Heavyweight,KO/TKO,Punches,2,Tai Tuivasa,Augusto Sakai
Jordan Wright,Bruno Silva,12/11/21,"Las Vegas, Nevada, USA",Blue,Middleweight,KO/TKO,Punches,1,Bruno Silva,Jordan Wright
Andre Muniz,Eryk Anders,12/11/21,"Las Vegas, Nevada, USA",Red,Middleweight,SUB,Armbar,1,Andre Muniz,Eryk Anders
Miranda Maverick,Erin Blanchfield,12/11/21,"Las Vegas, Nevada, USA",Blue,Women's Flyweight,U-DEC,None,3,Erin Blanchfield,Miranda Maverick
Ryan Hall,Darrick Minner,12/11/21,"Las Vegas, Nevada, USA",Red,Featherweight,U-DEC,None,3,Ryan Hall,Darrick Minner
Randy Costa,Tony Kelley,12/11/21,"Las Vegas, Nevada, USA",Blue,Bantamweight,KO/TKO,Elbows,2,Tony Kelley,Randy Costa
Gillian Robertson,Priscila Cachoeira,12/11/21,"Las Vegas, Nevada, USA",Red,Women's Flyweight,SUB,Rear Naked Choke,1,Gillian Robertson,Priscila Cachoeira
Rob Font,Jose Aldo,12/4/21,"Las Vegas, Nevada, USA",Blue,Bantamweight,U-DEC,None,5,Jose Aldo,Rob Font
Brad Riddell,Rafael Fiziev,12/4/21,"Las Vegas, Nevada, USA",Blue,Lightweight,KO/TKO,Kick,3,Rafael Fiziev,Brad Riddell
Jimmy Crute,Jamahal Hill,12/4/21,"Las Vegas, Nevada, USA",Blue,Light Heavyweight,KO/TKO,Punch,1,Jamahal Hill,Jimmy Crute
Clay Guida,Leonardo Santos,12/4/21,"Las Vegas, Nevada, USA",Red,Lightweight,SUB,Rear Naked Choke,2,Clay Guida,Leonardo Santos
Brendan Allen,Chris Curtis,12/4/21,"Las Vegas, Nevada, USA",Blue,Middleweight,KO/TKO,Knees,2,Chris Curtis,Brendan Allen
Alex Morono,Mickey Gall,12/4/21,"Las Vegas, Nevada, USA",Red,Welterweight,U-DEC,None,3,Alex Morono,Mickey Gall
Maki Pitolo,Dusko Todorovic,12/4/21,"Las Vegas, Nevada, USA",Blue,Middleweight,KO/TKO,Punches,1,Dusko Todorovic,Maki Pitolo
Manel Kape,Zhalgas Zhumagulov,12/4/21,"Las Vegas, Nevada, USA",Red,Flyweight,KO/TKO,Punches,1,Manel Kape,Zhalgas Zhumagulov
Bryan Barberena,Darian Weeks,12/4/21,"Las Vegas, Nevada, USA",Red,Welterweight,U-DEC,None,3,Bryan Barberena,Darian Weeks
Cheyanne Vlismas,Mallory Martin,12/4/21,"Las Vegas, Nevada, USA",Red,Women's Strawweight,U-DEC,None,3,Cheyanne Vlismas,Mallory Martin
Alonzo Menifield,William Knight,12/4/21,"Las Vegas, Nevada, USA",Blue,Light Heavyweight,U-DEC,None,3,William Knight,Alonzo Menifield
Claudio Puelles,Chris Gruetzemacher,12/4/21,"Las Vegas, Nevada, USA",Red,Lightweight,SUB,Kneebar,3,Claudio Puelles,Chris Gruetzemacher
Louis Smolka,Vince Morales,12/4/21,"Las Vegas, Nevada, USA",Blue,Bantamweight,KO/TKO,Punch,1,Vince Morales,Louis Smolka
Ketlen Vieira,Miesha Tate,11/20/21,"Las Vegas, Nevada, USA",Red,Women's Bantamweight,U-DEC,None,5,Ketlen Vieira,Miesha Tate
Michael Chiesa,Sean Brady,11/20/21,"Las Vegas, Nevada, USA",Blue,Welterweight,U-DEC,None,3,Sean Brady,Michael Chiesa
Joanne Wood,Taila Santos,11/20/21,"Las Vegas, Nevada, USA",Blue,Women's Flyweight,SUB,Rear Naked Choke,1,Taila Santos,Joanne Wood
Rani Yahya,Kyung Ho Kang,11/20/21,"Las Vegas, Nevada, USA",Red,Bantamweight,U-DEC,None,3,Rani Yahya,Kyung Ho Kang
Davey Grant,Adrian Yanez,11/20/21,"Las Vegas, Nevada, USA",Blue,Bantamweight,S-DEC,None,3,Adrian Yanez,Davey Grant
Pat Sabatini,Tucker Lutz,11/20/21,"Las Vegas, Nevada, USA",Red,Featherweight,U-DEC,None,3,Pat Sabatini,Tucker Lutz
Rafa Garcia,Natan Levy,11/20/21,"Las Vegas, Nevada, USA",Red,Lightweight,U-DEC,None,3,Rafa Garcia,Natan Levy
Loma Lookboonmee,Loopy Godinez,11/20/21,"Las Vegas, Nevada, USA",Blue,Women's Strawweight,U-DEC,None,3,Loopy Godinez,Loma Lookboonmee
Cody Durden,Aoriqileng,11/20/21,"Las Vegas, Nevada, USA",Red,Flyweight,U-DEC,None,3,Cody Durden,Aoriqileng
Shayilan Nuerdanbieke,Sean Soriano,11/20/21,"Las Vegas, Nevada, USA",Red,Featherweight,U-DEC,None,3,Shayilan Nuerdanbieke,Sean Soriano
Luana Pinheiro,Sam Hughes,11/20/21,"Las Vegas, Nevada, USA",Red,Women's Strawweight,U-DEC,None,3,Luana Pinheiro,Sam Hughes
Max Holloway,Yair Rodriguez,11/13/21,"Las Vegas, Nevada, USA",Red,Featherweight,U-DEC,None,5,Max Holloway,Yair Rodriguez
Ben Rothwell,Marcos Rogerio de Lima,11/13/21,"Las Vegas, Nevada, USA",Blue,Heavyweight,KO/TKO,Punches,1,Marcos Rogerio de Lima,Ben Rothwell
Felicia Spencer,Leah Letson,11/13/21,"Las Vegas, Nevada, USA",Red,Women's Featherweight,KO/TKO,Elbows,3,Felicia Spencer,Leah Letson
Miguel Baeza,Khaos Williams,11/13/21,"Las Vegas, Nevada, USA",Blue,Welterweight,KO/TKO,Punch,3,Khaos Williams,Miguel Baeza
Song Yadong,Julio Arce,11/13/21,"Las Vegas, Nevada, USA",Red,Bantamweight,KO/TKO,Punches,2,Song Yadong,Julio Arce
Thiago Moises,Joel Alvarez,11/13/21,"Las Vegas, Nevada, USA",Blue,Lightweight,KO/TKO,Elbows,1,Joel Alvarez,Thiago Moises
Cynthia Calvillo,Andrea Lee,11/13/21,"Las Vegas, Nevada, USA",Blue,Women's Flyweight,KO/TKO,None,2,Andrea Lee,Cynthia Calvillo
Sean Woodson,Collin Anglin,11/13/21,"Las Vegas, Nevada, USA",Red,Featherweight,KO/TKO,Punches,1,Sean Woodson,Collin Anglin
Cortney Casey,Liana Jojua,11/13/21,"Las Vegas, Nevada, USA",Red,Women's Flyweight,U-DEC,None,3,Cortney Casey,Liana Jojua
Marc Diakiese,Rafael Alves,11/13/21,"Las Vegas, Nevada, USA",Blue,Lightweight,SUB,Guillotine Choke,1,Rafael Alves,Marc Diakiese
Kennedy Nzechukwu,Da Woon Jung,11/13/21,"Las Vegas, Nevada, USA",Blue,Light Heavyweight,KO/TKO,Elbows,1,Da Woon Jung,Kennedy Nzechukwu
Kamaru Usman,Colby Covington,11/6/21,"New York City, New York, USA",Red,Welterweight,U-DEC,None,5,Kamaru Usman,Colby Covington
Rose Namajunas,Zhang Weili,11/6/21,"New York City, New York, USA",Red,Women's Strawweight,S-DEC,None,5,Rose Namajunas,Zhang Weili
Frankie Edgar,Marlon Vera,11/6/21,"New York City, New York, USA",Blue,Bantamweight,KO/TKO,Kick,3,Marlon Vera,Frankie Edgar
Shane Burgos,Billy Quarantillo,11/6/21,"New York City, New York, USA",Red,Featherweight,U-DEC,None,3,Shane Burgos,Billy Quarantillo
Justin Gaethje,Michael Chandler,11/6/21,"New York City, New York, USA",Red,Lightweight,U-DEC,None,3,Justin Gaethje,Michael Chandler
Alex Pereira,Andreas Michailidis,11/6/21,"New York City, New York, USA",Red,Middleweight,KO/TKO,Flying Knee,2,Alex Pereira,Andreas Michailidis
Al Iaquinta,Bobby Green,11/6/21,"New York City, New York, USA",Blue,Lightweight,KO/TKO,Punches,1,Bobby Green,Al Iaquinta
Phil Hawes,Chris Curtis,11/6/21,"New York City, New York, USA",Blue,Middleweight,KO/TKO,Punch,1,Chris Curtis,Phil Hawes
Edmen Shahbazyan,Nassourdine Imavov,11/6/21,"New York City, New York, USA",Blue,Middleweight,KO/TKO,Elbows,2,Nassourdine Imavov,Edmen Shahbazyan
Ian Garry,Jordan Williams,11/6/21,"New York City, New York, USA",Red,Welterweight,KO/TKO,Punch,1,Ian Garry,Jordan Williams
Gian Villante,Chris Barnett,11/6/21,"New York City, New York, USA",Blue,Heavyweight,KO/TKO,Kick,2,Chris Barnett,Gian Villante
Dustin Jacoby,John Allan,11/6/21,"New York City, New York, USA",Red,Light Heavyweight,U-DEC,None,3,Dustin Jacoby,John Allan
Melsik Baghdasaryan,Bruno Souza,11/6/21,"New York City, New York, USA",Red,Featherweight,U-DEC,None,3,Melsik Baghdasaryan,Bruno Souza
CJ Vergara,Ode Osbourne,11/6/21,"New York City, New York, USA",Blue,Flyweight,U-DEC,None,3,Ode Osbourne,CJ Vergara
Jan Blachowicz,Glover Teixeira,10/30/21,"Abu Dhabi, Abu Dhabi, United Arab Emirates",Blue,Light Heavyweight,SUB,Rear Naked Choke,2,Glover Teixeira,Jan Blachowicz
Petr Yan,Cory Sandhagen,10/30/21,"Abu Dhabi, Abu Dhabi, United Arab Emirates",Red,Bantamweight,U-DEC,None,5,Petr Yan,Cory Sandhagen
Islam Makhachev,Dan Hooker,10/30/21,"Abu Dhabi, Abu Dhabi, United Arab Emirates",Red,Lightweight,SUB,Kimura,1,Islam Makhachev,Dan Hooker
Alexander Volkov,Marcin Tybura,10/30/21,"Abu Dhabi, Abu Dhabi, United Arab Emirates",Red,Heavyweight,U-DEC,None,3,Alexander Volkov,Marcin Tybura
Li Jingliang,Khamzat Chimaev,10/30/21,"Abu Dhabi, Abu Dhabi, United Arab Emirates",Blue,Welterweight,SUB,Rear Naked Choke,1,Khamzat Chimaev,Li Jingliang
Magomed Ankalaev,Volkan Oezdemir,10/30/21,"Abu Dhabi, Abu Dhabi, United Arab Emirates",Red,Light Heavyweight,U-DEC,None,3,Magomed Ankalaev,Volkan Oezdemir
Amanda Ribas,Virna Jandiroba,10/30/21,"Abu Dhabi, Abu Dhabi, United Arab Emirates",Red,Women's Strawweight,U-DEC,None,3,Amanda Ribas,Virna Jandiroba
Ricardo Ramos,Zubaira Tukhugov,10/30/21,"Abu Dhabi, Abu Dhabi, United Arab Emirates",Blue,Featherweight,U-DEC,None,3,Zubaira Tukhugov,Ricardo Ramos
Albert Duraev,Roman Kopylov,10/30/21,"Abu Dhabi, Abu Dhabi, United Arab Emirates",Red,Middleweight,U-DEC,None,3,Albert Duraev,Roman Kopylov
Elizeu Zaleski dos Santos,Benoit Saint Denis,10/30/21,"Abu Dhabi, Abu Dhabi, United Arab Emirates",Red,Welterweight,U-DEC,None,3,Elizeu Zaleski dos Santos,Benoit Saint Denis
Shamil Gamzatov,Michal Oleksiejczuk,10/30/21,"Abu Dhabi, Abu Dhabi, United Arab Emirates",Blue,Light Heavyweight,KO/TKO,Punch,1,Michal Oleksiejczuk,Shamil Gamzatov
Makwan Amirkhani,Lerone Murphy,10/30/21,"Abu Dhabi, Abu Dhabi, United Arab Emirates",Blue,Featherweight,KO/TKO,Knee,2,Lerone Murphy,Makwan Amirkhani
Hu Yaozong,Andre Petroski,10/30/21,"Abu Dhabi, Abu Dhabi, United Arab Emirates",Blue,Middleweight,SUB,Arm Triangle,3,Andre Petroski,Hu Yaozong
Tagir Ulanbekov,Allan Nascimento,10/30/21,"Abu Dhabi, Abu Dhabi, United Arab Emirates",Red,Flyweight,S-DEC,None,3,Tagir Ulanbekov,Allan Nascimento
Paulo Costa,Marvin Vettori,10/23/21,"Las Vegas, Nevada, USA",Blue,Light Heavyweight,U-DEC,None,5,Marvin Vettori,Paulo Costa
Jessica-Rose Clark,Joselyne Edwards,10/23/21,"Las Vegas, Nevada, USA",Red,Women's Bantamweight,U-DEC,None,3,Jessica-Rose Clark,Joselyne Edwards
Alex Caceres,SeungWoo Choi,10/23/21,"Las Vegas, Nevada, USA",Red,Featherweight,SUB,Rear Naked Choke,2,Alex Caceres,SeungWoo Choi
Francisco Trinaldo,Dwight Grant,10/23/21,"Las Vegas, Nevada, USA",Red,Welterweight,S-DEC,None,3,Francisco Trinaldo,Dwight Grant
Nicolae Negumereanu,Ike Villanueva,10/23/21,"Las Vegas, Nevada, USA",Red,Light Heavyweight,KO/TKO,Punches,1,Nicolae Negumereanu,Ike Villanueva
JunYong Park,Gregory Rodrigues,10/23/21,"Las Vegas, Nevada, USA",Blue,Middleweight,KO/TKO,Punch,2,Gregory Rodrigues,JunYong Park
Mason Jones,David Onama,10/23/21,"Las Vegas, Nevada, USA",Red,Lightweight,U-DEC,None,3,Mason Jones,David Onama
Tabatha Ricci,Maria Oliveira,10/23/21,"Las Vegas, Nevada, USA",Red,Women's Strawweight,U-DEC,None,3,Tabatha Ricci,Maria Oliveira
Jamie Pickett,Laureano Staropoli,10/23/21,"Las Vegas, Nevada, USA",Red,Middleweight,U-DEC,None,3,Jamie Pickett,Laureano Staropoli
Khama Worthy,Jai Herbert,10/23/21,"Las Vegas, Nevada, USA",Blue,Lightweight,KO/TKO,Punches,1,Jai Herbert,Khama Worthy
Jeff Molina,Daniel Lacerda,10/23/21,"Las Vegas, Nevada, USA",Red,Flyweight,KO/TKO,Punches,2,Jeff Molina,Daniel Lacerda
Livinha Souza,Randa Markos,10/23/21,"Las Vegas, Nevada, USA",Blue,Women's Strawweight,U-DEC,None,3,Randa Markos,Livinha Souza
Jonathan Martinez,Zviad Lazishvili,10/23/21,"Las Vegas, Nevada, USA",Red,Bantamweight,U-DEC,None,3,Jonathan Martinez,Zviad Lazishvili
Aspen Ladd,Norma Dumont,10/16/21,"Las Vegas, Nevada, USA",Blue,Women's Featherweight,U-DEC,None,5,Norma Dumont,Aspen Ladd
Andrei Arlovski,Carlos Felipe,10/16/21,"Las Vegas, Nevada, USA",Red,Heavyweight,U-DEC,None,3,Andrei Arlovski,Carlos Felipe
Jim Miller,Erick Gonzalez,10/16/21,"Las Vegas, Nevada, USA",Red,Lightweight,KO/TKO,Punch,2,Jim Miller,Erick Gonzalez
Manon Fiorot,Mayra Bueno Silva,10/16/21,"Las Vegas, Nevada, USA",Red,Women's Flyweight,U-DEC,None,3,Manon Fiorot,Mayra Bueno Silva
Nate Landwehr,Ludovit Klein,10/16/21,"Las Vegas, Nevada, USA",Red,Featherweight,SUB,Anaconda Choke,3,Nate Landwehr,Ludovit Klein
Andrew Sanchez,Bruno Silva,10/16/21,"Las Vegas, Nevada, USA",Blue,Middleweight,KO/TKO,Punches,3,Bruno Silva,Andrew Sanchez
Danny Roberts,Ramazan Emeev,10/16/21,"Las Vegas, Nevada, USA",Red,Welterweight,S-DEC,None,3,Danny Roberts,Ramazan Emeev
Loopy Godinez,Luana Carolina,10/16/21,"Las Vegas, Nevada, USA",Blue,Women's Flyweight,U-DEC,None,3,Luana Carolina,Loopy Godinez
Batgerel Danaa,Brandon Davis,10/16/21,"Las Vegas, Nevada, USA",Red,Bantamweight,KO/TKO,Punches,1,Batgerel Danaa,Brandon Davis
Istela Nunes,Ariane Carnelossi,10/16/21,"Las Vegas, Nevada, USA",Blue,Women's Strawweight,SUB,Rear Naked Choke,3,Ariane Carnelossi,Istela Nunes
Mackenzie Dern,Marina Rodriguez,10/9/21,"Las Vegas, Nevada, USA",Blue,Women's Strawweight,U-DEC,None,5,Marina Rodriguez,Mackenzie Dern
Randy Brown,Jared Gooden,10/9/21,"Las Vegas, Nevada, USA",Red,Welterweight,U-DEC,None,3,Randy Brown,Jared Gooden
Tim Elliott,Matheus Nicolau,10/9/21,"Las Vegas, Nevada, USA",Blue,Flyweight,U-DEC,None,3,Matheus Nicolau,Tim Elliott
Sabina Mazo,Mariya Agapova,10/9/21,"Las Vegas, Nevada, USA",Blue,Women's Flyweight,SUB,Rear Naked Choke,3,Mariya Agapova,Sabina Mazo
Chris Gutierrez,Felipe Colares,10/9/21,"Las Vegas, Nevada, USA",Red,Bantamweight,S-DEC,None,3,Chris Gutierrez,Felipe Colares
Alexandr Romanov,Jared Vanderaa,10/9/21,"Las Vegas, Nevada, USA",Red,Heavyweight,KO/TKO,Punches,2,Alexandr Romanov,Jared Vanderaa
Charles Rosa,Damon Jackson,10/9/21,"Las Vegas, Nevada, USA",Blue,Featherweight,U-DEC,None,3,Damon Jackson,Charles Rosa
Loopy Godinez,Silvana Gomez Juarez,10/9/21,"Las Vegas, Nevada, USA",Red,Women's Strawweight,SUB,Armbar,1,Loopy Godinez,Silvana Gomez Juarez
Steve Garcia,Charlie Ontiveros,10/9/21,"Las Vegas, Nevada, USA",Red,Lightweight,KO/TKO,Punches,2,Steve Garcia,Charlie Ontiveros
Thiago Santos,Johnny Walker,10/2/21,"Las Vegas, Nevada, USA",Red,Light Heavyweight,U-DEC,None,5,Thiago Santos,Johnny Walker
Alex Oliveira,Niko Price,10/2/21,"Las Vegas, Nevada, USA",Blue,Welterweight,U-DEC,None,3,Niko Price,Alex Oliveira
Misha Cirkunov,Krzysztof Jotko,10/2/21,"Las Vegas, Nevada, USA",Blue,Middleweight,S-DEC,None,3,Krzysztof Jotko,Misha Cirkunov
Alexander Hernandez,Mike Breeden,10/2/21,"Las Vegas, Nevada, USA",Red,Lightweight,KO/TKO,Punch,1,Alexander Hernandez,Mike Breeden
Joe Solecki,Jared Gordon,10/2/21,"Las Vegas, Nevada, USA",Blue,Lightweight,S-DEC,None,3,Jared Gordon,Joe Solecki
Antonina Shevchenko,Casey O'Neill,10/2/21,"Las Vegas, Nevada, USA",Blue,Women's Flyweight,KO/TKO,Punches,2,Casey O'Neill,Antonina Shevchenko
Bethe Correia,Karol Rosa,10/2/21,"Las Vegas, Nevada, USA",Blue,Women's Bantamweight,U-DEC,None,3,Karol Rosa,Bethe Correia
Devonte Smith,Jamie Mullarkey,10/2/21,"Las Vegas, Nevada, USA",Blue,Lightweight,KO/TKO,Punches,2,Jamie Mullarkey,Devonte Smith
Douglas Silva de Andrade,Gaetano Pirrello,10/2/21,"Las Vegas, Nevada, USA",Red,Bantamweight,KO/TKO,Punch,1,Douglas Silva de Andrade,Gaetano Pirrello
Stephanie Egger,Shanna Young,10/2/21,"Las Vegas, Nevada, USA",Red,Women's Bantamweight,KO/TKO,Elbow,2,Stephanie Egger,Shanna Young
Alejandro Perez,Johnny Eduardo,10/2/21,"Las Vegas, Nevada, USA",Red,Bantamweight,SUB,Armbar,2,Alejandro Perez,Johnny Eduardo
Alexander Volkanovski,Brian Ortega,9/25/21,"Las Vegas, Nevada, USA",Red,Featherweight,U-DEC,None,5,Alexander Volkanovski,Brian Ortega
Valentina Shevchenko,Lauren Murphy,9/25/21,"Las Vegas, Nevada, USA",Red,Women's Flyweight,KO/TKO,Punches,4,Valentina Shevchenko,Lauren Murphy
Nick Diaz,Robbie Lawler,9/25/21,"Las Vegas, Nevada, USA",Blue,Middleweight,KO/TKO,Punch,3,Robbie Lawler,Nick Diaz
Curtis Blaydes,Jairzinho Rozenstruik,9/25/21,"Las Vegas, Nevada, USA",Red,Heavyweight,U-DEC,None,3,Curtis Blaydes,Jairzinho Rozenstruik
Jessica Andrade,Cynthia Calvillo,9/25/21,"Las Vegas, Nevada, USA",Red,Women's Flyweight,KO/TKO,Punches,1,Jessica Andrade,Cynthia Calvillo
Marlon Moraes,Merab Dvalishvili,9/25/21,"Las Vegas, Nevada, USA",Blue,Bantamweight,KO/TKO,Punches,2,Merab Dvalishvili,Marlon Moraes
Dan Hooker,Nasrat Haqparast,9/25/21,"Las Vegas, Nevada, USA",Red,Lightweight,U-DEC,None,3,Dan Hooker,Nasrat Haqparast
Shamil Abdurakhimov,Chris Daukaus,9/25/21,"Las Vegas, Nevada, USA",Blue,Heavyweight,KO/TKO,Punch,2,Chris Daukaus,Shamil Abdurakhimov
Roxanne Modafferi,Taila Santos,9/25/21,"Las Vegas, Nevada, USA",Blue,Women's Flyweight,U-DEC,None,3,Taila Santos,Roxanne Modafferi
Uros Medic,Jalin Turner,9/25/21,"Las Vegas, Nevada, USA",Blue,Lightweight,SUB,Rear Naked Choke,1,Jalin Turner,Uros Medic
Cody Brundage,Nick Maximov,9/25/21,"Las Vegas, Nevada, USA",Blue,Middleweight,U-DEC,None,3,Nick Maximov,Cody Brundage
Matthew Semelsberger,Martin Sano,9/25/21,"Las Vegas, Nevada, USA",Red,Welterweight,KO/TKO,Punch,1,Matthew Semelsberger,Martin Sano
Jonathan Pearce,Omar Morales,9/25/21,"Las Vegas, Nevada, USA",Red,Featherweight,SUB,Rear Naked Choke,2,Jonathan Pearce,Omar Morales
Anthony Smith,Ryan Spann,9/18/21,"Las Vegas, Nevada, USA",Red,Light Heavyweight,SUB,Rear Naked Choke,1,Anthony Smith,Ryan Spann
Ion Cutelaba,Devin Clark,9/18/21,"Las Vegas, Nevada, USA",Red,Light Heavyweight,U-DEC,None,3,Ion Cutelaba,Devin Clark
Ariane Lipski,Mandy Bohm,9/18/21,"Las Vegas, Nevada, USA",Red,Women's Flyweight,U-DEC,None,3,Ariane Lipski,Mandy Bohm
Arman Tsarukyan,Christos Giagos,9/18/21,"Las Vegas, Nevada, USA",Red,Lightweight,KO/TKO,Punches,1,Arman Tsarukyan,Christos Giagos
Nate Maness,Tony Gravely,9/18/21,"Las Vegas, Nevada, USA",Red,Bantamweight,KO/TKO,Punches,2,Nate Maness,Tony Gravely
Joaquin Buckley,Antonio Arroyo,9/18/21,"Las Vegas, Nevada, USA",Red,Middleweight,KO/TKO,Punches,3,Joaquin Buckley,Antonio Arroyo
Mike Rodriguez,Tafon Nchukwi,9/18/21,"Las Vegas, Nevada, USA",Blue,Light Heavyweight,U-DEC,None,3,Tafon Nchukwi,Mike Rodriguez
Pannie Kianzad,Raquel Pennington,9/18/21,"Las Vegas, Nevada, USA",Blue,Women's Bantamweight,U-DEC,None,3,Raquel Pennington,Pannie Kianzad
Rong Zhu,Brandon Jenkins,9/18/21,"Las Vegas, Nevada, USA",Red,Lightweight,KO/TKO,Punches,3,Rong Zhu,Brandon Jenkins
Montel Jackson,JP Buys,9/18/21,"Las Vegas, Nevada, USA",Red,Bantamweight,U-DEC,None,3,Montel Jackson,JP Buys
Erin Blanchfield,Sarah Alpar,9/18/21,"Las Vegas, Nevada, USA",Red,Women's Flyweight,U-DEC,None,3,Erin Blanchfield,Sarah Alpar
Impa Kasanganay,Carlston Harris,9/18/21,"Las Vegas, Nevada, USA",Blue,Welterweight,KO/TKO,Punches,1,Carlston Harris,Impa Kasanganay
Emily Whitmire,Hannah Goldy,9/18/21,"Las Vegas, Nevada, USA",Blue,Women's Flyweight,SUB,Armbar,1,Hannah Goldy,Emily Whitmire
Derek Brunson,Darren Till,9/4/21,"Las Vegas, Nevada, USA",Red,Middleweight,SUB,Rear Naked Choke,3,Derek Brunson,Darren Till
Tom Aspinall,Serghei Spivac,9/4/21,"Las Vegas, Nevada, USA",Red,Heavyweight,KO/TKO,Elbow,1,Tom Aspinall,Serghei Spivac
Alex Morono,David Zawada,9/4/21,"Las Vegas, Nevada, USA",Red,Welterweight,U-DEC,None,3,Alex Morono,David Zawada
Modestas Bukauskas,Khalil Rountree Jr.,9/4/21,"Las Vegas, Nevada, USA",Blue,Light Heavyweight,KO/TKO,Kick,2,Khalil Rountree Jr.,Modestas Bukauskas
Paddy Pimblett,Luigi Vendramini,9/4/21,"Las Vegas, Nevada, USA",Red,Lightweight,KO/TKO,Punches,1,Paddy Pimblett,Luigi Vendramini
Molly McCann,Ji Yeon Kim,9/4/21,"Las Vegas, Nevada, USA",Red,Women's Flyweight,U-DEC,None,3,Molly McCann,Ji Yeon Kim
Jack Shore,Liudvik Sholinian,9/4/21,"Las Vegas, Nevada, USA",Red,Bantamweight,U-DEC,None,3,Jack Shore,Liudvik Sholinian
Julian Erosa,Charles Jourdain,9/4/21,"Las Vegas, Nevada, USA",Red,Catch Weight,SUB,D'Arce Choke,3,Julian Erosa,Charles Jourdain
Dalcha Lungiambula,Marc-Andre Barriault,9/4/21,"Las Vegas, Nevada, USA",Blue,Middleweight,U-DEC,None,3,Marc-Andre Barriault,Dalcha Lungiambula
Edson Barboza,Giga Chikadze,8/28/21,"Las Vegas, Nevada, USA",Blue,Featherweight,KO/TKO,Punch,3,Giga Chikadze,Edson Barboza
Bryan Battle,Gilbert Urbina,8/28/21,"Las Vegas, Nevada, USA",Red,Middleweight,SUB,Rear Naked Choke,2,Bryan Battle,Gilbert Urbina
Ricky Turcios,Brady Hiestand,8/28/21,"Las Vegas, Nevada, USA",Red,Bantamweight,S-DEC,None,3,Ricky Turcios,Brady Hiestand
Kevin Lee,Daniel Rodriguez,8/28/21,"Las Vegas, Nevada, USA",Blue,Welterweight,U-DEC,None,3,Daniel Rodriguez,Kevin Lee
Andre Petroski,Micheal Gillmore,8/28/21,"Las Vegas, Nevada, USA",Red,Middleweight,KO/TKO,Elbows,3,Andre Petroski,Micheal Gillmore
Makhmud Muradov,Gerald Meerschaert,8/28/21,"Las Vegas, Nevada, USA",Blue,Middleweight,SUB,Rear Naked Choke,2,Gerald Meerschaert,Makhmud Muradov
Alessio Di Chirico,Abdul Razak Alhassan,8/28/21,"Las Vegas, Nevada, USA",Blue,Middleweight,KO/TKO,Kick,1,Abdul Razak Alhassan,Alessio Di Chirico
Sam Alvey,Wellington Turman,8/28/21,"Las Vegas, Nevada, USA",Blue,Middleweight,S-DEC,None,3,Wellington Turman,Sam Alvey
Dustin Jacoby,Darren Stewart,8/28/21,"Las Vegas, Nevada, USA",Red,Light Heavyweight,KO/TKO,Punches,1,Dustin Jacoby,Darren Stewart
JJ Aldrich,Vanessa Demopoulos,8/28/21,"Las Vegas, Nevada, USA",Red,Women's Flyweight,U-DEC,None,3,JJ Aldrich,Vanessa Demopoulos
Jamall Emmers,Pat Sabatini,8/28/21,"Las Vegas, Nevada, USA",Blue,Featherweight,SUB,Heel Hook,1,Pat Sabatini,Jamall Emmers
Mana Martinez,Guido Cannetti,8/28/21,"Las Vegas, Nevada, USA",Red,Bantamweight,S-DEC,None,3,Mana Martinez,Guido Cannetti
Jared Cannonier,Kelvin Gastelum,8/21/21,"Las Vegas, Nevada, USA",Red,Middleweight,U-DEC,None,5,Jared Cannonier,Kelvin Gastelum
Clay Guida,Mark Madsen,8/21/21,"Las Vegas, Nevada, USA",Blue,Lightweight,S-DEC,None,3,Mark Madsen,Clay Guida
Parker Porter,Chase Sherman,8/21/21,"Las Vegas, Nevada, USA",Red,Heavyweight,U-DEC,None,3,Parker Porter,Chase Sherman
Trevin Jones,Saidyokub Kakhramonov,8/21/21,"Las Vegas, Nevada, USA",Blue,Bantamweight,SUB,Guillotine Choke,3,Saidyokub Kakhramonov,Trevin Jones
Vinc Pichel,Austin Hubbard,8/21/21,"Las Vegas, Nevada, USA",Red,Lightweight,U-DEC,None,3,Vinc Pichel,Austin Hubbard
Alexandre Pantoja,Brandon Royval,8/21/21,"Las Vegas, Nevada, USA",Red,Flyweight,SUB,Rear Naked Choke,2,Alexandre Pantoja,Brandon Royval
Austin Lingo,Luis Saldana,8/21/21,"Las Vegas, Nevada, USA",Red,Featherweight,U-DEC,None,3,Austin Lingo,Luis Saldana
Brian Kelleher,Domingo Pilarte,8/21/21,"Las Vegas, Nevada, USA",Red,Bantamweight,U-DEC,None,3,Brian Kelleher,Domingo Pilarte
Bea Malecki,Josiane Nunes,8/21/21,"Las Vegas, Nevada, USA",Blue,Women's Bantamweight,KO/TKO,Punch,1,Josiane Nunes,Bea Malecki
William Knight,Fabio Cherant,8/21/21,"Las Vegas, Nevada, USA",Red,Light Heavyweight,KO/TKO,Punch,1,William Knight,Fabio Cherant
Roosevelt Roberts,Ignacio Bahamondes,8/21/21,"Las Vegas, Nevada, USA",Blue,Lightweight,KO/TKO,Kick,3,Ignacio Bahamondes,Roosevelt Roberts
Sasha Palatnikov,Ramiz Brahimaj,8/21/21,"Las Vegas, Nevada, USA",Blue,Welterweight,SUB,Rear Naked Choke,1,Ramiz Brahimaj,Sasha Palatnikov
Derrick Lewis,Ciryl Gane,8/7/21,"Houston, Texas, USA",Blue,Heavyweight,KO/TKO,Punches,3,Ciryl Gane,Derrick Lewis
Jose Aldo,Pedro Munhoz,8/7/21,"Houston, Texas, USA",Red,Bantamweight,U-DEC,None,3,Jose Aldo,Pedro Munhoz
Michael Chiesa,Vicente Luque,8/7/21,"Houston, Texas, USA",Blue,Welterweight,SUB,D'Arce Choke,1,Vicente Luque,Michael Chiesa
Tecia Torres,Angela Hill,8/7/21,"Houston, Texas, USA",Red,Women's Strawweight,U-DEC,None,3,Tecia Torres,Angela Hill
Song Yadong,Casey Kenney,8/7/21,"Houston, Texas, USA",Red,Bantamweight,S-DEC,None,3,Song Yadong,Casey Kenney
Bobby Green,Rafael Fiziev,8/7/21,"Houston, Texas, USA",Blue,Lightweight,U-DEC,None,3,Rafael Fiziev,Bobby Green
Vince Morales,Drako Rodriguez,8/7/21,"Houston, Texas, USA",Red,Bantamweight,U-DEC,None,3,Vince Morales,Drako Rodriguez
Alonzo Menifield,Ed Herman,8/7/21,"Houston, Texas, USA",Red,Light Heavyweight,U-DEC,None,3,Alonzo Menifield,Ed Herman
Karolina Kowalkiewicz,Jessica Penne,8/7/21,"Houston, Texas, USA",Blue,Women's Strawweight,SUB,Armbar,1,Jessica Penne,Karolina Kowalkiewicz
Manel Kape,Ode Osbourne,8/7/21,"Houston, Texas, USA",Red,Flyweight,KO/TKO,Flying Knee,1,Manel Kape,Ode Osbourne
Miles Johns,Anderson Dos Santos,8/7/21,"Houston, Texas, USA",Red,Bantamweight,KO/TKO,Punch,3,Miles Johns,Anderson Dos Santos
Victoria Leonardo,Melissa Gatto,8/7/21,"Houston, Texas, USA",Blue,Women's Flyweight,KO/TKO,None,2,Melissa Gatto,Victoria Leonardo
Johnny Munoz,Jamey Simmons,8/7/21,"Houston, Texas, USA",Red,Bantamweight,SUB,Rear Naked Choke,2,Johnny Munoz,Jamey Simmons
Uriah Hall,Sean Strickland,7/31/21,"Las Vegas, Nevada, USA",Blue,Middleweight,U-DEC,None,5,Sean Strickland,Uriah Hall
Cheyanne Buys,Gloria de Paula,7/31/21,"Las Vegas, Nevada, USA",Red,Women's Strawweight,KO/TKO,Kick,1,Cheyanne Buys,Gloria de Paula
Niklas Stolze,Jared Gooden,7/31/21,"Las Vegas, Nevada, USA",Blue,Welterweight,KO/TKO,Punch,1,Jared Gooden,Niklas Stolze
Collin Anglin,Melsik Baghdasaryan,7/31/21,"Las Vegas, Nevada, USA",Blue,Featherweight,KO/TKO,Kick,2,Melsik Baghdasaryan,Collin Anglin
Bryan Barberena,Jason Witt,7/31/21,"Las Vegas, Nevada, USA",Blue,Welterweight,M-DEC,None,3,Jason Witt,Bryan Barberena
Chris Gruetzemacher,Rafa Garcia,7/31/21,"Las Vegas, Nevada, USA",Red,Lightweight,U-DEC,None,3,Chris Gruetzemacher,Rafa Garcia
Jinh Yu Frey,Ashley Yoder,7/31/21,"Las Vegas, Nevada, USA",Red,Women's Strawweight,U-DEC,None,3,Jinh Yu Frey,Ashley Yoder
Ryan Benoit,Zarrukh Adashev,7/31/21,"Las Vegas, Nevada, USA",Blue,Flyweight,U-DEC,None,3,Zarrukh Adashev,Ryan Benoit
Phil Rowe,Orion Cosce,7/31/21,"Las Vegas, Nevada, USA",Red,Welterweight,KO/TKO,Punches,2,Phil Rowe,Orion Cosce
Cory Sandhagen,TJ Dillashaw,7/24/21,"Las Vegas, Nevada, USA",Blue,Bantamweight,S-DEC,None,5,TJ Dillashaw,Cory Sandhagen
Kyler Phillips,Raulian Paiva,7/24/21,"Las Vegas, Nevada, USA",Blue,Bantamweight,M-DEC,None,3,Raulian Paiva,Kyler Phillips
Darren Elkins,Darrick Minner,7/24/21,"Las Vegas, Nevada, USA",Red,Featherweight,KO/TKO,Punches,2,Darren Elkins,Darrick Minner
Miranda Maverick,Maycee Barber,7/24/21,"Las Vegas, Nevada, USA",Blue,Women's Flyweight,S-DEC,None,3,Maycee Barber,Miranda Maverick
Adrian Yanez,Randy Costa,7/24/21,"Las Vegas, Nevada, USA",Red,Bantamweight,KO/TKO,Punches,2,Adrian Yanez,Randy Costa
Punahele Soriano,Brendan Allen,7/24/21,"Las Vegas, Nevada, USA",Blue,Middleweight,U-DEC,None,3,Brendan Allen,Punahele Soriano
Nassourdine Imavov,Ian Heinisch,7/24/21,"Las Vegas, Nevada, USA",Red,Middleweight,KO/TKO,Punches,2,Nassourdine Imavov,Ian Heinisch
Mickey Gall,Jordan Williams,7/24/21,"Las Vegas, Nevada, USA",Red,Welterweight,SUB,Rear Naked Choke,1,Mickey Gall,Jordan Williams
Julio Arce,Andre Ewell,7/24/21,"Las Vegas, Nevada, USA",Red,Bantamweight,KO/TKO,Punches,2,Julio Arce,Andre Ewell
Sijara Eubanks,Elise Reed,7/24/21,"Las Vegas, Nevada, USA",Red,Women's Flyweight,KO/TKO,Punches,1,Sijara Eubanks,Elise Reed
Diana Belbita,Hannah Goldy,7/24/21,"Las Vegas, Nevada, USA",Red,Women's Strawweight,U-DEC,None,3,Diana Belbita,Hannah Goldy
Islam Makhachev,Thiago Moises,7/17/21,"Las Vegas, Nevada, USA",Red,Lightweight,SUB,Rear Naked Choke,4,Islam Makhachev,Thiago Moises
Marion Reneau,Miesha Tate,7/17/21,"Las Vegas, Nevada, USA",Blue,Women's Bantamweight,KO/TKO,Elbows,3,Miesha Tate,Marion Reneau
Jeremy Stephens,Mateusz Gamrot,7/17/21,"Las Vegas, Nevada, USA",Blue,Lightweight,SUB,Kimura,1,Mateusz Gamrot,Jeremy Stephens
Rodolfo Vieira,Dustin Stoltzfus,7/17/21,"Las Vegas, Nevada, USA",Red,Middleweight,SUB,Rear Naked Choke,3,Rodolfo Vieira,Dustin Stoltzfus
Gabriel Benitez,Billy Quarantillo,7/17/21,"Las Vegas, Nevada, USA",Blue,Featherweight,KO/TKO,Punches,3,Billy Quarantillo,Gabriel Benitez
Daniel Rodriguez,Preston Parsons,7/17/21,"Las Vegas, Nevada, USA",Red,Welterweight,KO/TKO,Punches,1,Daniel Rodriguez,Preston Parsons
Amanda Lemos,Montserrat Conejo,7/17/21,"Las Vegas, Nevada, USA",Red,Women's Strawweight,KO/TKO,Punch,1,Amanda Lemos,Montserrat Conejo
Khalid Taha,Sergey Morozov,7/17/21,"Las Vegas, Nevada, USA",Blue,Bantamweight,U-DEC,None,3,Sergey Morozov,Khalid Taha
Francisco Figueiredo,Malcolm Gordon,7/17/21,"Las Vegas, Nevada, USA",Blue,Flyweight,U-DEC,None,3,Malcolm Gordon,Francisco Figueiredo
Alan Baudot,Rodrigo Nascimento,7/17/21,"Las Vegas, Nevada, USA",Blue,Heavyweight,KO/TKO,Punches,2,Rodrigo Nascimento,Alan Baudot
Dustin Poirier,Conor McGregor,7/10/21,"Las Vegas, Nevada, USA",Red,Lightweight,KO/TKO,None,1,Dustin Poirier,Conor McGregor
Gilbert Burns,Stephen Thompson,7/10/21,"Las Vegas, Nevada, USA",Red,Welterweight,U-DEC,None,3,Gilbert Burns,Stephen Thompson
Tai Tuivasa,Greg Hardy,7/10/21,"Las Vegas, Nevada, USA",Red,Heavyweight,KO/TKO,Punch,1,Tai Tuivasa,Greg Hardy
Irene Aldana,Yana Kunitskaya,7/10/21,"Las Vegas, Nevada, USA",Red,Women's Bantamweight,KO/TKO,Punches,1,Irene Aldana,Yana Kunitskaya
Sean O'Malley,Kris Moutinho,7/10/21,"Las Vegas, Nevada, USA",Red,Bantamweight,KO/TKO,Punches,3,Sean O'Malley,Kris Moutinho
Carlos Condit,Max Griffin,7/10/21,"Las Vegas, Nevada, USA",Blue,Welterweight,U-DEC,None,3,Max Griffin,Carlos Condit
Niko Price,Michel Pereira,7/10/21,"Las Vegas, Nevada, USA",Blue,Welterweight,U-DEC,None,3,Michel Pereira,Niko Price
Ryan Hall,Ilia Topuria,7/10/21,"Las Vegas, Nevada, USA",Blue,Featherweight,KO/TKO,Punches,1,Ilia Topuria,Ryan Hall
Trevin Giles,Dricus Du Plessis,7/10/21,"Las Vegas, Nevada, USA",Blue,Middleweight,KO/TKO,Punch,2,Dricus Du Plessis,Trevin Giles
Jennifer Maia,Jessica Eye,7/10/21,"Las Vegas, Nevada, USA",Red,Women's Flyweight,U-DEC,None,3,Jennifer Maia,Jessica Eye
Omari Akhmedov,Brad Tavares,7/10/21,"Las Vegas, Nevada, USA",Blue,Middleweight,S-DEC,None,3,Brad Tavares,Omari Akhmedov
Zhalgas Zhumagulov,Jerome Rivera,7/10/21,"Las Vegas, Nevada, USA",Red,Flyweight,SUB,Guillotine Choke,1,Zhalgas Zhumagulov,Jerome Rivera
Ciryl Gane,Alexander Volkov,6/26/21,"Las Vegas, Nevada, USA",Red,Heavyweight,U-DEC,None,5,Ciryl Gane,Alexander Volkov
Tanner Boser,Ovince Saint Preux,6/26/21,"Las Vegas, Nevada, USA",Red,Heavyweight,KO/TKO,Punch,2,Tanner Boser,Ovince Saint Preux
Raoni Barcelos,Timur Valiev,6/26/21,"Las Vegas, Nevada, USA",Blue,Bantamweight,M-DEC,None,3,Timur Valiev,Raoni Barcelos
Tim Means,Nicolas Dalby,6/26/21,"Las Vegas, Nevada, USA",Red,Welterweight,U-DEC,None,3,Tim Means,Nicolas Dalby
Renato Moicano,Jai Herbert,6/26/21,"Las Vegas, Nevada, USA",Red,Lightweight,SUB,Rear Naked Choke,2,Renato Moicano,Jai Herbert
Kennedy Nzechukwu,Danilo Marques,6/26/21,"Las Vegas, Nevada, USA",Red,Light Heavyweight,KO/TKO,Punches,3,Kennedy Nzechukwu,Danilo Marques
Shavkat Rakhmonov,Michel Prazeres,6/26/21,"Las Vegas, Nevada, USA",Red,Welterweight,SUB,Rear Naked Choke,2,Shavkat Rakhmonov,Michel Prazeres
Warlley Alves,Jeremiah Wells,6/26/21,"Las Vegas, Nevada, USA",Blue,Welterweight,KO/TKO,Punch,2,Jeremiah Wells,Warlley Alves
Marcin Prachnio,Ike Villanueva,6/26/21,"Las Vegas, Nevada, USA",Red,Light Heavyweight,KO/TKO,Kick,2,Marcin Prachnio,Ike Villanueva
Julia Avila,Julija Stoliarenko,6/26/21,"Las Vegas, Nevada, USA",Red,Women's Bantamweight,SUB,Rear Naked Choke,3,Julia Avila,Julija Stoliarenko
Charles Rosa,Justin Jaynes,6/26/21,"Las Vegas, Nevada, USA",Red,Featherweight,S-DEC,None,3,Charles Rosa,Justin Jaynes
Yancy Medeiros,Damir Hadzovic,6/26/21,"Las Vegas, Nevada, USA",Blue,Lightweight,U-DEC,None,3,Damir Hadzovic,Yancy Medeiros
Chan Sung Jung,Dan Ige,6/19/21,"Las Vegas, Nevada, USA",Red,Featherweight,U-DEC,None,5,Chan Sung Jung,Dan Ige
Aleksei Oleinik,Serghei Spivac,6/19/21,"Las Vegas, Nevada, USA",Blue,Heavyweight,U-DEC,None,3,Serghei Spivac,Aleksei Oleinik
Marlon Vera,Davey Grant,6/19/21,"Las Vegas, Nevada, USA",Red,Bantamweight,U-DEC,None,3,Marlon Vera,Davey Grant
Julian Erosa,SeungWoo Choi,6/19/21,"Las Vegas, Nevada, USA",Blue,Featherweight,KO/TKO,Punch,1,SeungWoo Choi,Julian Erosa
Wellington Turman,Bruno Silva,6/19/21,"Las Vegas, Nevada, USA",Blue,Middleweight,KO/TKO,Punches,1,Bruno Silva,Wellington Turman
Matt Brown,Dhiego Lima,6/19/21,"Las Vegas, Nevada, USA",Red,Welterweight,KO/TKO,Punch,2,Matt Brown,Dhiego Lima
Aleksa Camur,Nicolae Negumereanu,6/19/21,"Las Vegas, Nevada, USA",Blue,Light Heavyweight,S-DEC,None,3,Nicolae Negumereanu,Aleksa Camur
Kanako Murata,Virna Jandiroba,6/19/21,"Las Vegas, Nevada, USA",Blue,Women's Strawweight,KO/TKO,None,2,Virna Jandiroba,Kanako Murata
Khaos Williams,Matthew Semelsberger,6/19/21,"Las Vegas, Nevada, USA",Red,Welterweight,U-DEC,None,3,Khaos Williams,Matthew Semelsberger
Josh Parisian,Roque Martinez,6/19/21,"Las Vegas, Nevada, USA",Red,Heavyweight,S-DEC,None,3,Josh Parisian,Roque Martinez
Joaquim Silva,Ricky Glenn,6/19/21,"Las Vegas, Nevada, USA",Blue,Lightweight,KO/TKO,Punches,1,Ricky Glenn,Joaquim Silva
Casey O'Neill,Lara Procopio,6/19/21,"Las Vegas, Nevada, USA",Red,Women's Flyweight,SUB,Rear Naked Choke,3,Casey O'Neill,Lara Procopio
Israel Adesanya,Marvin Vettori,6/12/21,"Glendale, Arizona, USA",Red,Middleweight,U-DEC,None,5,Israel Adesanya,Marvin Vettori
Deiveson Figueiredo,Brandon Moreno,6/12/21,"Glendale, Arizona, USA",Blue,Flyweight,SUB,Rear Naked Choke,3,Brandon Moreno,Deiveson Figueiredo
Leon Edwards,Nate Diaz,6/12/21,"Glendale, Arizona, USA",Red,Welterweight,U-DEC,None,5,Leon Edwards,Nate Diaz
Demian Maia,Belal Muhammad,6/12/21,"Glendale, Arizona, USA",Blue,Welterweight,U-DEC,None,3,Belal Muhammad,Demian Maia
Paul Craig,Jamahal Hill,6/12/21,"Glendale, Arizona, USA",Red,Light Heavyweight,KO/TKO,Punches,1,Paul Craig,Jamahal Hill
Drew Dober,Brad Riddell,6/12/21,"Glendale, Arizona, USA",Blue,Lightweight,U-DEC,None,3,Brad Riddell,Drew Dober
Eryk Anders,Darren Stewart,6/12/21,"Glendale, Arizona, USA",Red,Light Heavyweight,U-DEC,None,3,Eryk Anders,Darren Stewart
Lauren Murphy,Joanne Calderwood,6/12/21,"Glendale, Arizona, USA",Red,Women's Flyweight,S-DEC,None,3,Lauren Murphy,Joanne Calderwood
Movsar Evloev,Hakeem Dawodu,6/12/21,"Glendale, Arizona, USA",Red,Featherweight,U-DEC,None,3,Movsar Evloev,Hakeem Dawodu
Pannie Kianzad,Alexis Davis,6/12/21,"Glendale, Arizona, USA",Red,Women's Bantamweight,U-DEC,None,3,Pannie Kianzad,Alexis Davis
Matt Frevola,Terrance McKinney,6/12/21,"Glendale, Arizona, USA",Blue,Lightweight,KO/TKO,Punch,1,Terrance McKinney,Matt Frevola
Chase Hooper,Steven Peterson,6/12/21,"Glendale, Arizona, USA",Blue,Featherweight,U-DEC,None,3,Steven Peterson,Chase Hooper
Fares Ziam,Luigi Vendramini,6/12/21,"Glendale, Arizona, USA",Red,Lightweight,M-DEC,None,3,Fares Ziam,Luigi Vendramini
Carlos Felipe,Jake Collier,6/12/21,"Glendale, Arizona, USA",Red,Heavyweight,S-DEC,None,3,Carlos Felipe,Jake Collier
Jairzinho Rozenstruik,Augusto Sakai,6/5/21,"Las Vegas, Nevada, USA",Red,Heavyweight,KO/TKO,Punches,1,Jairzinho Rozenstruik,Augusto Sakai
Walt Harris,Marcin Tybura,6/5/21,"Las Vegas, Nevada, USA",Blue,Heavyweight,KO/TKO,Punches,1,Marcin Tybura,Walt Harris
Roman Dolidze,Laureano Staropoli,6/5/21,"Las Vegas, Nevada, USA",Red,Middleweight,U-DEC,None,3,Roman Dolidze,Laureano Staropoli
Santiago Ponzinibbio,Miguel Baeza,6/5/21,"Las Vegas, Nevada, USA",Red,Welterweight,U-DEC,None,3,Santiago Ponzinibbio,Miguel Baeza
Dusko Todorovic,Gregory Rodrigues,6/5/21,"Las Vegas, Nevada, USA",Blue,Middleweight,U-DEC,None,3,Gregory Rodrigues,Dusko Todorovic
Montana De La Rosa,Ariane Lipski,6/5/21,"Las Vegas, Nevada, USA",Red,Women's Flyweight,KO/TKO,Punches,2,Montana De La Rosa,Ariane Lipski
Tanner Boser,Ilir Latifi,6/5/21,"Las Vegas, Nevada, USA",Blue,Heavyweight,S-DEC,None,3,Ilir Latifi,Tanner Boser
Francisco Trinaldo,Muslim Salikhov,6/5/21,"Las Vegas, Nevada, USA",Blue,Welterweight,U-DEC,None,3,Muslim Salikhov,Francisco Trinaldo
Makwan Amirkhani,Kamuela Kirk,6/5/21,"Las Vegas, Nevada, USA",Blue,Featherweight,U-DEC,None,3,Kamuela Kirk,Makwan Amirkhani
Manon Fiorot,Tabatha Ricci,6/5/21,"Las Vegas, Nevada, USA",Red,Women's Flyweight,KO/TKO,Punches,2,Manon Fiorot,Tabatha Ricci
Sean Woodson,Youssef Zalal,6/5/21,"Las Vegas, Nevada, USA",Red,Featherweight,S-DEC,None,3,Sean Woodson,Youssef Zalal
Claudio Puelles,Jordan Leavitt,6/5/21,"Las Vegas, Nevada, USA",Red,Lightweight,U-DEC,None,3,Claudio Puelles,Jordan Leavitt
Rob Font,Cody Garbrandt,5/22/21,"Las Vegas, Nevada, USA",Red,Bantamweight,U-DEC,None,,Rob Font,Cody Garbrandt
Yan Xiaonan,Carla Esparza,5/22/21,"Las Vegas, Nevada, USA",Blue,Women's Strawweight,KO/TKO,None,,Carla Esparza,Yan Xiaonan
Justin Tafa,Jared Vanderaa,5/22/21,"Las Vegas, Nevada, USA",Blue,Heavyweight,U-DEC,None,,Jared Vanderaa,Justin Tafa
Felicia Spencer,Norma Dumont,5/22/21,"Las Vegas, Nevada, USA",Blue,Women's Featherweight,S-DEC,None,,Norma Dumont,Felicia Spencer
Ricardo Ramos,Bill Algeo,5/22/21,"Las Vegas, Nevada, USA",Red,Featherweight,U-DEC,None,,Ricardo Ramos,Bill Algeo
Jack Hermansson,Edmen Shahbazyan,5/22/21,"Las Vegas, Nevada, USA",Red,Middleweight,U-DEC,None,,Jack Hermansson,Edmen Shahbazyan
Ben Rothwell,Chris Barnett,5/22/21,"Las Vegas, Nevada, USA",Red,Heavyweight,SUB,None,,Ben Rothwell,Chris Barnett
Court McGee,Claudio Silva,5/22/21,"Las Vegas, Nevada, USA",Red,Welterweight,U-DEC,None,,Court McGee,Claudio Silva
Bruno Silva,Victor Rodriguez,5/22/21,"Las Vegas, Nevada, USA",Red,Flyweight,KO/TKO,None,,Bruno Silva,Victor Rodriguez
Josh Culibao,Shayilan Nuerdanbieke,5/22/21,"Las Vegas, Nevada, USA",Red,Featherweight,U-DEC,None,,Josh Culibao,Shayilan Nuerdanbieke
David Dvorak,Juancamilo Ronderos,5/22/21,"Las Vegas, Nevada, USA",Red,Flyweight,SUB,None,,David Dvorak,Juancamilo Ronderos
Rafael Alves,Damir Ismagulov,5/22/21,"Las Vegas, Nevada, USA",Blue,Lightweight,U-DEC,None,,Damir Ismagulov,Rafael Alves
Charles Oliveira,Michael Chandler,5/15/21,"Houston, Texas, USA",Red,Lightweight,KO/TKO,None,,Charles Oliveira,Michael Chandler
Tony Ferguson,Beneil Dariush,5/15/21,"Houston, Texas, USA",Blue,Lightweight,U-DEC,None,,Beneil Dariush,Tony Ferguson
Matt Schnell,Rogerio Bontorin,5/15/21,"Houston, Texas, USA",Blue,Bantamweight,U-DEC,None,,Rogerio Bontorin,Matt Schnell
Katlyn Chookagian,Viviane Araujo,5/15/21,"Houston, Texas, USA",Red,Women's Flyweight,U-DEC,None,,Katlyn Chookagian,Viviane Araujo
Shane Burgos,Edson Barboza,5/15/21,"Houston, Texas, USA",Blue,Featherweight,KO/TKO,None,,Edson Barboza,Shane Burgos
Jacare Souza,Andre Muniz,5/15/21,"Houston, Texas, USA",Blue,Middleweight,SUB,None,,Andre Muniz,Jacare Souza
Lando Vannata,Mike Grundy,5/15/21,"Houston, Texas, USA",Red,Featherweight,S-DEC,None,,Lando Vannata,Mike Grundy
Jordan Wright,Jamie Pickett,5/15/21,"Houston, Texas, USA",Red,Middleweight,KO/TKO,None,,Jordan Wright,Jamie Pickett
Andrea Lee,Antonina Shevchenko,5/15/21,"Houston, Texas, USA",Red,Women's Flyweight,SUB,None,,Andrea Lee,Antonina Shevchenko
Gina Mazany,Priscila Cachoeira,5/15/21,"Houston, Texas, USA",Blue,Women's Flyweight,KO/TKO,None,,Priscila Cachoeira,Gina Mazany
Kevin Aguilar,Tucker Lutz,5/15/21,"Houston, Texas, USA",Blue,Featherweight,U-DEC,None,,Tucker Lutz,Kevin Aguilar
Christos Giagos,Sean Soriano,5/15/21,"Houston, Texas, USA",Red,Lightweight,SUB,None,,Christos Giagos,Sean Soriano
Marina Rodriguez,Michelle Waterson,5/8/21,"Las Vegas, Nevada, USA",Red,Women's Flyweight,U-DEC,None,,Marina Rodriguez,Michelle Waterson
Donald Cerrone,Alex Morono,5/8/21,"Las Vegas, Nevada, USA",Blue,Welterweight,KO/TKO,None,,Alex Morono,Donald Cerrone
Neil Magny,Geoff Neal,5/8/21,"Las Vegas, Nevada, USA",Red,Welterweight,U-DEC,None,,Neil Magny,Geoff Neal
Maurice Greene,Marcos Rogerio de Lima,5/8/21,"Las Vegas, Nevada, USA",Blue,Heavyweight,U-DEC,None,,Marcos Rogerio de Lima,Maurice Greene
Diego Ferreira,Gregor Gillespie,5/8/21,"Las Vegas, Nevada, USA",Blue,Lightweight,KO/TKO,None,,Gregor Gillespie,Diego Ferreira
Phil Hawes,Kyle Daukaus,5/8/21,"Las Vegas, Nevada, USA",Red,Middleweight,U-DEC,None,,Phil Hawes,Kyle Daukaus
Ludovit Klein,Michael Trizano,5/8/21,"Las Vegas, Nevada, USA",Blue,Featherweight,U-DEC,None,,Michael Trizano,Ludovit Klein
Junyong Park,Tafon Nchukwi,5/8/21,"Las Vegas, Nevada, USA",Red,Middleweight,M-DEC,None,,Junyong Park,Tafon Nchukwi
Christian Aguilera,Carlston Harris,5/8/21,"Las Vegas, Nevada, USA",Blue,Welterweight,SUB,None,,Carlston Harris,Christian Aguilera
Dominick Reyes,Jiri Prochazka,5/1/21,"Las Vegas, Nevada, USA",Blue,Light Heavyweight,KO/TKO,None,,Jiri Prochazka,Dominick Reyes
Giga Chikadze,Cub Swanson,5/1/21,"Las Vegas, Nevada, USA",Red,Featherweight,KO/TKO,None,,Giga Chikadze,Cub Swanson
Sean Strickland,Krzysztof Jotko,5/1/21,"Las Vegas, Nevada, USA",Red,Middleweight,U-DEC,None,,Sean Strickland,Krzysztof Jotko
Merab Dvalishvili,Cody Stamann,5/1/21,"Las Vegas, Nevada, USA",Red,Bantamweight,U-DEC,None,,Merab Dvalishvili,Cody Stamann
Randa Markos,Luana Pinheiro,5/1/21,"Las Vegas, Nevada, USA",Blue,Women's Strawweight,DQ,None,,Luana Pinheiro,Randa Markos
Kai Kamaka,TJ Brown,5/1/21,"Las Vegas, Nevada, USA",Blue,Featherweight,S-DEC,None,,TJ Brown,Kai Kamaka
Poliana Botelho,Luana Carolina,5/1/21,"Las Vegas, Nevada, USA",Blue,Women's Flyweight,S-DEC,None,,Luana Carolina,Poliana Botelho
Loma Lookboonmee,Sam Hughes,5/1/21,"Las Vegas, Nevada, USA",Red,Women's Strawweight,U-DEC,None,,Loma Lookboonmee,Sam Hughes
Andreas Michailidis,KB Bhullar,5/1/21,"Las Vegas, Nevada, USA",Red,Middleweight,U-DEC,None,,Andreas Michailidis,KB Bhullar
Luke Sanders,Felipe Colares,5/1/21,"Las Vegas, Nevada, USA",Blue,Featherweight,U-DEC,None,,Felipe Colares,Luke Sanders
Kamaru Usman,Jorge Masvidal,4/24/21,"Jacksonville, Florida, USA",Red,Welterweight,KO/TKO,None,,Kamaru Usman,Jorge Masvidal
Zhang Weili,Rose Namajunas,4/24/21,"Jacksonville, Florida, USA",Blue,Women's Strawweight,KO/TKO,None,,Rose Namajunas,Zhang Weili
Valentina Shevchenko,Jessica Andrade,4/24/21,"Jacksonville, Florida, USA",Red,Women's Flyweight,KO/TKO,None,,Valentina Shevchenko,Jessica Andrade
Uriah Hall,Chris Weidman,4/24/21,"Jacksonville, Florida, USA",Red,Middleweight,KO/TKO,None,,Uriah Hall,Chris Weidman
Anthony Smith,Jimmy Crute,4/24/21,"Jacksonville, Florida, USA",Red,Light Heavyweight,KO/TKO,None,,Anthony Smith,Jimmy Crute
Alex Oliveira,Randy Brown,4/24/21,"Jacksonville, Florida, USA",Blue,Welterweight,SUB,None,,Randy Brown,Alex Oliveira
Dwight Grant,Stefan Sekulic,4/24/21,"Jacksonville, Florida, USA",Red,Welterweight,S-DEC,None,,Dwight Grant,Stefan Sekulic
Karl Roberson,Brendan Allen,4/24/21,"Jacksonville, Florida, USA",Blue,Middleweight,SUB,None,,Brendan Allen,Karl Roberson
Pat Sabatini,Tristan Connelly,4/24/21,"Jacksonville, Florida, USA",Red,Featherweight,U-DEC,None,,Pat Sabatini,Tristan Connelly
Danaa Batgerel,Kevin Natividad,4/24/21,"Jacksonville, Florida, USA",Red,Bantamweight,KO/TKO,None,,Danaa Batgerel,Kevin Natividad
Kazula Vargas,Rong Zhu,4/24/21,"Jacksonville, Florida, USA",Red,Lightweight,U-DEC,None,,Kazula Vargas,Rong Zhu
Aori Qileng,Jeff Molina,4/24/21,"Jacksonville, Florida, USA",Blue,Flyweight,U-DEC,None,,Jeff Molina,Aori Qileng
Na Liang,Ariane Carnelossi,4/24/21,"Jacksonville, Florida, USA",Blue,Women's Strawweight,KO/TKO,None,,Ariane Carnelossi,Na Liang
Robert Whittaker,Kelvin Gastelum,4/17/21,"Las Vegas, Nevada, USA",Red,Middleweight,U-DEC,None,,Robert Whittaker,Kelvin Gastelum
Andrei Arlovski,Chase Sherman,4/17/21,"Las Vegas, Nevada, USA",Red,Heavyweight,U-DEC,None,,Andrei Arlovski,Chase Sherman
Abdul Razak Alhassan,Jacob Malkoun,4/17/21,"Las Vegas, Nevada, USA",Blue,Middleweight,U-DEC,None,,Jacob Malkoun,Abdul Razak Alhassan
Tracy Cortez,Justine Kish,4/17/21,"Las Vegas, Nevada, USA",Red,Women's Flyweight,S-DEC,None,,Tracy Cortez,Justine Kish
Luis Pena,Alexander Munoz,4/17/21,"Las Vegas, Nevada, USA",Red,Lightweight,S-DEC,None,,Luis Pena,Alexander Munoz
Alexandr Romanov,Juan Espino,4/17/21,"Las Vegas, Nevada, USA",Red,Heavyweight,S-DEC,None,,Alexandr Romanov,Juan Espino
Jessica Penne,Loopy Godinez,4/17/21,"Las Vegas, Nevada, USA",Red,Women's Strawweight,S-DEC,None,,Jessica Penne,Loopy Godinez
Bartosz Fabinski,Gerald Meerschaert,4/17/21,"Las Vegas, Nevada, USA",Blue,Middleweight,SUB,None,,Gerald Meerschaert,Bartosz Fabinski
Austin Hubbard,Dakota Bush,4/17/21,"Las Vegas, Nevada, USA",Red,Lightweight,U-DEC,None,,Austin Hubbard,Dakota Bush
Tony Gravely,Anthony Birchak,4/17/21,"Las Vegas, Nevada, USA",Red,Bantamweight,KO/TKO,None,,Tony Gravely,Anthony Birchak
Marvin Vettori,Kevin Holland,4/10/21,"Las Vegas, Nevada, USA",Red,Middleweight,U-DEC,None,,Marvin Vettori,Kevin Holland
Arnold Allen,Sodiq Yusuff,4/10/21,"Las Vegas, Nevada, USA",Red,Featherweight,U-DEC,None,,Arnold Allen,Sodiq Yusuff
Sam Alvey,Julian Marquez,4/10/21,"Las Vegas, Nevada, USA",Blue,Middleweight,SUB,None,,Julian Marquez,Sam Alvey
Nina Nunes,Mackenzie Dern,4/10/21,"Las Vegas, Nevada, USA",Blue,Women's Strawweight,SUB,None,,Mackenzie Dern,Nina Nunes
Mike Perry,Daniel Rodriguez,4/10/21,"Las Vegas, Nevada, USA",Blue,Welterweight,U-DEC,None,,Daniel Rodriguez,Mike Perry
Jim Miller,Joe Solecki,4/10/21,"Las Vegas, Nevada, USA",Blue,Lightweight,U-DEC,None,,Joe Solecki,Jim Miller
Scott Holtzman,Mateusz Gamrot,4/10/21,"Las Vegas, Nevada, USA",Blue,Lightweight,KO/TKO,None,,Mateusz Gamrot,Scott Holtzman
John Makdessi,Ignacio Bahamondes,4/10/21,"Las Vegas, Nevada, USA",Red,Lightweight,S-DEC,None,,John Makdessi,Ignacio Bahamondes
Yorgan De Castro,Jarjis Danho,4/10/21,"Las Vegas, Nevada, USA",Blue,Heavyweight,KO/TKO,None,,Jarjis Danho,Yorgan De Castro
Hunter Azure,Jack Shore,4/10/21,"Las Vegas, Nevada, USA",Blue,Bantamweight,S-DEC,None,,Jack Shore,Hunter Azure
Luis Saldana,Jordan Griffin,4/10/21,"Las Vegas, Nevada, USA",Red,Featherweight,U-DEC,None,,Luis Saldana,Jordan Griffin
Da-Un Jung,William Knight,4/10/21,"Las Vegas, Nevada, USA",Red,Light Heavyweight,U-DEC,None,,Da-Un Jung,William Knight
Impa Kasanganay,Sasha Palatnikov,4/10/21,"Las Vegas, Nevada, USA",Red,Welterweight,SUB,None,,Impa Kasanganay,Sasha Palatnikov
Stipe Miocic,Francis Ngannou,3/27/21,"Las Vegas, Nevada, USA",Blue,Heavyweight,KO/TKO,None,,Francis Ngannou,Stipe Miocic
Tyron Woodley,Vicente Luque,3/27/21,"Las Vegas, Nevada, USA",Blue,Welterweight,SUB,None,,Vicente Luque,Tyron Woodley
Sean O'Malley,Thomas Almeida,3/27/21,"Las Vegas, Nevada, USA",Red,Bantamweight,KO/TKO,None,,Sean O'Malley,Thomas Almeida
Gillian Robertson,Miranda Maverick,3/27/21,"Las Vegas, Nevada, USA",Blue,Women's Flyweight,U-DEC,None,,Miranda Maverick,Gillian Robertson
Jamie Mullarkey,Khama Worthy,3/27/21,"Las Vegas, Nevada, USA",Red,Lightweight,KO/TKO,None,,Jamie Mullarkey,Khama Worthy
Alonzo Menifield,Fabio Cherant,3/27/21,"Las Vegas, Nevada, USA",Red,Light Heavyweight,SUB,None,,Alonzo Menifield,Fabio Cherant
Jared Gooden,Abubakar Nurmagomedov,3/27/21,"Las Vegas, Nevada, USA",Blue,Welterweight,U-DEC,None,,Abubakar Nurmagomedov,Jared Gooden
Modestas Bukauskas,Michal Oleksiejczuk,3/27/21,"Las Vegas, Nevada, USA",Blue,Light Heavyweight,S-DEC,None,,Michal Oleksiejczuk,Modestas Bukauskas
Shane Young,Omar Morales,3/27/21,"Las Vegas, Nevada, USA",Blue,Featherweight,U-DEC,None,,Omar Morales,Shane Young
Marc-Andre Barriault,Abu Azaitar,3/27/21,"Las Vegas, Nevada, USA",Red,Middleweight,KO/TKO,None,,Marc-Andre Barriault,Abu Azaitar
Derek Brunson,Kevin Holland,3/20/21,"Las Vegas, Nevada, USA",Red,Middleweight,U-DEC,None,,Derek Brunson,Kevin Holland
Song Kenan,Max Griffin,3/20/21,"Las Vegas, Nevada, USA",Blue,Welterweight,KO/TKO,None,,Max Griffin,Song Kenan
Cheyanne Buys,Montserrat Conejo,3/20/21,"Las Vegas, Nevada, USA",Blue,Women's Strawweight,U-DEC,None,,Montserrat Conejo,Cheyanne Buys
Adrian Yanez,Gustavo Lopez,3/20/21,"Las Vegas, Nevada, USA",Red,Bantamweight,KO/TKO,None,,Adrian Yanez,Gustavo Lopez
Tai Tuivasa,Harry Hunsucker,3/20/21,"Las Vegas, Nevada, USA",Red,Heavyweight,KO/TKO,None,,Tai Tuivasa,Harry Hunsucker
Marion Reneau,Macy Chiasson,3/20/21,"Las Vegas, Nevada, USA",Blue,Women's Bantamweight,U-DEC,None,,Macy Chiasson,Marion Reneau
Leonardo Santos,Grant Dawson,3/20/21,"Las Vegas, Nevada, USA",Blue,Lightweight,KO/TKO,None,,Grant Dawson,Leonardo Santos
Trevin Giles,Roman Dolidze,3/20/21,"Las Vegas, Nevada, USA",Red,Middleweight,U-DEC,None,,Trevin Giles,Roman Dolidze
Montel Jackson,Jesse Strader,3/20/21,"Las Vegas, Nevada, USA",Red,Bantamweight,KO/TKO,None,,Montel Jackson,Jesse Strader
Bruno Silva,JP Buys,3/20/21,"Las Vegas, Nevada, USA",Red,Flyweight,KO/TKO,None,,Bruno Silva,JP Buys
Misha Cirkunov,Ryan Spann,3/13/21,"Las Vegas, Nevada, USA",Blue,Light Heavyweight,KO/TKO,None,,Ryan Spann,Misha Cirkunov
Dan Ige,Gavin Tucker,3/13/21,"Las Vegas, Nevada, USA",Red,Featherweight,KO/TKO,None,,Dan Ige,Gavin Tucker
Jonathan Martinez,Davey Grant,3/13/21,"Las Vegas, Nevada, USA",Blue,Bantamweight,KO/TKO,None,,Davey Grant,Jonathan Martinez
Manel Kape,Matheus Nicolau,3/13/21,"Las Vegas, Nevada, USA",Blue,Flyweight,S-DEC,None,,Matheus Nicolau,Manel Kape
Angela Hill,Ashley Yoder,3/13/21,"Las Vegas, Nevada, USA",Red,Women's Strawweight,U-DEC,None,,Angela Hill,Ashley Yoder
Charles Jourdain,Marcelo Rojo,3/13/21,"Las Vegas, Nevada, USA",Red,Featherweight,KO/TKO,None,,Charles Jourdain,Marcelo Rojo
Rani Yahya,Ray Rodriguez,3/13/21,"Las Vegas, Nevada, USA",Red,Bantamweight,SUB,None,,Rani Yahya,Ray Rodriguez
Nasrat Haqparast,Rafa Garcia,3/13/21,"Las Vegas, Nevada, USA",Red,Lightweight,U-DEC,None,,Nasrat Haqparast,Rafa Garcia
Cortney Casey,JJ Aldrich,3/13/21,"Las Vegas, Nevada, USA",Blue,Women's Flyweight,S-DEC,None,,JJ Aldrich,Cortney Casey
Gloria de Paula,Jinh Yu Frey,3/13/21,"Las Vegas, Nevada, USA",Blue,Women's Strawweight,U-DEC,None,,Jinh Yu Frey,Gloria de Paula
Matthew Semelsberger,Jason Witt,3/13/21,"Las Vegas, Nevada, USA",Red,Welterweight,KO/TKO,None,,Matthew Semelsberger,Jason Witt
Jan Blachowicz,Israel Adesanya,3/6/21,"Las Vegas, Nevada, USA",Red,Light Heavyweight,U-DEC,None,,Jan Blachowicz,Israel Adesanya
Amanda Nunes,Megan Anderson,3/6/21,"Las Vegas, Nevada, USA",Red,Women's Featherweight,SUB,None,,Amanda Nunes,Megan Anderson
Petr Yan,Aljamain Sterling,3/6/21,"Las Vegas, Nevada, USA",Blue,Bantamweight,DQ,None,,Aljamain Sterling,Petr Yan
Islam Makhachev,Drew Dober,3/6/21,"Las Vegas, Nevada, USA",Red,Lightweight,SUB,None,,Islam Makhachev,Drew Dober
Thiago Santos,Aleksandar Rakic,3/6/21,"Las Vegas, Nevada, USA",Blue,Light Heavyweight,U-DEC,None,,Aleksandar Rakic,Thiago Santos
Dominick Cruz,Casey Kenney,3/6/21,"Las Vegas, Nevada, USA",Red,Bantamweight,S-DEC,None,,Dominick Cruz,Casey Kenney
Song Yadong,Kyler Phillips,3/6/21,"Las Vegas, Nevada, USA",Blue,Bantamweight,U-DEC,None,,Kyler Phillips,Song Yadong
Joseph Benavidez,Askar Askarov,3/6/21,"Las Vegas, Nevada, USA",Blue,Flyweight,U-DEC,None,,Askar Askarov,Joseph Benavidez
Rogerio Bontorin,Kai Kara-France,3/6/21,"Las Vegas, Nevada, USA",Blue,Flyweight,KO/TKO,None,,Kai Kara-France,Rogerio Bontorin
Tim Elliott,Jordan Espinosa,3/6/21,"Las Vegas, Nevada, USA",Red,Flyweight,U-DEC,None,,Tim Elliott,Jordan Espinosa
Kennedy Nzechukwu,Carlos Ulberg,3/6/21,"Las Vegas, Nevada, USA",Red,Light Heavyweight,KO/TKO,None,,Kennedy Nzechukwu,Carlos Ulberg
Sean Brady,Jake Matthews,3/6/21,"Las Vegas, Nevada, USA",Red,Welterweight,SUB,None,,Sean Brady,Jake Matthews
Livinha Souza,Amanda Lemos,3/6/21,"Las Vegas, Nevada, USA",Blue,Women's Strawweight,KO/TKO,None,,Amanda Lemos,Livinha Souza
Uros Medic,Aalon Cruz,3/6/21,"Las Vegas, Nevada, USA",Red,Lightweight,KO/TKO,None,,Uros Medic,Aalon Cruz
Mario Bautista,Trevin Jones,3/6/21,"Las Vegas, Nevada, USA",Blue,Bantamweight,KO/TKO,None,,Trevin Jones,Mario Bautista
Jairzinho Rozenstruik,Ciryl Gane,2/27/21,"Las Vegas, Nevada, USA",Blue,Heavyweight,U-DEC,None,,Ciryl Gane,Jairzinho Rozenstruik
Nikita Krylov,Magomed Ankalaev,2/27/21,"Las Vegas, Nevada, USA",Blue,Light Heavyweight,U-DEC,None,,Magomed Ankalaev,Nikita Krylov
Pedro Munhoz,Jimmie Rivera,2/27/21,"Las Vegas, Nevada, USA",Red,Bantamweight,U-DEC,None,,Pedro Munhoz,Jimmie Rivera
Alex Caceres,Kevin Croom,2/27/21,"Las Vegas, Nevada, USA",Red,Featherweight,U-DEC,None,,Alex Caceres,Kevin Croom
Alexander Hernandez,Thiago Moises,2/27/21,"Las Vegas, Nevada, USA",Blue,Lightweight,U-DEC,None,,Thiago Moises,Alexander Hernandez
Alexis Davis,Sabina Mazo,2/27/21,"Las Vegas, Nevada, USA",Red,Women's Bantamweight,U-DEC,None,,Alexis Davis,Sabina Mazo
Vince Cachero,Ronnie Lawrence,2/27/21,"Las Vegas, Nevada, USA",Blue,Bantamweight,KO/TKO,None,,Ronnie Lawrence,Vince Cachero
Dustin Jacoby,Maxim Grishin,2/27/21,"Las Vegas, Nevada, USA",Red,Light Heavyweight,U-DEC,None,,Dustin Jacoby,Maxim Grishin
Curtis Blaydes,Derrick Lewis,2/20/21,"Las Vegas, Nevada, USA",Blue,Heavyweight,KO/TKO,None,,Derrick Lewis,Curtis Blaydes
Ketlen Vieira,Yana Kunitskaya,2/20/21,"Las Vegas, Nevada, USA",Blue,Women's Bantamweight,U-DEC,None,,Yana Kunitskaya,Ketlen Vieira
Charles Rosa,Darrick Minner,2/20/21,"Las Vegas, Nevada, USA",Blue,Featherweight,U-DEC,None,,Darrick Minner,Charles Rosa
Aleksei Oleinik,Chris Daukaus,2/20/21,"Las Vegas, Nevada, USA",Blue,Heavyweight,KO/TKO,None,,Chris Daukaus,Aleksei Oleinik
Phil Hawes,Nassourdine Imavov,2/20/21,"Las Vegas, Nevada, USA",Red,Middleweight,M-DEC,None,,Phil Hawes,Nassourdine Imavov
Andrei Arlovski,Tom Aspinall,2/20/21,"Las Vegas, Nevada, USA",Blue,Heavyweight,SUB,None,,Tom Aspinall,Andrei Arlovski
Jared Gordon,Danny Chavez,2/20/21,"Las Vegas, Nevada, USA",Red,Featherweight,U-DEC,None,,Jared Gordon,Danny Chavez
Eddie Wineland,John Castaneda,2/20/21,"Las Vegas, Nevada, USA",Blue,Bantamweight,KO/TKO,None,,John Castaneda,Eddie Wineland
Nate Landwehr,Julian Erosa,2/20/21,"Las Vegas, Nevada, USA",Blue,Featherweight,KO/TKO,None,,Julian Erosa,Nate Landwehr
Shana Dobson,Casey O'Neill,2/20/21,"Las Vegas, Nevada, USA",Blue,Women's Flyweight,KO/TKO,None,,Casey O'Neill,Shana Dobson
Aiemann Zahabi,Drako Rodriguez,2/20/21,"Las Vegas, Nevada, USA",Red,Bantamweight,KO/TKO,None,,Aiemann Zahabi,Drako Rodriguez
Serghei Spivac,Jared Vanderaa,2/20/21,"Las Vegas, Nevada, USA",Red,Heavyweight,KO/TKO,None,,Serghei Spivac,Jared Vanderaa
Kamaru Usman,Gilbert Burns,2/13/21,"Las Vegas, Nevada, USA",Red,Welterweight,KO/TKO,None,,Kamaru Usman,Gilbert Burns
Maycee Barber,Alexa Grasso,2/13/21,"Las Vegas, Nevada, USA",Blue,Women's Flyweight,U-DEC,None,,Alexa Grasso,Maycee Barber
Kelvin Gastelum,Ian Heinisch,2/13/21,"Las Vegas, Nevada, USA",Red,Middleweight,U-DEC,None,,Kelvin Gastelum,Ian Heinisch
Ricky Simon,Brian Kelleher,2/13/21,"Las Vegas, Nevada, USA",Red,Featherweight,U-DEC,None,,Ricky Simon,Brian Kelleher
Maki Pitolo,Julian Marquez,2/13/21,"Las Vegas, Nevada, USA",Blue,Middleweight,SUB,None,,Julian Marquez,Maki Pitolo
Rodolfo Vieira,Anthony Hernandez,2/13/21,"Las Vegas, Nevada, USA",Blue,Middleweight,SUB,None,,Anthony Hernandez,Rodolfo Vieira
Belal Muhammad,Dhiego Lima,2/13/21,"Las Vegas, Nevada, USA",Red,Welterweight,U-DEC,None,,Belal Muhammad,Dhiego Lima
Polyana Viana,Mallory Martin,2/13/21,"Las Vegas, Nevada, USA",Red,Women's Strawweight,SUB,None,,Polyana Viana,Mallory Martin
Andre Ewell,Chris Gutierrez,2/13/21,"Las Vegas, Nevada, USA",Blue,Catch Weight,U-DEC,None,,Chris Gutierrez,Andre Ewell
Gabe Green,Philip Rowe,2/13/21,"Las Vegas, Nevada, USA",Red,Welterweight,U-DEC,None,,Gabe Green,Philip Rowe
Alistair Overeem,Alexander Volkov,2/6/21,"Las Vegas, Nevada, USA",Blue,Heavyweight,KO/TKO,None,,Alexander Volkov,Alistair Overeem
Cory Sandhagen,Frankie Edgar,2/6/21,"Las Vegas, Nevada, USA",Red,Bantamweight,KO/TKO,None,,Cory Sandhagen,Frankie Edgar
Alexandre Pantoja,Manel Kape,2/6/21,"Las Vegas, Nevada, USA",Red,Flyweight,U-DEC,None,,Alexandre Pantoja,Manel Kape
Diego Ferreira,Beneil Dariush,2/6/21,"Las Vegas, Nevada, USA",Blue,Lightweight,S-DEC,None,,Beneil Dariush,Diego Ferreira
Michael Johnson,Clay Guida,2/6/21,"Las Vegas, Nevada, USA",Blue,Lightweight,U-DEC,None,,Clay Guida,Michael Johnson
Mike Rodriguez,Danilo Marques,2/6/21,"Las Vegas, Nevada, USA",Blue,Light Heavyweight,SUB,None,,Danilo Marques,Mike Rodriguez
Molly McCann,Lara Procopio,2/6/21,"Las Vegas, Nevada, USA",Blue,Women's Flyweight,U-DEC,None,,Lara Procopio,Molly McCann
SeungWoo Choi,Youssef Zalal,2/6/21,"Las Vegas, Nevada, USA",Red,Featherweight,U-DEC,None,,SeungWoo Choi,Youssef Zalal
Dustin Poirier,Conor McGregor,1/23/21,"Abu Dhabi, Abu Dhabi, United Arab Emirates",Red,Lightweight,KO/TKO,None,,Dustin Poirier,Conor McGregor
Dan Hooker,Michael Chandler,1/23/21,"Abu Dhabi, Abu Dhabi, United Arab Emirates",Blue,Lightweight,KO/TKO,None,,Michael Chandler,Dan Hooker
Jessica Eye,Joanne Calderwood,1/23/21,"Abu Dhabi, Abu Dhabi, United Arab Emirates",Blue,Women's Flyweight,U-DEC,None,,Joanne Calderwood,Jessica Eye
Andrew Sanchez,Makhmud Muradov,1/23/21,"Abu Dhabi, Abu Dhabi, United Arab Emirates",Blue,Middleweight,KO/TKO,None,,Makhmud Muradov,Andrew Sanchez
Marina Rodriguez,Amanda Ribas,1/23/21,"Abu Dhabi, Abu Dhabi, United Arab Emirates",Red,Women's Strawweight,KO/TKO,None,,Marina Rodriguez,Amanda Ribas
Brad Tavares,Antonio Carlos Junior,1/23/21,"Abu Dhabi, Abu Dhabi, United Arab Emirates",Red,Middleweight,U-DEC,None,,Brad Tavares,Antonio Carlos Junior
Julianna Pena,Sara McMann,1/23/21,"Abu Dhabi, Abu Dhabi, United Arab Emirates",Red,Women's Bantamweight,SUB,None,,Julianna Pena,Sara McMann
Khalil Rountree Jr.,Marcin Prachnio,1/23/21,"Abu Dhabi, Abu Dhabi, United Arab Emirates",Blue,Light Heavyweight,U-DEC,None,,Marcin Prachnio,Khalil Rountree Jr.
Nik Lentz,Movsar Evloev,1/23/21,"Abu Dhabi, Abu Dhabi, United Arab Emirates",Blue,Catch Weight,S-DEC,None,,Movsar Evloev,Nik Lentz
Amir Albazi,Zhalgas Zhumagulov,1/23/21,"Abu Dhabi, Abu Dhabi, United Arab Emirates",Red,Flyweight,U-DEC,None,,Amir Albazi,Zhalgas Zhumagulov
Michael Chiesa,Neil Magny,1/20/21,"Abu Dhabi, Abu Dhabi, United Arab Emirates",Red,Welterweight,U-DEC,None,,Michael Chiesa,Neil Magny
Warlley Alves,Mounir Lazzez,1/20/21,"Abu Dhabi, Abu Dhabi, United Arab Emirates",Red,Welterweight,KO/TKO,None,,Warlley Alves,Mounir Lazzez
Ike Villanueva,Vinicius Moreira,1/20/21,"Abu Dhabi, Abu Dhabi, United Arab Emirates",Red,Light Heavyweight,KO/TKO,None,,Ike Villanueva,Vinicius Moreira
Roxanne Modafferi,Viviane Araujo,1/20/21,"Abu Dhabi, Abu Dhabi, United Arab Emirates",Blue,Women's Flyweight,U-DEC,None,,Viviane Araujo,Roxanne Modafferi
Matt Schnell,Tyson Nam,1/20/21,"Abu Dhabi, Abu Dhabi, United Arab Emirates",Red,Flyweight,S-DEC,None,,Matt Schnell,Tyson Nam
Lerone Murphy,Douglas Silva de Andrade,1/20/21,"Abu Dhabi, Abu Dhabi, United Arab Emirates",Red,Featherweight,U-DEC,None,,Lerone Murphy,Douglas Silva de Andrade
Omari Akhmedov,Tom Breese,1/20/21,"Abu Dhabi, Abu Dhabi, United Arab Emirates",Red,Middleweight,SUB,None,,Omari Akhmedov,Tom Breese
Ricky Simon,Gaetano Pirrello,1/20/21,"Abu Dhabi, Abu Dhabi, United Arab Emirates",Red,Bantamweight,SUB,None,,Ricky Simon,Gaetano Pirrello
Su Mudaerji,Zarrukh Adashev,1/20/21,"Abu Dhabi, Abu Dhabi, United Arab Emirates",Red,Flyweight,U-DEC,None,,Su Mudaerji,Zarrukh Adashev
Dalcha Lungiambula,Markus Perez,1/20/21,"Abu Dhabi, Abu Dhabi, United Arab Emirates",Red,Middleweight,U-DEC,None,,Dalcha Lungiambula,Markus Perez
Francisco Figueiredo,Jerome Rivera,1/20/21,"Abu Dhabi, Abu Dhabi, United Arab Emirates",Red,Flyweight,U-DEC,None,,Francisco Figueiredo,Jerome Rivera
Mike Davis,Mason Jones,1/20/21,"Abu Dhabi, Abu Dhabi, United Arab Emirates",Blue,Lightweight,U-DEC,None,,Mason Jones,Mike Davis
Umar Nurmagomedov,Sergey Morozov,1/20/21,"Abu Dhabi, Abu Dhabi, United Arab Emirates",Red,Bantamweight,SUB,None,,Umar Nurmagomedov,Sergey Morozov
Victoria Leonardo,Manon Fiorot,1/20/21,"Abu Dhabi, Abu Dhabi, United Arab Emirates",Blue,Women's Flyweight,KO/TKO,None,,Manon Fiorot,Victoria Leonardo
Max Holloway,Calvin Kattar,1/16/21,"Abu Dhabi, Abu Dhabi, United Arab Emirates",Red,Featherweight,U-DEC,None,,Max Holloway,Calvin Kattar
Carlos Condit,Matt Brown,1/16/21,"Abu Dhabi, Abu Dhabi, United Arab Emirates",Red,Welterweight,U-DEC,None,,Carlos Condit,Matt Brown
Santiago Ponzinibbio,Li Jingliang,1/16/21,"Abu Dhabi, Abu Dhabi, United Arab Emirates",Blue,Welterweight,KO/TKO,None,,Li Jingliang,Santiago Ponzinibbio
Joaquin Buckley,Alessio Di Chirico,1/16/21,"Abu Dhabi, Abu Dhabi, United Arab Emirates",Blue,Middleweight,KO/TKO,None,,Alessio Di Chirico,Joaquin Buckley
Punahele Soriano,Dusko Todorovic,1/16/21,"Abu Dhabi, Abu Dhabi, United Arab Emirates",Red,Middleweight,KO/TKO,None,,Punahele Soriano,Dusko Todorovic
Wu Yanan,Joselyne Edwards,1/16/21,"Abu Dhabi, Abu Dhabi, United Arab Emirates",Blue,Women's Bantamweight,U-DEC,None,,Joselyne Edwards,Wu Yanan
Carlos Felipe,Justin Tafa,1/16/21,"Abu Dhabi, Abu Dhabi, United Arab Emirates",Red,Heavyweight,S-DEC,None,,Carlos Felipe,Justin Tafa
David Zawada,Ramazan Emeev,1/16/21,"Abu Dhabi, Abu Dhabi, United Arab Emirates",Blue,Welterweight,S-DEC,None,,Ramazan Emeev,David Zawada
Sarah Moras,Vanessa Melo,1/16/21,"Abu Dhabi, Abu Dhabi, United Arab Emirates",Blue,Women's Bantamweight,U-DEC,None,,Vanessa Melo,Sarah Moras
Jacob Kilburn,Austin Lingo,1/16/21,"Abu Dhabi, Abu Dhabi, United Arab Emirates",Blue,Featherweight,U-DEC,None,,Austin Lingo,Jacob Kilburn
Stephen Thompson,Geoff Neal,12/19/20,"Las Vegas, Nevada, USA",Red,Welterweight,U-DEC,None,,Stephen Thompson,Geoff Neal
Jose Aldo,Marlon Vera,12/19/20,"Las Vegas, Nevada, USA",Red,Bantamweight,U-DEC,None,,Jose Aldo,Marlon Vera
Michel Pereira,Khaos Williams,12/19/20,"Las Vegas, Nevada, USA",Red,Welterweight,U-DEC,None,,Michel Pereira,Khaos Williams
Marlon Moraes,Rob Font,12/19/20,"Las Vegas, Nevada, USA",Blue,Bantamweight,KO/TKO,None,,Rob Font,Marlon Moraes
Marcin Tybura,Greg Hardy,12/19/20,"Las Vegas, Nevada, USA",Red,Heavyweight,KO/TKO,None,,Marcin Tybura,Greg Hardy
Anthony Pettis,Alex Morono,12/19/20,"Las Vegas, Nevada, USA",Red,Welterweight,U-DEC,None,,Anthony Pettis,Alex Morono
Sijara Eubanks,Pannie Kianzad,12/19/20,"Las Vegas, Nevada, USA",Blue,Women's Bantamweight,U-DEC,None,,Pannie Kianzad,Sijara Eubanks
Deron Winn,Antonio Arroyo,12/19/20,"Las Vegas, Nevada, USA",Red,Catch Weight,U-DEC,None,,Deron Winn,Antonio Arroyo
Gillian Robertson,Taila Santos,12/19/20,"Las Vegas, Nevada, USA",Blue,Women's Flyweight,U-DEC,None,,Taila Santos,Gillian Robertson
Tafon Nchukwi,Jamie Pickett,12/19/20,"Las Vegas, Nevada, USA",Red,Middleweight,U-DEC,None,,Tafon Nchukwi,Jamie Pickett
Jimmy Flick,Cody Durden,12/19/20,"Las Vegas, Nevada, USA",Red,Flyweight,SUB,None,,Jimmy Flick,Cody Durden
Christos Giagos,Carlton Minus,12/19/20,"Las Vegas, Nevada, USA",Red,Catch Weight,U-DEC,None,,Christos Giagos,Carlton Minus
Tony Ferguson,Charles Oliveira,12/12/20,"Las Vegas, Nevada, USA",Blue,Lightweight,U-DEC,None,,Charles Oliveira,Tony Ferguson
Mackenzie Dern,Virna Jandiroba,12/12/20,"Las Vegas, Nevada, USA",Red,Women's Strawweight,U-DEC,None,,Mackenzie Dern,Virna Jandiroba
Kevin Holland,Jacare Souza,12/12/20,"Las Vegas, Nevada, USA",Red,Middleweight,KO/TKO,None,,Kevin Holland,Jacare Souza
Junior Dos Santos,Ciryl Gane,12/12/20,"Las Vegas, Nevada, USA",Blue,Heavyweight,KO/TKO,None,,Ciryl Gane,Junior Dos Santos
Cub Swanson,Daniel Pineda,12/12/20,"Las Vegas, Nevada, USA",Red,Featherweight,KO/TKO,None,,Cub Swanson,Daniel Pineda
Renato Moicano,Rafael Fiziev,12/12/20,"Las Vegas, Nevada, USA",Blue,Lightweight,KO/TKO,None,,Rafael Fiziev,Renato Moicano
Gavin Tucker,Billy Quarantillo,12/12/20,"Las Vegas, Nevada, USA",Red,Featherweight,U-DEC,None,,Gavin Tucker,Billy Quarantillo
Tecia Torres,Sam Hughes,12/12/20,"Las Vegas, Nevada, USA",Red,Women's Strawweight,KO/TKO,None,,Tecia Torres,Sam Hughes
Chase Hooper,Peter Barrett,12/12/20,"Las Vegas, Nevada, USA",Red,Featherweight,SUB,None,,Chase Hooper,Peter Barrett
Jack Hermansson,Marvin Vettori,12/5/20,"Las Vegas, Nevada, USA",Blue,Middleweight,U-DEC,None,,Marvin Vettori,Jack Hermansson
Ovince Saint Preux,Jamahal Hill,12/5/20,"Las Vegas, Nevada, USA",Blue,Light Heavyweight,KO/TKO,None,,Jamahal Hill,Ovince Saint Preux
Gabriel Benitez,Justin Jaynes,12/5/20,"Las Vegas, Nevada, USA",Red,Lightweight,KO/TKO,None,,Gabriel Benitez,Justin Jaynes
Roman Dolidze,John Allan,12/5/20,"Las Vegas, Nevada, USA",Red,Light Heavyweight,S-DEC,None,,Roman Dolidze,John Allan
Louis Smolka,Jose Quinonez,12/5/20,"Las Vegas, Nevada, USA",Red,Bantamweight,KO/TKO,None,,Louis Smolka,Jose Quinonez
Matt Wiman,Jordan Leavitt,12/5/20,"Las Vegas, Nevada, USA",Blue,Lightweight,KO/TKO,None,,Jordan Leavitt,Matt Wiman
Ilia Topuria,Damon Jackson,12/5/20,"Las Vegas, Nevada, USA",Red,Featherweight,KO/TKO,None,,Ilia Topuria,Damon Jackson
Gian Villante,Jake Collier,12/5/20,"Las Vegas, Nevada, USA",Blue,Heavyweight,U-DEC,None,,Jake Collier,Gian Villante
Anthony Smith,Devin Clark,11/28/20,"Las Vegas, Nevada, USA",Red,Light Heavyweight,SUB,None,,Anthony Smith,Devin Clark
Miguel Baeza,Takashi Sato,11/28/20,"Las Vegas, Nevada, USA",Red,Welterweight,SUB,None,,Miguel Baeza,Takashi Sato
Josh Parisian,Parker Porter,11/28/20,"Las Vegas, Nevada, USA",Blue,Heavyweight,U-DEC,None,,Parker Porter,Josh Parisian
Spike Carlyle,Bill Algeo,11/28/20,"Las Vegas, Nevada, USA",Blue,Featherweight,U-DEC,None,,Bill Algeo,Spike Carlyle
Ashlee Evans-Smith,Norma Dumont,11/28/20,"Las Vegas, Nevada, USA",Blue,Women's Bantamweight,U-DEC,None,,Norma Dumont,Ashlee Evans-Smith
Jonathan Pearce,Kai Kamaka,11/28/20,"Las Vegas, Nevada, USA",Red,Featherweight,KO/TKO,None,,Jonathan Pearce,Kai Kamaka
Martin Day,Anderson Dos Santos,11/28/20,"Las Vegas, Nevada, USA",Blue,Bantamweight,SUB,None,,Anderson Dos Santos,Martin Day
Gina Mazany,Rachael Ostovich,11/28/20,"Las Vegas, Nevada, USA",Red,Women's Flyweight,KO/TKO,None,,Gina Mazany,Rachael Ostovich
Su Mudaerji,Malcolm Gordon,11/28/20,"Las Vegas, Nevada, USA",Red,Flyweight,KO/TKO,None,,Su Mudaerji,Malcolm Gordon
Luke Sanders,Nate Maness,11/28/20,"Las Vegas, Nevada, USA",Blue,Catch Weight,SUB,None,,Nate Maness,Luke Sanders
Deiveson Figueiredo,Alex Perez,11/21/20,"Las Vegas, Nevada, USA",Red,Flyweight,SUB,None,,Deiveson Figueiredo,Alex Perez
Valentina Shevchenko,Jennifer Maia,11/21/20,"Las Vegas, Nevada, USA",Red,Women's Flyweight,U-DEC,None,,Valentina Shevchenko,Jennifer Maia
Mike Perry,Tim Means,11/21/20,"Las Vegas, Nevada, USA",Blue,Welterweight,U-DEC,None,,Tim Means,Mike Perry
Katlyn Chookagian,Cynthia Calvillo,11/21/20,"Las Vegas, Nevada, USA",Red,Women's Flyweight,U-DEC,None,,Katlyn Chookagian,Cynthia Calvillo
Mauricio Rua,Paul Craig,11/21/20,"Las Vegas, Nevada, USA",Blue,Light Heavyweight,KO/TKO,None,,Paul Craig,Mauricio Rua
Brandon Moreno,Brandon Royval,11/21/20,"Las Vegas, Nevada, USA",Red,Flyweight,KO/TKO,None,,Brandon Moreno,Brandon Royval
Joaquin Buckley,Jordan Wright,11/21/20,"Las Vegas, Nevada, USA",Red,Middleweight,KO/TKO,None,,Joaquin Buckley,Jordan Wright
Antonina Shevchenko,Ariane Lipski,11/21/20,"Las Vegas, Nevada, USA",Red,Women's Flyweight,KO/TKO,None,,Antonina Shevchenko,Ariane Lipski
Daniel Rodriguez,Nicolas Dalby,11/21/20,"Las Vegas, Nevada, USA",Blue,Welterweight,U-DEC,None,,Nicolas Dalby,Daniel Rodriguez
Alan Jouban,Jared Gooden,11/21/20,"Las Vegas, Nevada, USA",Red,Welterweight,U-DEC,None,,Alan Jouban,Jared Gooden
Kyle Daukaus,Dustin Stoltzfus,11/21/20,"Las Vegas, Nevada, USA",Red,Middleweight,U-DEC,None,,Kyle Daukaus,Dustin Stoltzfus
Louis Cosce,Sasha Palatnikov,11/21/20,"Las Vegas, Nevada, USA",Blue,Welterweight,KO/TKO,None,,Sasha Palatnikov,Louis Cosce
Paul Felder,Rafael Dos Anjos,11/14/20,"Las Vegas, Nevada, USA",Blue,Lightweight,S-DEC,None,,Rafael Dos Anjos,Paul Felder
Abdul Razak Alhassan,Khaos Williams,11/14/20,"Las Vegas, Nevada, USA",Blue,Welterweight,KO/TKO,None,,Khaos Williams,Abdul Razak Alhassan
Kay Hansen,Cory McKenna,11/14/20,"Las Vegas, Nevada, USA",Blue,Women's Strawweight,U-DEC,None,,Cory McKenna,Kay Hansen
Brendan Allen,Sean Strickland,11/14/20,"Las Vegas, Nevada, USA",Blue,Catch Weight,KO/TKO,None,,Sean Strickland,Brendan Allen
Ashley Yoder,Miranda Granger,11/14/20,"Las Vegas, Nevada, USA",Red,Women's Strawweight,U-DEC,None,,Ashley Yoder,Miranda Granger
Alex Morono,Rhys McKee,11/14/20,"Las Vegas, Nevada, USA",Red,Welterweight,U-DEC,None,,Alex Morono,Rhys McKee
Randa Markos,Kanako Murata,11/14/20,"Las Vegas, Nevada, USA",Blue,Women's Strawweight,U-DEC,None,,Kanako Murata,Randa Markos
Geraldo de Freitas,Tony Gravely,11/14/20,"Las Vegas, Nevada, USA",Blue,Bantamweight,S-DEC,None,,Tony Gravely,Geraldo de Freitas
Don'Tale Mayes,Roque Martinez,11/14/20,"Las Vegas, Nevada, USA",Red,Heavyweight,U-DEC,None,,Don'Tale Mayes,Roque Martinez
Thiago Santos,Glover Teixeira,11/7/20,"Las Vegas, Nevada, USA",Blue,Light Heavyweight,SUB,None,,Glover Teixeira,Thiago Santos
Andrei Arlovski,Tanner Boser,11/7/20,"Las Vegas, Nevada, USA",Red,Heavyweight,U-DEC,None,,Andrei Arlovski,Tanner Boser
Raoni Barcelos,Khalid Taha,11/7/20,"Las Vegas, Nevada, USA",Red,Bantamweight,U-DEC,None,,Raoni Barcelos,Khalid Taha
Claudia Gadelha,Yan Xiaonan,11/7/20,"Las Vegas, Nevada, USA",Blue,Women's Strawweight,U-DEC,None,,Yan Xiaonan,Claudia Gadelha
Trevin Giles,Bevon Lewis,11/7/20,"Las Vegas, Nevada, USA",Red,Middleweight,KO/TKO,None,,Trevin Giles,Bevon Lewis
Giga Chikadze,Jamey Simmons,11/7/20,"Las Vegas, Nevada, USA",Red,Featherweight,KO/TKO,None,,Giga Chikadze,Jamey Simmons
Alexandr Romanov,Marcos Rogerio de Lima,11/7/20,"Las Vegas, Nevada, USA",Red,Heavyweight,SUB,None,,Alexandr Romanov,Marcos Rogerio de Lima
Darren Elkins,Eduardo Garagorri,11/7/20,"Las Vegas, Nevada, USA",Red,Featherweight,SUB,None,,Darren Elkins,Eduardo Garagorri
Max Griffin,Ramiz Brahimaj,11/7/20,"Las Vegas, Nevada, USA",Red,Welterweight,KO/TKO,None,,Max Griffin,Ramiz Brahimaj
Gustavo Lopez,Anthony Birchak,11/7/20,"Las Vegas, Nevada, USA",Red,Bantamweight,SUB,None,,Gustavo Lopez,Anthony Birchak
Uriah Hall,Anderson Silva,10/31/20,"Las Vegas, Nevada, USA",Red,Middleweight,KO/TKO,None,,Uriah Hall,Anderson Silva
Bryce Mitchell,Andre Fili,10/31/20,"Las Vegas, Nevada, USA",Red,Featherweight,U-DEC,None,,Bryce Mitchell,Andre Fili
Maurice Greene,Greg Hardy,10/31/20,"Las Vegas, Nevada, USA",Blue,Heavyweight,KO/TKO,None,,Greg Hardy,Maurice Greene
Kevin Holland,Charlie Ontiveros,10/31/20,"Las Vegas, Nevada, USA",Red,Middleweight,SUB,None,,Kevin Holland,Charlie Ontiveros
Bobby Green,Thiago Moises,10/31/20,"Las Vegas, Nevada, USA",Blue,Lightweight,U-DEC,None,,Thiago Moises,Bobby Green
Chris Gruetzemacher,Alexander Hernandez,10/31/20,"Las Vegas, Nevada, USA",Blue,Lightweight,KO/TKO,None,,Alexander Hernandez,Chris Gruetzemacher
Adrian Yanez,Victor Rodriguez,10/31/20,"Las Vegas, Nevada, USA",Red,Bantamweight,KO/TKO,None,,Adrian Yanez,Victor Rodriguez
Sean Strickland,Jack Marshman,10/31/20,"Las Vegas, Nevada, USA",Red,Middleweight,U-DEC,None,,Sean Strickland,Jack Marshman
Cole Williams,Jason Witt,10/31/20,"Las Vegas, Nevada, USA",Blue,Welterweight,SUB,None,,Jason Witt,Cole Williams
Dustin Jacoby,Justin Ledet,10/31/20,"Las Vegas, Nevada, USA",Red,Light Heavyweight,KO/TKO,None,,Dustin Jacoby,Justin Ledet
Miles Johns,Kevin Natividad,10/31/20,"Las Vegas, Nevada, USA",Red,Bantamweight,KO/TKO,None,,Miles Johns,Kevin Natividad
Khabib Nurmagomedov,Justin Gaethje,10/24/20,"Abu Dhabi, Abu Dhabi, United Arab Emirates",Red,Lightweight,SUB,None,,Khabib Nurmagomedov,Justin Gaethje
Robert Whittaker,Jared Cannonier,10/24/20,"Abu Dhabi, Abu Dhabi, United Arab Emirates",Red,Middleweight,U-DEC,None,,Robert Whittaker,Jared Cannonier
Alexander Volkov,Walt Harris,10/24/20,"Abu Dhabi, Abu Dhabi, United Arab Emirates",Red,Heavyweight,KO/TKO,None,,Alexander Volkov,Walt Harris
Jacob Malkoun,Phillip Hawes,10/24/20,"Abu Dhabi, Abu Dhabi, United Arab Emirates",Blue,Middleweight,KO/TKO,None,,Phillip Hawes,Jacob Malkoun
Lauren Murphy,Liliya Shakirova,10/24/20,"Abu Dhabi, Abu Dhabi, United Arab Emirates",Red,Women's Flyweight,SUB,None,,Lauren Murphy,Liliya Shakirova
Magomed Ankalaev,Ion Cutelaba,10/24/20,"Abu Dhabi, Abu Dhabi, United Arab Emirates",Red,Light Heavyweight,KO/TKO,None,,Magomed Ankalaev,Ion Cutelaba
Stefan Struve,Tai Tuivasa,10/24/20,"Abu Dhabi, Abu Dhabi, United Arab Emirates",Blue,Heavyweight,KO/TKO,None,,Tai Tuivasa,Stefan Struve
Nathaniel Wood,Casey Kenney,10/24/20,"Abu Dhabi, Abu Dhabi, United Arab Emirates",Blue,Catch Weight,U-DEC,None,,Casey Kenney,Nathaniel Wood
Alex Oliveira,Shavkat Rakhmonov,10/24/20,"Abu Dhabi, Abu Dhabi, United Arab Emirates",Blue,Welterweight,SUB,None,,Shavkat Rakhmonov,Alex Oliveira
Liana Jojua,Miranda Maverick,10/24/20,"Abu Dhabi, Abu Dhabi, United Arab Emirates",Blue,Women's Flyweight,KO/TKO,None,,Miranda Maverick,Liana Jojua
Joel Alvarez,Alexander Yakovlev,10/24/20,"Abu Dhabi, Abu Dhabi, United Arab Emirates",Red,Lightweight,SUB,None,,Joel Alvarez,Alexander Yakovlev
Brian Ortega,Chan Sung Jung,10/17/20,"Abu Dhabi, Abu Dhabi, United Arab Emirates",Red,Featherweight,U-DEC,None,,Brian Ortega,Chan Sung Jung
Katlyn Chookagian,Jessica Andrade,10/17/20,"Abu Dhabi, Abu Dhabi, United Arab Emirates",Blue,Women's Flyweight,KO/TKO,None,,Jessica Andrade,Katlyn Chookagian
Jimmy Crute,Modestas Bukauskas,10/17/20,"Abu Dhabi, Abu Dhabi, United Arab Emirates",Red,Light Heavyweight,KO/TKO,None,,Jimmy Crute,Modestas Bukauskas
Claudio Silva,James Krause,10/17/20,"Abu Dhabi, Abu Dhabi, United Arab Emirates",Blue,Welterweight,U-DEC,None,,James Krause,Claudio Silva
Thomas Almeida,Jonathan Martinez,10/17/20,"Abu Dhabi, Abu Dhabi, United Arab Emirates",Blue,Featherweight,U-DEC,None,,Jonathan Martinez,Thomas Almeida
Mateusz Gamrot,Guram Kutateladze,10/17/20,"Abu Dhabi, Abu Dhabi, United Arab Emirates",Blue,Lightweight,S-DEC,None,,Guram Kutateladze,Mateusz Gamrot
Gillian Robertson,Poliana Botelho,10/17/20,"Abu Dhabi, Abu Dhabi, United Arab Emirates",Red,Women's Flyweight,U-DEC,None,,Gillian Robertson,Poliana Botelho
Junyong Park,John Phillips,10/17/20,"Abu Dhabi, Abu Dhabi, United Arab Emirates",Red,Middleweight,U-DEC,None,,Junyong Park,John Phillips
Jamie Mullarkey,Fares Ziam,10/17/20,"Abu Dhabi, Abu Dhabi, United Arab Emirates",Blue,Lightweight,U-DEC,None,,Fares Ziam,Jamie Mullarkey
Gadzhimurad Antigulov,Maxim Grishin,10/17/20,"Abu Dhabi, Abu Dhabi, United Arab Emirates",Blue,Light Heavyweight,KO/TKO,None,,Maxim Grishin,Gadzhimurad Antigulov
Said Nurmagomedov,Mark Striegl,10/17/20,"Abu Dhabi, Abu Dhabi, United Arab Emirates",Red,Bantamweight,KO/TKO,None,,Said Nurmagomedov,Mark Striegl
Marlon Moraes,Cory Sandhagen,10/10/20,"Abu Dhabi, Abu Dhabi, United Arab Emirates",Blue,Bantamweight,KO/TKO,None,,Cory Sandhagen,Marlon Moraes
Edson Barboza,Makwan Amirkhani,10/10/20,"Abu Dhabi, Abu Dhabi, United Arab Emirates",Red,Featherweight,U-DEC,None,,Edson Barboza,Makwan Amirkhani
Ben Rothwell,Marcin Tybura,10/10/20,"Abu Dhabi, Abu Dhabi, United Arab Emirates",Blue,Heavyweight,U-DEC,None,,Marcin Tybura,Ben Rothwell
Markus Perez,Dricus Du Plessis,10/10/20,"Abu Dhabi, Abu Dhabi, United Arab Emirates",Blue,Middleweight,KO/TKO,None,,Dricus Du Plessis,Markus Perez
Tom Aspinall,Alan Baudot,10/10/20,"Abu Dhabi, Abu Dhabi, United Arab Emirates",Red,Heavyweight,KO/TKO,None,,Tom Aspinall,Alan Baudot
Youssef Zalal,Ilia Topuria,10/10/20,"Abu Dhabi, Abu Dhabi, United Arab Emirates",Blue,Featherweight,U-DEC,None,,Ilia Topuria,Youssef Zalal
Tom Breese,KB Bhullar,10/10/20,"Abu Dhabi, Abu Dhabi, United Arab Emirates",Red,Middleweight,KO/TKO,None,,Tom Breese,KB Bhullar
Chris Daukaus,Rodrigo Nascimento,10/10/20,"Abu Dhabi, Abu Dhabi, United Arab Emirates",Red,Heavyweight,KO/TKO,None,,Chris Daukaus,Rodrigo Nascimento
Impa Kasanganay,Joaquin Buckley,10/10/20,"Abu Dhabi, Abu Dhabi, United Arab Emirates",Blue,Middleweight,KO/TKO,None,,Joaquin Buckley,Impa Kasanganay
Ali AlQaisi,Tony Kelley,10/10/20,"Abu Dhabi, Abu Dhabi, United Arab Emirates",Blue,Bantamweight,U-DEC,None,,Tony Kelley,Ali AlQaisi
Giga Chikadze,Omar Morales,10/10/20,"Abu Dhabi, Abu Dhabi, United Arab Emirates",Red,Featherweight,U-DEC,None,,Giga Chikadze,Omar Morales
Tracy Cortez,Stephanie Egger,10/10/20,"Abu Dhabi, Abu Dhabi, United Arab Emirates",Red,Women's Bantamweight,U-DEC,None,,Tracy Cortez,Stephanie Egger
Bruno Silva,Tagir Ulanbekov,10/10/20,"Abu Dhabi, Abu Dhabi, United Arab Emirates",Blue,Flyweight,U-DEC,None,,Tagir Ulanbekov,Bruno Silva
Holly Holm,Irene Aldana,10/3/20,"Abu Dhabi, Abu Dhabi, United Arab Emirates",Red,Women's Bantamweight,U-DEC,None,,Holly Holm,Irene Aldana
Yorgan De Castro,Carlos Felipe,10/3/20,"Abu Dhabi, Abu Dhabi, United Arab Emirates",Blue,Heavyweight,U-DEC,None,,Carlos Felipe,Yorgan De Castro
Germaine de Randamie,Julianna Pena,10/3/20,"Abu Dhabi, Abu Dhabi, United Arab Emirates",Red,Women's Bantamweight,SUB,None,,Germaine de Randamie,Julianna Pena
Kyler Phillips,Cameron Else,10/3/20,"Abu Dhabi, Abu Dhabi, United Arab Emirates",Red,Bantamweight,KO/TKO,None,,Kyler Phillips,Cameron Else
Dequan Townsend,Dusko Todorovic,10/3/20,"Abu Dhabi, Abu Dhabi, United Arab Emirates",Blue,Middleweight,KO/TKO,None,,Dusko Todorovic,Dequan Townsend
Carlos Condit,Court McGee,10/3/20,"Abu Dhabi, Abu Dhabi, United Arab Emirates",Red,Welterweight,U-DEC,None,,Carlos Condit,Court McGee
Jordan Williams,Nassourdine Imavov,10/3/20,"Abu Dhabi, Abu Dhabi, United Arab Emirates",Blue,Middleweight,U-DEC,None,,Nassourdine Imavov,Jordan Williams
Loma Lookboonmee,Jinh Yu Frey,10/3/20,"Abu Dhabi, Abu Dhabi, United Arab Emirates",Red,Women's Strawweight,U-DEC,None,,Loma Lookboonmee,Jinh Yu Frey
Casey Kenney,Heili Alateng,10/3/20,"Abu Dhabi, Abu Dhabi, United Arab Emirates",Red,Bantamweight,U-DEC,None,,Casey Kenney,Heili Alateng
Luigi Vendramini,Jessin Ayari,10/3/20,"Abu Dhabi, Abu Dhabi, United Arab Emirates",Red,Lightweight,KO/TKO,None,,Luigi Vendramini,Jessin Ayari
Israel Adesanya,Paulo Costa,9/26/20,"Abu Dhabi, Abu Dhabi, United Arab Emirates",Red,Middleweight,KO/TKO,None,,Israel Adesanya,Paulo Costa
Dominick Reyes,Jan Blachowicz,9/26/20,"Abu Dhabi, Abu Dhabi, United Arab Emirates",Blue,Light Heavyweight,KO/TKO,None,,Jan Blachowicz,Dominick Reyes
Kai Kara-France,Brandon Royval,9/26/20,"Abu Dhabi, Abu Dhabi, United Arab Emirates",Blue,Flyweight,SUB,None,,Brandon Royval,Kai Kara-France
Ketlen Vieira,Sijara Eubanks,9/26/20,"Abu Dhabi, Abu Dhabi, United Arab Emirates",Red,Women's Bantamweight,U-DEC,None,,Ketlen Vieira,Sijara Eubanks
Hakeem Dawodu,Zubaira Tukhugov,9/26/20,"Abu Dhabi, Abu Dhabi, United Arab Emirates",Red,Featherweight,S-DEC,None,,Hakeem Dawodu,Zubaira Tukhugov
Brad Riddell,Alex Da Silva,9/26/20,"Abu Dhabi, Abu Dhabi, United Arab Emirates",Red,Lightweight,U-DEC,None,,Brad Riddell,Alex Da Silva
Diego Sanchez,Jake Matthews,9/26/20,"Abu Dhabi, Abu Dhabi, United Arab Emirates",Blue,Welterweight,U-DEC,None,,Jake Matthews,Diego Sanchez
Shane Young,Ludovit Klein,9/26/20,"Abu Dhabi, Abu Dhabi, United Arab Emirates",Blue,Featherweight,KO/TKO,None,,Ludovit Klein,Shane Young
William Knight,Aleksa Camur,9/26/20,"Abu Dhabi, Abu Dhabi, United Arab Emirates",Red,Light Heavyweight,U-DEC,None,,William Knight,Aleksa Camur
Juan Espino,Jeff Hughes,9/26/20,"Abu Dhabi, Abu Dhabi, United Arab Emirates",Red,Heavyweight,SUB,None,,Juan Espino,Jeff Hughes
Khadis Ibragimov,Danilo Marques,9/26/20,"Abu Dhabi, Abu Dhabi, United Arab Emirates",Blue,Light Heavyweight,U-DEC,None,,Danilo Marques,Khadis Ibragimov
Colby Covington,Tyron Woodley,9/19/20,"Las Vegas, Nevada, USA",Red,Welterweight,KO/TKO,None,,Colby Covington,Tyron Woodley
Khamzat Chimaev,Gerald Meerschaert,9/19/20,"Las Vegas, Nevada, USA",Red,Middleweight,KO/TKO,None,,Khamzat Chimaev,Gerald Meerschaert
Johnny Walker,Ryan Spann,9/19/20,"Las Vegas, Nevada, USA",Red,Light Heavyweight,KO/TKO,None,,Johnny Walker,Ryan Spann
Mackenzie Dern,Randa Markos,9/19/20,"Las Vegas, Nevada, USA",Red,Women's Strawweight,SUB,None,,Mackenzie Dern,Randa Markos
Kevin Holland,Darren Stewart,9/19/20,"Las Vegas, Nevada, USA",Red,Middleweight,S-DEC,None,,Kevin Holland,Darren Stewart
Jordan Espinosa,David Dvorak,9/19/20,"Las Vegas, Nevada, USA",Blue,Flyweight,U-DEC,None,,David Dvorak,Jordan Espinosa
Mirsad Bektic,Damon Jackson,9/19/20,"Las Vegas, Nevada, USA",Blue,Featherweight,SUB,None,,Damon Jackson,Mirsad Bektic
Mayra Bueno Silva,Mara Romero Borella,9/19/20,"Las Vegas, Nevada, USA",Red,Women's Flyweight,SUB,None,,Mayra Bueno Silva,Mara Romero Borella
Jessica-Rose Clark,Sarah Alpar,9/19/20,"Las Vegas, Nevada, USA",Red,Women's Bantamweight,KO/TKO,None,,Jessica-Rose Clark,Sarah Alpar
Darrick Minner,TJ Laramie,9/19/20,"Las Vegas, Nevada, USA",Red,Featherweight,SUB,None,,Darrick Minner,TJ Laramie
Journey Newson,Randy Costa,9/19/20,"Las Vegas, Nevada, USA",Blue,Bantamweight,KO/TKO,None,,Randy Costa,Journey Newson
Andre Ewell,Irwin Rivera,9/19/20,"Las Vegas, Nevada, USA",Red,Bantamweight,S-DEC,None,,Andre Ewell,Irwin Rivera
Tyson Nam,Jerome Rivera,9/19/20,"Las Vegas, Nevada, USA",Red,Bantamweight,KO/TKO,None,,Tyson Nam,Jerome Rivera
Michelle Waterson,Angela Hill,9/12/20,"Las Vegas, Nevada, USA",Red,Women's Strawweight,S-DEC,None,,Michelle Waterson,Angela Hill
Ottman Azaitar,Khama Worthy,9/12/20,"Las Vegas, Nevada, USA",Red,Lightweight,KO/TKO,None,,Ottman Azaitar,Khama Worthy
Roxanne Modafferi,Andrea Lee,9/12/20,"Las Vegas, Nevada, USA",Red,Women's Flyweight,U-DEC,None,,Roxanne Modafferi,Andrea Lee
Ed Herman,Mike Rodriguez,9/12/20,"Las Vegas, Nevada, USA",Red,Light Heavyweight,SUB,None,,Ed Herman,Mike Rodriguez
Billy Quarantillo,Kyle Nelson,9/12/20,"Las Vegas, Nevada, USA",Red,Featherweight,KO/TKO,None,,Billy Quarantillo,Kyle Nelson
Julia Avila,Sijara Eubanks,9/12/20,"Las Vegas, Nevada, USA",Blue,Women's Bantamweight,U-DEC,None,,Sijara Eubanks,Julia Avila
Roosevelt Roberts,Kevin Croom,9/12/20,"Las Vegas, Nevada, USA",Blue,Lightweight,,None,,Kevin Croom,Roosevelt Roberts
Alexandr Romanov,Roque Martinez,9/12/20,"Las Vegas, Nevada, USA",Red,Heavyweight,SUB,None,,Alexandr Romanov,Roque Martinez
Bobby Green,Alan Patrick,9/12/20,"Las Vegas, Nevada, USA",Red,Lightweight,U-DEC,None,,Bobby Green,Alan Patrick
Brok Weaver,Jalin Turner,9/12/20,"Las Vegas, Nevada, USA",Blue,Catch Weight,SUB,None,,Jalin Turner,Brok Weaver
Bryan Barberena,Anthony Ivy,9/12/20,"Las Vegas, Nevada, USA",Red,Welterweight,U-DEC,None,,Bryan Barberena,Anthony Ivy
Sabina Mazo,Justine Kish,9/12/20,"Las Vegas, Nevada, USA",Red,Women's Flyweight,SUB,None,,Sabina Mazo,Justine Kish
Alistair Overeem,Augusto Sakai,9/5/20,"Las Vegas, Nevada, USA",Red,Heavyweight,KO/TKO,None,,Alistair Overeem,Augusto Sakai
Ovince Saint Preux,Alonzo Menifield,9/5/20,"Las Vegas, Nevada, USA",Red,Light Heavyweight,KO/TKO,None,,Ovince Saint Preux,Alonzo Menifield
Michel Pereira,Zelim Imadaev,9/5/20,"Las Vegas, Nevada, USA",Red,Welterweight,SUB,None,,Michel Pereira,Zelim Imadaev
Brian Kelleher,Ray Rodriguez,9/5/20,"Las Vegas, Nevada, USA",Red,Featherweight,SUB,None,,Brian Kelleher,Ray Rodriguez
Andre Muniz,Bartosz Fabinski,9/5/20,"Las Vegas, Nevada, USA",Red,Middleweight,SUB,None,,Andre Muniz,Bartosz Fabinski
Viviane Araujo,Montana De La Rosa,9/5/20,"Las Vegas, Nevada, USA",Red,Women's Flyweight,U-DEC,None,,Viviane Araujo,Montana De La Rosa
Cole Smith,Hunter Azure,9/5/20,"Las Vegas, Nevada, USA",Blue,Bantamweight,U-DEC,None,,Hunter Azure,Cole Smith
Anthony Smith,Aleksandar Rakic,8/29/20,"Las Vegas, Nevada, USA",Blue,Light Heavyweight,SUB,None,3,Aleksandar Rakic,Anthony Smith
Robbie Lawler,Neil Magny,8/29/20,"Las Vegas, Nevada, USA",Blue,Welterweight,SUB,None,3,Neil Magny,Robbie Lawler
Ji Yeon Kim,Alexa Grasso,8/29/20,"Las Vegas, Nevada, USA",Blue,Women's Flyweight,U-DEC,None,3,Alexa Grasso,Ji Yeon Kim
Ricardo Lamas,Bill Algeo,8/29/20,"Las Vegas, Nevada, USA",Red,Featherweight,U-DEC,None,3,Ricardo Lamas,Bill Algeo
Maki Pitolo,Impa Kasanganay,8/29/20,"Las Vegas, Nevada, USA",Blue,Middleweight,U-DEC,None,3,Impa Kasanganay,Maki Pitolo
Mallory Martin,Hannah Cifers,8/29/20,"Las Vegas, Nevada, USA",Red,Women's Strawweight,SUB,Rear Naked Choke,2,Mallory Martin,Hannah Cifers
Alessio Di Chirico,Zak Cummings,8/29/20,"Las Vegas, Nevada, USA",Blue,Middleweight,U-DEC,None,3,Zak Cummings,Alessio Di Chirico
Alex Caceres,Austin Springer,8/29/20,"Las Vegas, Nevada, USA",Red,Featherweight,SUB,Rear Naked Choke,1,Alex Caceres,Austin Springer
Polyana Viana,Emily Whitmire,8/29/20,"Las Vegas, Nevada, USA",Red,Women's Strawweight,SUB,Armbar,1,Polyana Viana,Emily Whitmire
Sean Brady,Christian Aguilera,8/29/20,"Las Vegas, Nevada, USA",Red,Welterweight,SUB,Guillotine Choke,2,Sean Brady,Christian Aguilera
Pedro Munhoz,Frankie Edgar,8/22/20,"Las Vegas, Nevada, USA",Blue,Bantamweight,S-DEC,None,,Frankie Edgar,Pedro Munhoz
Marcin Prachnio,Mike Rodriguez,8/22/20,"Las Vegas, Nevada, USA",Blue,Light Heavyweight,KO/TKO,Elbow,,Mike Rodriguez,Marcin Prachnio
Mariya Agapova,Shana Dobson,8/22/20,"Las Vegas, Nevada, USA",Blue,Women's Flyweight,KO/TKO,Punches,,Shana Dobson,Mariya Agapova
Daniel Rodriguez,Dwight Grant,8/22/20,"Las Vegas, Nevada, USA",Red,Welterweight,KO/TKO,Punches,,Daniel Rodriguez,Dwight Grant
Amanda Lemos,Mizuki Inoue,8/22/20,"Las Vegas, Nevada, USA",Red,Women's Strawweight,U-DEC,None,,Amanda Lemos,Mizuki Inoue
Austin Hubbard,Joe Solecki,8/22/20,"Las Vegas, Nevada, USA",Blue,Lightweight,SUB,Rear Naked Choke,,Joe Solecki,Austin Hubbard
Ike Villanueva,Jordan Wright,8/22/20,"Las Vegas, Nevada, USA",Blue,Light Heavyweight,KO/TKO,None,,Jordan Wright,Ike Villanueva
Carlton Minus,Matthew Semelsberger,8/22/20,"Las Vegas, Nevada, USA",Blue,Welterweight,U-DEC,None,,Matthew Semelsberger,Carlton Minus
Timur Valiev,Trevin Jones,8/22/20,"Las Vegas, Nevada, USA",Blue,Catch Weight,KO/TKO,Punch,,Trevin Jones,Timur Valiev
Stipe Miocic,Daniel Cormier,8/15/20,"Las Vegas, Nevada, USA",Red,Heavyweight,U-DEC,None,,Stipe Miocic,Daniel Cormier
Sean O'Malley,Marlon Vera,8/15/20,"Las Vegas, Nevada, USA",Blue,Bantamweight,KO/TKO,Elbows,,Marlon Vera,Sean O'Malley
Junior Dos Santos,Jairzinho Rozenstruik,8/15/20,"Las Vegas, Nevada, USA",Blue,Heavyweight,KO/TKO,Punch,,Jairzinho Rozenstruik,Junior Dos Santos
John Dodson,Merab Dvalishvili,8/15/20,"Las Vegas, Nevada, USA",Blue,Bantamweight,U-DEC,None,,Merab Dvalishvili,John Dodson
Jim Miller,Vinc Pichel,8/15/20,"Las Vegas, Nevada, USA",Blue,Lightweight,U-DEC,None,,Vinc Pichel,Jim Miller
Ashley Yoder,Livinha Souza,8/15/20,"Las Vegas, Nevada, USA",Blue,Women's Strawweight,U-DEC,None,,Livinha Souza,Ashley Yoder
Felice Herrig,Virna Jandiroba,8/15/20,"Las Vegas, Nevada, USA",Blue,Women's Strawweight,SUB,Armbar,,Virna Jandiroba,Felice Herrig
Herbert Burns,Daniel Pineda,8/15/20,"Las Vegas, Nevada, USA",Blue,Featherweight,KO/TKO,Elbows,,Daniel Pineda,Herbert Burns
TJ Brown,Danny Chavez,8/15/20,"Las Vegas, Nevada, USA",Blue,Featherweight,U-DEC,None,,Danny Chavez,TJ Brown
Chris Daukaus,Parker Porter,8/15/20,"Las Vegas, Nevada, USA",Red,Heavyweight,KO/TKO,Knee,,Chris Daukaus,Parker Porter
Derrick Lewis,Aleksei Oleinik,8/8/20,"Las Vegas, Nevada, USA",Red,Heavyweight,,None,,Derrick Lewis,Aleksei Oleinik
Omari Akhmedov,Chris Weidman,8/8/20,"Las Vegas, Nevada, USA",Blue,Middleweight,,None,,Chris Weidman,Omari Akhmedov
Maki Pitolo,Darren Stewart,8/8/20,"Las Vegas, Nevada, USA",Blue,Middleweight,,None,,Darren Stewart,Maki Pitolo
Yana Kunitskaya,Julija Stoliarenko,8/8/20,"Las Vegas, Nevada, USA",Red,Women's Bantamweight,,None,,Yana Kunitskaya,Julija Stoliarenko
Beneil Dariush,Scott Holtzman,8/8/20,"Las Vegas, Nevada, USA",Red,Lightweight,,None,,Beneil Dariush,Scott Holtzman
Tim Means,Laureano Staropoli,8/8/20,"Las Vegas, Nevada, USA",Red,Welterweight,,None,,Tim Means,Laureano Staropoli
Kevin Holland,Joaquin Buckley,8/8/20,"Las Vegas, Nevada, USA",Red,Middleweight,,None,,Kevin Holland,Joaquin Buckley
Nasrat Haqparast,Alex Munoz,8/8/20,"Las Vegas, Nevada, USA",Red,Lightweight,,None,,Nasrat Haqparast,Alex Munoz
Andrew Sanchez,Wellington Turman,8/8/20,"Las Vegas, Nevada, USA",Red,Middleweight,,None,,Andrew Sanchez,Wellington Turman
Gavin Tucker,Justin Jaynes,8/8/20,"Las Vegas, Nevada, USA",Red,Featherweight,,None,,Gavin Tucker,Justin Jaynes
Youssef Zalal,Peter Barrett,8/8/20,"Las Vegas, Nevada, USA",Red,Featherweight,,None,,Youssef Zalal,Peter Barrett
Irwin Rivera,Ali Qaisi,8/8/20,"Las Vegas, Nevada, USA",Red,Bantamweight,,None,,Irwin Rivera,Ali Qaisi
Derek Brunson,Edmen Shahbazyan,8/1/20,"Las Vegas, Nevada, USA",Red,Middleweight,KO/TKO,Punches,3,Derek Brunson,Edmen Shahbazyan
Joanne Calderwood,Jennifer Maia,8/1/20,"Las Vegas, Nevada, USA",Blue,Women's Flyweight,SUB,Armbar,1,Jennifer Maia,Joanne Calderwood
Vicente Luque,Randy Brown,8/1/20,"Las Vegas, Nevada, USA",Red,Welterweight,KO/TKO,Knee,2,Vicente Luque,Randy Brown
Lando Vannata,Bobby Green,8/1/20,"Las Vegas, Nevada, USA",Blue,Lightweight,U-DEC,None,3,Bobby Green,Lando Vannata
Frankie Saenz,Jonathan Martinez,8/1/20,"Las Vegas, Nevada, USA",Blue,Bantamweight,KO/TKO,Knee,3,Jonathan Martinez,Frankie Saenz
Johnny Munoz,Nate Maness,8/1/20,"Las Vegas, Nevada, USA",Blue,Featherweight,U-DEC,None,3,Nate Maness,Johnny Munoz
Jamall Emmers,Vince Cachero,8/1/20,"Las Vegas, Nevada, USA",Red,Featherweight,U-DEC,None,3,Jamall Emmers,Vince Cachero
Robert Whittaker,Darren Till,7/25/20,"Abu Dhabi, Abu Dhabi, United Arab Emirates",Red,Middleweight,U-DEC,None,5,Robert Whittaker,Darren Till
Mauricio Rua,Rogerio Nogueira,7/25/20,"Abu Dhabi, Abu Dhabi, United Arab Emirates",Red,Light Heavyweight,S-DEC,None,3,Mauricio Rua,Rogerio Nogueira
Fabricio Werdum,Alexander Gustafsson,7/25/20,"Abu Dhabi, Abu Dhabi, United Arab Emirates",Red,Heavyweight,SUB,Armbar,1,Fabricio Werdum,Alexander Gustafsson
Carla Esparza,Marina Rodriguez,7/25/20,"Abu Dhabi, Abu Dhabi, United Arab Emirates",Red,Women's Strawweight,S-DEC,None,3,Carla Esparza,Marina Rodriguez
Paul Craig,Gadzhimurad Antigulov,7/25/20,"Abu Dhabi, Abu Dhabi, United Arab Emirates",Red,Light Heavyweight,SUB,Triangle Choke,1,Paul Craig,Gadzhimurad Antigulov
Alex Oliveira,Peter Sobotta,7/25/20,"Abu Dhabi, Abu Dhabi, United Arab Emirates",Red,Welterweight,U-DEC,None,3,Alex Oliveira,Peter Sobotta
Khamzat Chimaev,Rhys McKee,7/25/20,"Abu Dhabi, Abu Dhabi, United Arab Emirates",Red,Welterweight,KO/TKO,Punches,1,Khamzat Chimaev,Rhys McKee
Francisco Trinaldo,Jai Herbert,7/25/20,"Abu Dhabi, Abu Dhabi, United Arab Emirates",Red,Lightweight,KO/TKO,Punch,3,Francisco Trinaldo,Jai Herbert
Nicolas Dalby,Jesse Ronson,7/25/20,"Abu Dhabi, Abu Dhabi, United Arab Emirates",Blue,Welterweight,SUB,Rear Naked Choke,1,Jesse Ronson,Nicolas Dalby
Tom Aspinall,Jake Collier,7/25/20,"Abu Dhabi, Abu Dhabi, United Arab Emirates",Red,Heavyweight,KO/TKO,Punches,1,Tom Aspinall,Jake Collier
Movsar Evloev,Mike Grundy,7/25/20,"Abu Dhabi, Abu Dhabi, United Arab Emirates",Red,Featherweight,U-DEC,None,3,Movsar Evloev,Mike Grundy
Tanner Boser,Raphael Pessoa,7/25/20,"Abu Dhabi, Abu Dhabi, United Arab Emirates",Red,Heavyweight,KO/TKO,Punch,2,Tanner Boser,Raphael Pessoa
Bethe Correia,Pannie Kianzad,7/25/20,"Abu Dhabi, Abu Dhabi, United Arab Emirates",Blue,Women's Bantamweight,U-DEC,None,3,Pannie Kianzad,Bethe Correia
Ramazan Emeev,Niklas Stolze,7/25/20,"Abu Dhabi, Abu Dhabi, United Arab Emirates",Red,Welterweight,U-DEC,None,3,Ramazan Emeev,Niklas Stolze
Nathaniel Wood,John Castaneda,7/25/20,"Abu Dhabi, Abu Dhabi, United Arab Emirates",Red,Bantamweight,U-DEC,None,3,Nathaniel Wood,John Castaneda
Deiveson Figueiredo,Joseph Benavidez,7/18/20,"Abu Dhabi, Abu Dhabi, United Arab Emirates",Red,Flyweight,SUB,Rear Naked Choke,1,Deiveson Figueiredo,Joseph Benavidez
Jack Hermansson,Kelvin Gastelum,7/18/20,"Abu Dhabi, Abu Dhabi, United Arab Emirates",Red,Middleweight,SUB,Heel Hook,1,Jack Hermansson,Kelvin Gastelum
Marc Diakiese,Rafael Fiziev,7/18/20,"Abu Dhabi, Abu Dhabi, United Arab Emirates",Blue,Lightweight,U-DEC,None,3,Rafael Fiziev,Marc Diakiese
Ariane Lipski,Luana Carolina,7/18/20,"Abu Dhabi, Abu Dhabi, United Arab Emirates",Red,Women's Flyweight,SUB,Kneebar,1,Ariane Lipski,Luana Carolina
Alexandre Pantoja,Askar Askarov,7/18/20,"Abu Dhabi, Abu Dhabi, United Arab Emirates",Blue,Flyweight,U-DEC,None,3,Askar Askarov,Alexandre Pantoja
Roman Dolidze,Khadis Ibragimov,7/18/20,"Abu Dhabi, Abu Dhabi, United Arab Emirates",Red,Light Heavyweight,KO/TKO,Kick,1,Roman Dolidze,Khadis Ibragimov
Grant Dawson,Nad Narimani,7/18/20,"Abu Dhabi, Abu Dhabi, United Arab Emirates",Red,Catch Weight,U-DEC,None,3,Grant Dawson,Nad Narimani
Joe Duffy,Joel Alvarez,7/18/20,"Abu Dhabi, Abu Dhabi, United Arab Emirates",Blue,Lightweight,SUB,Guillotine Choke,1,Joel Alvarez,Joe Duffy
Brett Johns,Montel Jackson,7/18/20,"Abu Dhabi, Abu Dhabi, United Arab Emirates",Red,Bantamweight,U-DEC,None,3,Brett Johns,Montel Jackson
Malcolm Gordon,Amir Albazi,7/18/20,"Abu Dhabi, Abu Dhabi, United Arab Emirates",Blue,Flyweight,SUB,Triangle Choke,1,Amir Albazi,Malcolm Gordon
Davi Ramos,Arman Tsarukyan,7/18/20,"Abu Dhabi, Abu Dhabi, United Arab Emirates",Blue,Lightweight,U-DEC,None,3,Arman Tsarukyan,Davi Ramos
Carlos Felipe,Serghei Spivac,7/18/20,"Abu Dhabi, Abu Dhabi, United Arab Emirates",Blue,Heavyweight,M-DEC,None,3,Serghei Spivac,Carlos Felipe
Calvin Kattar,Dan Ige,7/15/20,"Abu Dhabi, Abu Dhabi, United Arab Emirates",Red,Featherweight,U-DEC,None,5,Calvin Kattar,Dan Ige
Tim Elliott,Ryan Benoit,7/15/20,"Abu Dhabi, Abu Dhabi, United Arab Emirates",Red,Flyweight,U-DEC,None,3,Tim Elliott,Ryan Benoit
Jimmie Rivera,Cody Stamann,7/15/20,"Abu Dhabi, Abu Dhabi, United Arab Emirates",Red,Featherweight,U-DEC,None,3,Jimmie Rivera,Cody Stamann
Molly McCann,Taila Santos,7/15/20,"Abu Dhabi, Abu Dhabi, United Arab Emirates",Blue,Women's Flyweight,U-DEC,None,3,Taila Santos,Molly McCann
Abdul Razak Alhassan,Mounir Lazzez,7/15/20,"Abu Dhabi, Abu Dhabi, United Arab Emirates",Blue,Welterweight,U-DEC,None,3,Mounir Lazzez,Abdul Razak Alhassan
John Phillips,Khamzat Chimaev,7/15/20,"Abu Dhabi, Abu Dhabi, United Arab Emirates",Blue,Middleweight,SUB,D'Arce Choke,2,Khamzat Chimaev,John Phillips
Ricardo Ramos,Lerone Murphy,7/15/20,"Abu Dhabi, Abu Dhabi, United Arab Emirates",Blue,Featherweight,KO/TKO,Punches,1,Lerone Murphy,Ricardo Ramos
Modestas Bukauskas,Andreas Michailidis,7/15/20,"Abu Dhabi, Abu Dhabi, United Arab Emirates",Red,Light Heavyweight,KO/TKO,None,1,Modestas Bukauskas,Andreas Michailidis
Jared Gordon,Chris Fishgold,7/15/20,"Abu Dhabi, Abu Dhabi, United Arab Emirates",Red,Featherweight,U-DEC,None,3,Jared Gordon,Chris Fishgold
Diana Belbita,Liana Jojua,7/15/20,"Abu Dhabi, Abu Dhabi, United Arab Emirates",Blue,Women's Flyweight,SUB,Armbar,1,Liana Jojua,Diana Belbita
Jack Shore,Aaron Phillips,7/15/20,"Abu Dhabi, Abu Dhabi, United Arab Emirates",Red,Bantamweight,SUB,Rear Naked Choke,2,Jack Shore,Aaron Phillips
Kamaru Usman,Jorge Masvidal,7/11/20,"Abu Dhabi, Abu Dhabi, United Arab Emirates",Red,Welterweight,U-DEC,None,5,Kamaru Usman,Jorge Masvidal
Alexander Volkanovski,Max Holloway,7/11/20,"Abu Dhabi, Abu Dhabi, United Arab Emirates",Red,Featherweight,S-DEC,None,5,Alexander Volkanovski,Max Holloway
Petr Yan,Jose Aldo,7/11/20,"Abu Dhabi, Abu Dhabi, United Arab Emirates",Red,Bantamweight,KO/TKO,Punches,5,Petr Yan,Jose Aldo
Jessica Andrade,Rose Namajunas,7/11/20,"Abu Dhabi, Abu Dhabi, United Arab Emirates",Blue,Women's Strawweight,S-DEC,None,3,Rose Namajunas,Jessica Andrade
Amanda Ribas,Paige VanZant,7/11/20,"Abu Dhabi, Abu Dhabi, United Arab Emirates",Red,Women's Flyweight,SUB,Armbar,1,Amanda Ribas,Paige VanZant
Volkan Oezdemir,Jiri Prochazka,7/11/20,"Abu Dhabi, Abu Dhabi, United Arab Emirates",Blue,Light Heavyweight,KO/TKO,Punch,2,Jiri Prochazka,Volkan Oezdemir
Elizeu Zaleski dos Santos,Muslim Salikhov,7/11/20,"Abu Dhabi, Abu Dhabi, United Arab Emirates",Blue,Welterweight,S-DEC,None,3,Muslim Salikhov,Elizeu Zaleski dos Santos
Makwan Amirkhani,Danny Henry,7/11/20,"Abu Dhabi, Abu Dhabi, United Arab Emirates",Red,Featherweight,SUB,Anaconda Choke,1,Makwan Amirkhani,Danny Henry
Leonardo Santos,Roman Bogatov,7/11/20,"Abu Dhabi, Abu Dhabi, United Arab Emirates",Red,Lightweight,U-DEC,None,3,Leonardo Santos,Roman Bogatov
Marcin Tybura,Maxim Grishin,7/11/20,"Abu Dhabi, Abu Dhabi, United Arab Emirates",Red,Heavyweight,U-DEC,None,3,Marcin Tybura,Maxim Grishin
Raulian Paiva,Zhalgas Zhamagulov,7/11/20,"Abu Dhabi, Abu Dhabi, United Arab Emirates",Red,Flyweight,,None,,Raulian Paiva,Zhalgas Zhamagulov
Karol Rosa,Vanessa Melo,7/11/20,"Abu Dhabi, Abu Dhabi, United Arab Emirates",Red,Women's Bantamweight,U-DEC,None,3,Karol Rosa,Vanessa Melo
Martin Day,Davey Grant,7/11/20,"Abu Dhabi, Abu Dhabi, United Arab Emirates",Blue,Bantamweight,KO/TKO,Punch,3,Davey Grant,Martin Day
Dustin Poirier,Dan Hooker,6/27/20,"Las Vegas, Nevada, USA",Red,Lightweight,U-DEC,None,5,Dustin Poirier,Dan Hooker
Mike Perry,Mickey Gall,6/27/20,"Las Vegas, Nevada, USA",Red,Welterweight,U-DEC,None,3,Mike Perry,Mickey Gall
Brendan Allen,Kyle Daukaus,6/27/20,"Las Vegas, Nevada, USA",Red,Middleweight,U-DEC,None,3,Brendan Allen,Kyle Daukaus
Gian Villante,Maurice Greene,6/27/20,"Las Vegas, Nevada, USA",Blue,Heavyweight,SUB,Arm Triangle,3,Maurice Greene,Gian Villante
Luis Pena,Khama Worthy,6/27/20,"Las Vegas, Nevada, USA",Blue,Lightweight,SUB,Guillotine Choke,3,Khama Worthy,Luis Pena
Mara Romero Borella,Miranda Maverick,6/27/20,"Las Vegas, Nevada, USA",Red,Women's Flyweight,,None,,Mara Romero Borella,Miranda Maverick
Philipe Lins,Tanner Boser,6/27/20,"Las Vegas, Nevada, USA",Blue,Heavyweight,KO/TKO,Punches,1,Tanner Boser,Philipe Lins
Sean Woodson,Julian Erosa,6/27/20,"Las Vegas, Nevada, USA",Blue,Catch Weight,SUB,D'Arce Choke,3,Julian Erosa,Sean Woodson
Takashi Sato,Jason Witt,6/27/20,"Las Vegas, Nevada, USA",Red,Welterweight,KO/TKO,Punches,1,Takashi Sato,Jason Witt
Kay Hansen,Jinh Yu Frey,6/27/20,"Las Vegas, Nevada, USA",Red,Women's Strawweight,SUB,Armbar,3,Kay Hansen,Jinh Yu Frey
Jordan Griffin,Youssef Zalal,6/27/20,"Las Vegas, Nevada, USA",Blue,Featherweight,U-DEC,None,3,Youssef Zalal,Jordan Griffin
Curtis Blaydes,Alexander Volkov,6/20/20,"Las Vegas, Nevada, USA",Red,Heavyweight,U-DEC,None,5,Curtis Blaydes,Alexander Volkov
Josh Emmett,Shane Burgos,6/20/20,"Las Vegas, Nevada, USA",Red,Featherweight,U-DEC,None,3,Josh Emmett,Shane Burgos
Raquel Pennington,Marion Reneau,6/20/20,"Las Vegas, Nevada, USA",Red,Women's Bantamweight,U-DEC,None,3,Raquel Pennington,Marion Reneau
Belal Muhammad,Lyman Good,6/20/20,"Las Vegas, Nevada, USA",Red,Welterweight,U-DEC,None,3,Belal Muhammad,Lyman Good
Jim Miller,Roosevelt Roberts,6/20/20,"Las Vegas, Nevada, USA",Red,Catch Weight,SUB,Armbar,1,Jim Miller,Roosevelt Roberts
Clay Guida,Bobby Green,6/20/20,"Las Vegas, Nevada, USA",Blue,Lightweight,U-DEC,None,3,Bobby Green,Clay Guida
Tecia Torres,Brianna Van Buren,6/20/20,"Las Vegas, Nevada, USA",Red,Women's Strawweight,U-DEC,None,3,Tecia Torres,Brianna Van Buren
Marc-Andre Barriault,Oskar Piechota,6/20/20,"Las Vegas, Nevada, USA",Red,Middleweight,KO/TKO,Punches,2,Marc-Andre Barriault,Oskar Piechota
Cortney Casey,Gillian Robertson,6/20/20,"Las Vegas, Nevada, USA",Blue,Women's Flyweight,SUB,Rear Naked Choke,3,Gillian Robertson,Cortney Casey
Frank Camacho,Justin Jaynes,6/20/20,"Las Vegas, Nevada, USA",Blue,Lightweight,KO/TKO,Punches,1,Justin Jaynes,Frank Camacho
Roxanne Modafferi,Lauren Murphy,6/20/20,"Las Vegas, Nevada, USA",Blue,Women's Flyweight,U-DEC,None,3,Lauren Murphy,Roxanne Modafferi
Austin Hubbard,Max Rohskopf,6/20/20,"Las Vegas, Nevada, USA",Red,Lightweight,KO/TKO,None,2,Austin Hubbard,Max Rohskopf
Jessica Eye,Cynthia Calvillo,6/13/20,"Las Vegas, Nevada, USA",Blue,Women's Flyweight,U-DEC,None,5,Cynthia Calvillo,Jessica Eye
Karl Roberson,Marvin Vettori,6/13/20,"Las Vegas, Nevada, USA",Blue,Middleweight,SUB,Rear Naked Choke,1,Marvin Vettori,Karl Roberson
Charles Rosa,Kevin Aguilar,6/13/20,"Las Vegas, Nevada, USA",Red,Lightweight,S-DEC,None,3,Charles Rosa,Kevin Aguilar
Andre Fili,Charles Jourdain,6/13/20,"Las Vegas, Nevada, USA",Red,Featherweight,S-DEC,None,3,Andre Fili,Charles Jourdain
Jordan Espinosa,Mark De La Rosa,6/13/20,"Las Vegas, Nevada, USA",Red,Bantamweight,U-DEC,None,3,Jordan Espinosa,Mark De La Rosa
Mariya Agapova,Hannah Cifers,6/13/20,"Las Vegas, Nevada, USA",Red,Women's Flyweight,SUB,Rear Naked Choke,1,Mariya Agapova,Hannah Cifers
Merab Dvalishvili,Gustavo Lopez,6/13/20,"Las Vegas, Nevada, USA",Red,Catch Weight,U-DEC,None,3,Merab Dvalishvili,Gustavo Lopez
Julia Avila,Gina Mazany,6/13/20,"Las Vegas, Nevada, USA",Red,Women's Bantamweight,KO/TKO,Punches,1,Julia Avila,Gina Mazany
Tyson Nam,Zarrukh Adashev,6/13/20,"Las Vegas, Nevada, USA",Red,Bantamweight,KO/TKO,Punch,1,Tyson Nam,Zarrukh Adashev
Anthony Ivy,Christian Aguilera,6/13/20,"Las Vegas, Nevada, USA",Blue,Welterweight,KO/TKO,Punches,1,Christian Aguilera,Anthony Ivy
Amanda Nunes,Felicia Spencer,6/6/20,"Las Vegas, Nevada, USA",Red,Women's Featherweight,U-DEC,None,5,Amanda Nunes,Felicia Spencer
Raphael Assuncao,Cody Garbrandt,6/6/20,"Las Vegas, Nevada, USA",Blue,Bantamweight,KO/TKO,Punch,2,Cody Garbrandt,Raphael Assuncao
Aljamain Sterling,Cory Sandhagen,6/6/20,"Las Vegas, Nevada, USA",Red,Bantamweight,SUB,Rear Naked Choke,1,Aljamain Sterling,Cory Sandhagen
Neil Magny,Anthony Rocco Martin,6/6/20,"Las Vegas, Nevada, USA",Red,Welterweight,U-DEC,None,3,Neil Magny,Anthony Rocco Martin
Eddie Wineland,Sean O'Malley,6/6/20,"Las Vegas, Nevada, USA",Blue,Bantamweight,KO/TKO,Punch,1,Sean O'Malley,Eddie Wineland
Alex Caceres,Chase Hooper,6/6/20,"Las Vegas, Nevada, USA",Red,Featherweight,U-DEC,None,3,Alex Caceres,Chase Hooper
Ian Heinisch,Gerald Meerschaert,6/6/20,"Las Vegas, Nevada, USA",Red,Middleweight,KO/TKO,Punch,1,Ian Heinisch,Gerald Meerschaert
Cody Stamann,Brian Kelleher,6/6/20,"Las Vegas, Nevada, USA",Red,Featherweight,U-DEC,None,3,Cody Stamann,Brian Kelleher
Charles Byrd,Maki Pitolo,6/6/20,"Las Vegas, Nevada, USA",Blue,Middleweight,KO/TKO,Punches,2,Maki Pitolo,Charles Byrd
Jussier Formiga,Alex Perez,6/6/20,"Las Vegas, Nevada, USA",Blue,Flyweight,KO/TKO,Kick,1,Alex Perez,Jussier Formiga
Alonzo Menifield,Devin Clark,6/6/20,"Las Vegas, Nevada, USA",Blue,Light Heavyweight,U-DEC,None,3,Devin Clark,Alonzo Menifield
Evan Dunham,Herbert Burns,6/6/20,"Las Vegas, Nevada, USA",Blue,Catch Weight,SUB,Rear Naked Choke,1,Herbert Burns,Evan Dunham
Tyron Woodley,Gilbert Burns,5/30/20,"Las Vegas, Nevada, USA",Blue,Welterweight,U-DEC,None,5,Gilbert Burns,Tyron Woodley
Blagoy Ivanov,Augusto Sakai,5/30/20,"Las Vegas, Nevada, USA",Blue,Heavyweight,S-DEC,None,3,Augusto Sakai,Blagoy Ivanov
Billy Quarantillo,Spike Carlyle,5/30/20,"Las Vegas, Nevada, USA",Red,Catch Weight,U-DEC,None,3,Billy Quarantillo,Spike Carlyle
Roosevelt Roberts,Brok Weaver,5/30/20,"Las Vegas, Nevada, USA",Red,Lightweight,SUB,Rear Naked Choke,2,Roosevelt Roberts,Brok Weaver
Mackenzie Dern,Hannah Cifers,5/30/20,"Las Vegas, Nevada, USA",Red,Women's Strawweight,SUB,Kneebar,1,Mackenzie Dern,Hannah Cifers
Katlyn Chookagian,Antonina Shevchenko,5/30/20,"Las Vegas, Nevada, USA",Red,Women's Flyweight,U-DEC,None,3,Katlyn Chookagian,Antonina Shevchenko
Daniel Rodriguez,Gabe Green,5/30/20,"Las Vegas, Nevada, USA",Red,Welterweight,U-DEC,None,3,Daniel Rodriguez,Gabe Green
Jamahal Hill,Klidson Abreu,5/30/20,"Las Vegas, Nevada, USA",Red,Light Heavyweight,KO/TKO,Knee,1,Jamahal Hill,Klidson Abreu
Tim Elliott,Brandon Royval,5/30/20,"Las Vegas, Nevada, USA",Blue,Flyweight,SUB,Arm Triangle,2,Brandon Royval,Tim Elliott
Louis Smolka,Casey Kenney,5/30/20,"Las Vegas, Nevada, USA",Blue,Bantamweight,SUB,Guillotine Choke,1,Casey Kenney,Louis Smolka
Chris Gutierrez,Vince Morales,5/30/20,"Las Vegas, Nevada, USA",Red,Featherweight,KO/TKO,Kick,2,Chris Gutierrez,Vince Morales
Alistair Overeem,Walt Harris,5/16/20,"Jacksonville, Florida, USA",Red,Heavyweight,KO/TKO,Punches,2,Alistair Overeem,Walt Harris
Claudia Gadelha,Angela Hill,5/16/20,"Jacksonville, Florida, USA",Red,Women's Strawweight,S-DEC,None,3,Claudia Gadelha,Angela Hill
Dan Ige,Edson Barboza,5/16/20,"Jacksonville, Florida, USA",Red,Featherweight,S-DEC,None,3,Dan Ige,Edson Barboza
Krzysztof Jotko,Eryk Anders,5/16/20,"Jacksonville, Florida, USA",Red,Middleweight,U-DEC,None,3,Krzysztof Jotko,Eryk Anders
Song Yadong,Marlon Vera,5/16/20,"Jacksonville, Florida, USA",Red,Featherweight,U-DEC,None,3,Song Yadong,Marlon Vera
Miguel Baeza,Matt Brown,5/16/20,"Jacksonville, Florida, USA",Red,Welterweight,KO/TKO,Punch,2,Miguel Baeza,Matt Brown
Kevin Holland,Anthony Hernandez,5/16/20,"Jacksonville, Florida, USA",Red,Middleweight,KO/TKO,Knees,1,Kevin Holland,Anthony Hernandez
Giga Chikadze,Irwin Rivera,5/16/20,"Jacksonville, Florida, USA",Red,Featherweight,U-DEC,None,3,Giga Chikadze,Irwin Rivera
Nate Landwehr,Darren Elkins,5/16/20,"Jacksonville, Florida, USA",Red,Featherweight,U-DEC,None,3,Nate Landwehr,Darren Elkins
Cortney Casey,Mara Romero Borella,5/16/20,"Jacksonville, Florida, USA",Red,Women's Flyweight,SUB,Armbar,1,Cortney Casey,Mara Romero Borella
Rodrigo Nascimento,Don'Tale Mayes,5/16/20,"Jacksonville, Florida, USA",Red,Heavyweight,SUB,Rear Naked Choke,2,Rodrigo Nascimento,Don'Tale Mayes
Anthony Smith,Glover Teixeira,5/13/20,"Jacksonville, Florida, USA",Blue,Light Heavyweight,KO/TKO,Punches,5,Glover Teixeira,Anthony Smith
Ben Rothwell,Ovince Saint Preux,5/13/20,"Jacksonville, Florida, USA",Red,Heavyweight,S-DEC,None,3,Ben Rothwell,Ovince Saint Preux
Alexander Hernandez,Drew Dober,5/13/20,"Jacksonville, Florida, USA",Blue,Lightweight,KO/TKO,Punches,2,Drew Dober,Alexander Hernandez
Ricky Simon,Ray Borg,5/13/20,"Jacksonville, Florida, USA",Red,Bantamweight,S-DEC,None,3,Ricky Simon,Ray Borg
Andrei Arlovski,Philipe Lins,5/13/20,"Jacksonville, Florida, USA",Red,Heavyweight,U-DEC,None,3,Andrei Arlovski,Philipe Lins
Michael Johnson,Thiago Moises,5/13/20,"Jacksonville, Florida, USA",Blue,Lightweight,SUB,Ankle Lock,2,Thiago Moises,Michael Johnson
Sijara Eubanks,Sarah Moras,5/13/20,"Jacksonville, Florida, USA",Red,Women's Bantamweight,U-DEC,None,3,Sijara Eubanks,Sarah Moras
Gabriel Benitez,Omar Morales,5/13/20,"Jacksonville, Florida, USA",Blue,Lightweight,U-DEC,None,3,Omar Morales,Gabriel Benitez
Hunter Azure,Brian Kelleher,5/13/20,"Jacksonville, Florida, USA",Blue,Featherweight,KO/TKO,Punch,2,Brian Kelleher,Hunter Azure
Chase Sherman,Ike Villanueva,5/13/20,"Jacksonville, Florida, USA",Red,Heavyweight,KO/TKO,Elbow,2,Chase Sherman,Ike Villanueva
Vicente Luque,Niko Price,5/9/20,"Jacksonville, Florida, USA",Red,Welterweight,KO/TKO,Punches,3,Vicente Luque,Niko Price
Bryce Mitchell,Charles Rosa,5/9/20,"Jacksonville, Florida, USA",Red,Featherweight,U-DEC,None,3,Bryce Mitchell,Charles Rosa
Ryan Spann,Sam Alvey,5/9/20,"Jacksonville, Florida, USA",Red,Light Heavyweight,S-DEC,None,3,Ryan Spann,Sam Alvey
Anthony Pettis,Donald Cerrone,5/9/20,"Jacksonville, Florida, USA",Red,Welterweight,U-DEC,None,3,Anthony Pettis,Donald Cerrone
Aleksei Oleinik,Fabricio Werdum,5/9/20,"Jacksonville, Florida, USA",Red,Heavyweight,S-DEC,None,3,Aleksei Oleinik,Fabricio Werdum
Carla Esparza,Michelle Waterson,5/9/20,"Jacksonville, Florida, USA",Red,Women's Strawweight,S-DEC,None,3,Carla Esparza,Michelle Waterson
Uriah Hall,Jacare Souza,5/9/20,"Jacksonville, Florida, USA",Red,Middleweight,,None,,Uriah Hall,Jacare Souza
Tony Ferguson,Justin Gaethje,5/9/20,"Jacksonville, Florida, USA",Blue,Lightweight,KO/TKO,Punch,5,Justin Gaethje,Tony Ferguson
Henry Cejudo,Dominick Cruz,5/9/20,"Jacksonville, Florida, USA",Red,Bantamweight,KO/TKO,Knee,2,Henry Cejudo,Dominick Cruz
Francis Ngannou,Jairzinho Rozenstruik,5/9/20,"Jacksonville, Florida, USA",Red,Heavyweight,KO/TKO,Punch,1,Francis Ngannou,Jairzinho Rozenstruik
Jeremy Stephens,Calvin Kattar,5/9/20,"Jacksonville, Florida, USA",Blue,Featherweight,KO/TKO,Elbow,2,Calvin Kattar,Jeremy Stephens
Greg Hardy,Yorgan De Castro,5/9/20,"Jacksonville, Florida, USA",Red,Heavyweight,U-DEC,None,3,Greg Hardy,Yorgan De Castro
Kevin Lee,Charles Oliveira,3/14/20,"Brasilia, Distrito Federal, Brazil",Blue,Lightweight,SUB,Guillotine Choke,3,Charles Oliveira,Kevin Lee
Demian Maia,Gilbert Burns,3/14/20,"Brasilia, Distrito Federal, Brazil",Blue,Welterweight,KO/TKO,Punch,1,Gilbert Burns,Demian Maia
Renato Moicano,Damir Hadzovic,3/14/20,"Brasilia, Distrito Federal, Brazil",Red,Lightweight,SUB,Rear Naked Choke,1,Renato Moicano,Damir Hadzovic
Johnny Walker,Nikita Krylov,3/14/20,"Brasilia, Distrito Federal, Brazil",Blue,Light Heavyweight,U-DEC,None,3,Nikita Krylov,Johnny Walker
Francisco Trinaldo,John Makdessi,3/14/20,"Brasilia, Distrito Federal, Brazil",Red,Lightweight,U-DEC,None,3,Francisco Trinaldo,John Makdessi
Jussier Formiga,Brandon Moreno,3/14/20,"Brasilia, Distrito Federal, Brazil",Blue,Flyweight,U-DEC,None,3,Brandon Moreno,Jussier Formiga
Amanda Ribas,Randa Markos,3/14/20,"Brasilia, Distrito Federal, Brazil",Red,Women's Strawweight,U-DEC,None,3,Amanda Ribas,Randa Markos
Elizeu Dos Santos,Aleksei Kunchenko,3/14/20,"Brasilia, Distrito Federal, Brazil",Red,Welterweight,,None,,Elizeu Dos Santos,Aleksei Kunchenko
Mayra Bueno Silva,Maryna Moroz,3/14/20,"Brasilia, Distrito Federal, Brazil",Blue,Women's Flyweight,U-DEC,None,3,Maryna Moroz,Mayra Bueno Silva
Bruno Silva,David Dvorak,3/14/20,"Brasilia, Distrito Federal, Brazil",Blue,Flyweight,U-DEC,None,3,David Dvorak,Bruno Silva
Veronica Macedo,Bea Malecki,3/14/20,"Brasilia, Distrito Federal, Brazil",Blue,Women's Bantamweight,U-DEC,None,3,Bea Malecki,Veronica Macedo
Israel Adesanya,Yoel Romero,3/7/20,"Las Vegas, Nevada, USA",Red,Middleweight,U-DEC,None,5,Israel Adesanya,Yoel Romero
Weili Zhang,Joanna Jedrzejczyk,3/7/20,"Las Vegas, Nevada, USA",Red,Women's Strawweight,S-DEC,None,5,Weili Zhang,Joanna Jedrzejczyk
Beneil Dariush,Drakkar Klose,3/7/20,"Las Vegas, Nevada, USA",Red,Lightweight,KO/TKO,Punch,2,Beneil Dariush,Drakkar Klose
Neil Magny,Li Jingliang,3/7/20,"Las Vegas, Nevada, USA",Red,Welterweight,,None,,Neil Magny,Li Jingliang
Alex Oliveira,Max Griffin,3/7/20,"Las Vegas, Nevada, USA",Red,Welterweight,S-DEC,None,3,Alex Oliveira,Max Griffin
Sean O'Malley,Jose Quinonez,3/7/20,"Las Vegas, Nevada, USA",Red,Bantamweight,KO/TKO,Punches,1,Sean O'Malley,Jose Quinonez
Mark Madsen,Austin Hubbard,3/7/20,"Las Vegas, Nevada, USA",Red,Lightweight,U-DEC,None,3,Mark Madsen,Austin Hubbard
Rodolfo Vieira,Saparbeg Safarov,3/7/20,"Las Vegas, Nevada, USA",Red,Middleweight,SUB,Arm Triangle,1,Rodolfo Vieira,Saparbeg Safarov
Gerald Meerschaert,Deron Winn,3/7/20,"Las Vegas, Nevada, USA",Red,Middleweight,SUB,Rear Naked Choke,3,Gerald Meerschaert,Deron Winn
Jamall Emmers,Giga Chikadze,3/7/20,"Las Vegas, Nevada, USA",Blue,Featherweight,S-DEC,None,3,Giga Chikadze,Jamall Emmers
Danaa Batgerel,Guido Cannetti,3/7/20,"Las Vegas, Nevada, USA",Red,Bantamweight,KO/TKO,Punch,1,Danaa Batgerel,Guido Cannetti
Joseph Benavidez,Deiveson Figueiredo,2/29/20,"Norfolk, Virginia, USA",Blue,Flyweight,KO/TKO,Punch,2,Deiveson Figueiredo,Joseph Benavidez
Felicia Spencer,Zarah Fairn,2/29/20,"Norfolk, Virginia, USA",Red,Women's Featherweight,KO/TKO,Punches,1,Felicia Spencer,Zarah Fairn
Ion Cutelaba,Magomed Ankalaev,2/29/20,"Norfolk, Virginia, USA",Blue,Light Heavyweight,KO/TKO,Punches,1,Magomed Ankalaev,Ion Cutelaba
Megan Anderson,Norma Dumont,2/29/20,"Norfolk, Virginia, USA",Red,Women's Featherweight,KO/TKO,Punch,1,Megan Anderson,Norma Dumont
Grant Dawson,Darrick Minner,2/29/20,"Norfolk, Virginia, USA",Red,Featherweight,SUB,Rear Naked Choke,2,Grant Dawson,Darrick Minner
Gabriel Silva,Kyler Phillips,2/29/20,"Norfolk, Virginia, USA",Blue,Bantamweight,U-DEC,None,3,Kyler Phillips,Gabriel Silva
Brendan Allen,Tom Breese,2/29/20,"Norfolk, Virginia, USA",Red,Middleweight,KO/TKO,Punches,1,Brendan Allen,Tom Breese
Luis Pena,Steve Garcia,2/29/20,"Norfolk, Virginia, USA",Red,Lightweight,U-DEC,None,3,Luis Pena,Steve Garcia
Marcin Tybura,Serghei Spivac,2/29/20,"Norfolk, Virginia, USA",Red,Heavyweight,U-DEC,None,3,Marcin Tybura,Serghei Spivac
Jordan Griffin,TJ Brown,2/29/20,"Norfolk, Virginia, USA",Red,Featherweight,SUB,Guillotine Choke,2,Jordan Griffin,TJ Brown
Aalon Cruz,Spike Carlyle,2/29/20,"Norfolk, Virginia, USA",Blue,Featherweight,KO/TKO,Punches,1,Spike Carlyle,Aalon Cruz
Sean Brady,Ismail Naurdiev,2/29/20,"Norfolk, Virginia, USA",Red,Welterweight,U-DEC,None,3,Sean Brady,Ismail Naurdiev
Paul Felder,Dan Hooker,2/22/20,"Auckland, New Zealand",Blue,Lightweight,S-DEC,None,5,Dan Hooker,Paul Felder
Jim Crute,Michal Oleksiejczuk,2/22/20,"Auckland, New Zealand",Red,Light Heavyweight,,None,,Jim Crute,Michal Oleksiejczuk
Karolina Kowalkiewicz,Yan Xiaonan,2/22/20,"Auckland, New Zealand",Blue,Women's Strawweight,,None,,Yan Xiaonan,Karolina Kowalkiewicz
Ben Sosoli,Marcos Rogerio De Lima,2/22/20,"Auckland, New Zealand",Blue,Heavyweight,,None,,Marcos Rogerio De Lima,Ben Sosoli
Brad Riddell,Magomed Mustafaev,2/22/20,"Auckland, New Zealand",Red,Lightweight,S-DEC,None,3,Brad Riddell,Magomed Mustafaev
Kevin Aguilar,Zubaira Tukhugov,2/22/20,"Auckland, New Zealand",Blue,Featherweight,KO/TKO,Punches,1,Zubaira Tukhugov,Kevin Aguilar
Jalin Turner,Joshua Culibao,2/22/20,"Auckland, New Zealand",Red,Lightweight,,None,,Jalin Turner,Joshua Culibao
Jake Matthews,Emil Meek,2/22/20,"Auckland, New Zealand",Red,Welterweight,U-DEC,None,3,Jake Matthews,Emil Meek
Callan Potter,Song Kenan,2/22/20,"Auckland, New Zealand",Blue,Welterweight,,None,,Song Kenan,Callan Potter
Kai Kara France,Tyson Nam,2/22/20,"Auckland, New Zealand",Red,Flyweight,,None,,Kai Kara France,Tyson Nam
Loma Lookboonmee,Angela Hill,2/22/20,"Auckland, New Zealand",Blue,Women's Strawweight,U-DEC,None,3,Angela Hill,Loma Lookboonmee
Priscila Cachoeira,Shana Dobson,2/22/20,"Auckland, New Zealand",Red,Women's Flyweight,KO/TKO,Punch,1,Priscila Cachoeira,Shana Dobson
Corey Anderson,Jan Blachowicz,2/15/20,"Rio Rancho, New Mexico, USA",Blue,Light Heavyweight,KO/TKO,Punch,1,Jan Blachowicz,Corey Anderson
Diego Sanchez,Michel Pereira,2/15/20,"Rio Rancho, New Mexico, USA",Red,Welterweight,DQ,None,3,Diego Sanchez,Michel Pereira
Montana De La Rosa,Mara Romero Borella,2/15/20,"Rio Rancho, New Mexico, USA",Red,Women's Flyweight,U-DEC,None,3,Montana De La Rosa,Mara Romero Borella
Brok Weaver,Kazula Vargas,2/15/20,"Rio Rancho, New Mexico, USA",Red,Lightweight,DQ,None,1,Brok Weaver,Kazula Vargas
Rogerio Bontorin,Ray Borg,2/15/20,"Rio Rancho, New Mexico, USA",Blue,Flyweight,U-DEC,None,3,Ray Borg,Rogerio Bontorin
Lando Vannata,Yancy Medeiros,2/15/20,"Rio Rancho, New Mexico, USA",Red,Lightweight,U-DEC,None,3,Lando Vannata,Yancy Medeiros
Tim Means,Daniel Rodriguez,2/15/20,"Rio Rancho, New Mexico, USA",Blue,Welterweight,SUB,Guillotine Choke,2,Daniel Rodriguez,Tim Means
John Dodson,Nathaniel Wood,2/15/20,"Rio Rancho, New Mexico, USA",Red,Bantamweight,KO/TKO,Punch,3,John Dodson,Nathaniel Wood
Jim Miller,Scott Holtzman,2/15/20,"Rio Rancho, New Mexico, USA",Blue,Lightweight,U-DEC,None,3,Scott Holtzman,Jim Miller
Devin Clark,Dequan Townsend,2/15/20,"Rio Rancho, New Mexico, USA",Red,Light Heavyweight,U-DEC,None,3,Devin Clark,Dequan Townsend
Casey Kenney,Merab Dvalishvili,2/15/20,"Rio Rancho, New Mexico, USA",Blue,Bantamweight,U-DEC,None,3,Merab Dvalishvili,Casey Kenney
Macy Chiasson,Shanna Young,2/15/20,"Rio Rancho, New Mexico, USA",Red,Women's Bantamweight,U-DEC,None,3,Macy Chiasson,Shanna Young
Mark De La Rosa,Raulian Paiva,2/15/20,"Rio Rancho, New Mexico, USA",Blue,Flyweight,KO/TKO,Punch,2,Raulian Paiva,Mark De La Rosa
Jon Jones,Dominick Reyes,2/8/20,"Houston, Texas, USA",Red,Light Heavyweight,U-DEC,None,5,Jon Jones,Dominick Reyes
Valentina Shevchenko,Katlyn Chookagian,2/8/20,"Houston, Texas, USA",Red,Women's Flyweight,KO/TKO,Punches,3,Valentina Shevchenko,Katlyn Chookagian
Juan Adams,Justin Tafa,2/8/20,"Houston, Texas, USA",Blue,Heavyweight,KO/TKO,Punch,1,Justin Tafa,Juan Adams
Mirsad Bektic,Dan Ige,2/8/20,"Houston, Texas, USA",Blue,Featherweight,S-DEC,None,3,Dan Ige,Mirsad Bektic
Derrick Lewis,Ilir Latifi,2/8/20,"Houston, Texas, USA",Red,Heavyweight,U-DEC,None,3,Derrick Lewis,Ilir Latifi
Trevin Giles,James Krause,2/8/20,"Houston, Texas, USA",Red,Middleweight,S-DEC,None,3,Trevin Giles,James Krause
Alex Morono,Kalinn Williams,2/8/20,"Houston, Texas, USA",Blue,Welterweight,,None,,Kalinn Williams,Alex Morono
Lauren Murphy,Andrea Lee,2/8/20,"Houston, Texas, USA",Red,Women's Flyweight,S-DEC,None,3,Lauren Murphy,Andrea Lee
Miles Johns,Mario Bautista,2/8/20,"Houston, Texas, USA",Blue,Bantamweight,KO/TKO,Flying Knee,2,Mario Bautista,Miles Johns
Domingo Pilarte,Journey Newson,2/8/20,"Houston, Texas, USA",Blue,Bantamweight,Overturned,Punch,1,Journey Newson,Domingo Pilarte
Andre Ewell,Jonathan Martinez,2/8/20,"Houston, Texas, USA",Red,Bantamweight,S-DEC,None,3,Andre Ewell,Jonathan Martinez
Austin Lingo,Youssef Zalel,2/8/20,"Houston, Texas, USA",Blue,Featherweight,,None,,Youssef Zalel,Austin Lingo
Curtis Blaydes,Junior Dos Santos,1/25/20,"Raleigh, North Carolina, USA",Red,Heavyweight,KO/TKO,Punches,2,Curtis Blaydes,Junior Dos Santos
Rafael Dos Anjos,Michael Chiesa,1/25/20,"Raleigh, North Carolina, USA",Blue,Welterweight,U-DEC,None,3,Michael Chiesa,Rafael Dos Anjos
Jordan Espinosa,Alex Perez,1/25/20,"Raleigh, North Carolina, USA",Blue,Flyweight,SUB,Arm Triangle,1,Alex Perez,Jordan Espinosa
Hannah Cifers,Angela Hill,1/25/20,"Raleigh, North Carolina, USA",Blue,Women's Strawweight,KO/TKO,Elbows,2,Angela Hill,Hannah Cifers
Jamahal Hill,Darko Stosic,1/25/20,"Raleigh, North Carolina, USA",Red,Light Heavyweight,U-DEC,None,3,Jamahal Hill,Darko Stosic
Bevon Lewis,Dequan Townsend,1/25/20,"Raleigh, North Carolina, USA",Red,Middleweight,U-DEC,None,3,Bevon Lewis,Dequan Townsend
Arnold Allen,Nik Lentz,1/25/20,"Raleigh, North Carolina, USA",Red,Featherweight,U-DEC,None,3,Arnold Allen,Nik Lentz
Justine Kish,Luci Pudilova,1/25/20,"Raleigh, North Carolina, USA",Red,Women's Flyweight,,None,,Justine Kish,Luci Pudilova
Montel Jackson,Felipe Colares,1/25/20,"Raleigh, North Carolina, USA",Red,Bantamweight,U-DEC,None,3,Montel Jackson,Felipe Colares
Sara McMann,Lina Lansberg,1/25/20,"Raleigh, North Carolina, USA",Red,Women's Bantamweight,U-DEC,None,3,Sara McMann,Lina Lansberg
Brett Johns,Tony Gravely,1/25/20,"Raleigh, North Carolina, USA",Red,Bantamweight,SUB,Rear Naked Choke,3,Brett Johns,Tony Gravely
Herbert Burns,Nate Landwehr,1/25/20,"Raleigh, North Carolina, USA",Red,Featherweight,KO/TKO,Knee,1,Herbert Burns,Nate Landwehr
Conor McGregor,Donald Cerrone,1/18/20,"Las Vegas, Nevada, USA",Red,Welterweight,KO/TKO,Punches,1,Conor McGregor,Donald Cerrone
Holly Holm,Raquel Pennington,1/18/20,"Las Vegas, Nevada, USA",Red,Women's Bantamweight,U-DEC,None,3,Holly Holm,Raquel Pennington
Aleksei Oleinik,Maurice Greene,1/18/20,"Las Vegas, Nevada, USA",Red,Heavyweight,SUB,Armbar,2,Aleksei Oleinik,Maurice Greene
Anthony Pettis,Diego Ferreira,1/18/20,"Las Vegas, Nevada, USA",Blue,Lightweight,SUB,Rear Naked Choke,2,Diego Ferreira,Anthony Pettis
Roxanne Modafferi,Maycee Barber,1/18/20,"Las Vegas, Nevada, USA",Red,Women's Flyweight,U-DEC,None,3,Roxanne Modafferi,Maycee Barber
Andre Fili,Sodiq Yusuff,1/18/20,"Las Vegas, Nevada, USA",Blue,Featherweight,U-DEC,None,3,Sodiq Yusuff,Andre Fili
Drew Dober,Nasrat Haqparast,1/18/20,"Las Vegas, Nevada, USA",Red,Lightweight,KO/TKO,Punch,1,Drew Dober,Nasrat Haqparast
Aleksa Camur,Justin Ledet,1/18/20,"Las Vegas, Nevada, USA",Red,Light Heavyweight,U-DEC,None,3,Aleksa Camur,Justin Ledet
Tim Elliott,Askar Askarov,1/18/20,"Las Vegas, Nevada, USA",Blue,Flyweight,U-DEC,None,3,Askar Askarov,Tim Elliott
Brian Kelleher,Ode Obsourne,1/18/20,"Las Vegas, Nevada, USA",Red,Bantamweight,,None,,Brian Kelleher,Ode Obsourne
Sabina Mazo,JJ Aldrich,1/18/20,"Las Vegas, Nevada, USA",Red,Women's Flyweight,S-DEC,None,3,Sabina Mazo,JJ Aldrich
Frankie Edgar,Chan Sung Jung,12/21/19,"Busan, South Korea",Blue,Featherweight,KO/TKO,Punches,1,Chan Sung Jung,Frankie Edgar
Volkan Oezdemir,Aleksandar Rakic,12/21/19,"Busan, South Korea",Red,Light Heavyweight,S-DEC,None,3,Volkan Oezdemir,Aleksandar Rakic
Dooho Choi,Charles Jourdain,12/21/19,"Busan, South Korea",Blue,Featherweight,KO/TKO,Punches,2,Charles Jourdain,Dooho Choi
Da Un Jung,Mike Rodriguez,12/21/19,"Busan, South Korea",Red,Light Heavyweight,,None,,Da Un Jung,Mike Rodriguez
 Jun Yong Park,Marc-Andre Barriault,12/21/19,"Busan, South Korea",Red,Middleweight,,None,, Jun Yong Park,Marc-Andre Barriault
Kyung Ho Kang,Liu Pingyuan,12/21/19,"Busan, South Korea",Red,Bantamweight,S-DEC,None,3,Kyung Ho Kang,Liu Pingyuan
Ciryl Gane,Tanner Boser,12/21/19,"Busan, South Korea",Red,Heavyweight,U-DEC,None,3,Ciryl Gane,Tanner Boser
Seungwoo Choi,Suman Mokhtarian,12/21/19,"Busan, South Korea",Red,Featherweight,,None,,Seungwoo Choi,Suman Mokhtarian
Dong Hyun Ma,Omar Antonio Morales Ferrer,12/21/19,"Busan, South Korea",Blue,Lightweight,,None,,Omar Antonio Morales Ferrer,Dong Hyun Ma
Alexandre Pantoja,Matt Schnell,12/21/19,"Busan, South Korea",Red,Flyweight,KO/TKO,Punch,1,Alexandre Pantoja,Matt Schnell
Raoni Barcelos,Said Nurmagomedov,12/21/19,"Busan, South Korea",Red,Bantamweight,U-DEC,None,3,Raoni Barcelos,Said Nurmagomedov
Miranda Granger,Amanda Lemos,12/21/19,"Busan, South Korea",Blue,Women's Strawweight,SUB,Rear Naked Choke,1,Amanda Lemos,Miranda Granger
Heili Alateng,Ryan Benoit,12/21/19,"Busan, South Korea",Red,Bantamweight,S-DEC,None,3,Heili Alateng,Ryan Benoit
Kamaru Usman,Colby Covington,12/14/19,"Las Vegas, Nevada, USA",Red,Welterweight,KO/TKO,Punch,5,Kamaru Usman,Colby Covington
Max Holloway,Alexander Volkanovski,12/14/19,"Las Vegas, Nevada, USA",Blue,Featherweight,U-DEC,None,5,Alexander Volkanovski,Max Holloway
Amanda Nunes,Germaine de Randamie,12/14/19,"Las Vegas, Nevada, USA",Red,Women's Bantamweight,U-DEC,None,5,Amanda Nunes,Germaine de Randamie
Marlon Moraes,Jose Aldo,12/14/19,"Las Vegas, Nevada, USA",Red,Bantamweight,S-DEC,None,3,Marlon Moraes,Jose Aldo
Peter Yan,Urijah Faber,12/14/19,"Las Vegas, Nevada, USA",Red,Bantamweight,,None,,Peter Yan,Urijah Faber
Geoff Neal,Mike Perry,12/14/19,"Las Vegas, Nevada, USA",Red,Welterweight,KO/TKO,Punches,1,Geoff Neal,Mike Perry
Ketlen Vieira,Irene Aldana,12/14/19,"Las Vegas, Nevada, USA",Blue,Women's Bantamweight,KO/TKO,Punch,1,Irene Aldana,Ketlen Vieira
Ian Heinisch,Omari Akhmedov,12/14/19,"Las Vegas, Nevada, USA",Blue,Middleweight,U-DEC,None,3,Omari Akhmedov,Ian Heinisch
Matt Brown,Ben Saunders,12/14/19,"Las Vegas, Nevada, USA",Red,Welterweight,KO/TKO,Punches,2,Matt Brown,Ben Saunders
Chase Hooper,Daniel Teymur,12/14/19,"Las Vegas, Nevada, USA",Red,Featherweight,KO/TKO,Elbows,1,Chase Hooper,Daniel Teymur
Brandon Moreno,Kai Kara France,12/14/19,"Las Vegas, Nevada, USA",Red,Flyweight,,None,,Brandon Moreno,Kai Kara France
Jessica Eye,Viviane Araujo,12/14/19,"Las Vegas, Nevada, USA",Red,Women's Flyweight,U-DEC,None,3,Jessica Eye,Viviane Araujo
Punahele Soriano,Oskar Piechota,12/14/19,"Las Vegas, Nevada, USA",Red,Middleweight,KO/TKO,Punch,1,Punahele Soriano,Oskar Piechota
Alistair Overeem,Jairzinho Rozenstruik,12/7/19,"Washington, DC, USA",Blue,Heavyweight,KO/TKO,Punch,5,Jairzinho Rozenstruik,Alistair Overeem
Stefan Struve,Ben Rothwell,12/7/19,"Washington, DC, USA",Blue,Heavyweight,KO/TKO,Punches,2,Ben Rothwell,Stefan Struve
Aspen Ladd,Yana Kunitskaya,12/7/19,"Washington, DC, USA",Red,Women's Bantamweight,KO/TKO,Punches,3,Aspen Ladd,Yana Kunitskaya
Rob Font,Ricky Simon,12/7/19,"Washington, DC, USA",Red,Bantamweight,U-DEC,None,3,Rob Font,Ricky Simon
Thiago Alves,Tim Means,12/7/19,"Washington, DC, USA",Blue,Welterweight,SUB,Guillotine Choke,1,Tim Means,Thiago Alves
Billy Quarantillo,Jacob Kilburn,12/7/19,"Washington, DC, USA",Red,Featherweight,SUB,Triangle Choke,2,Billy Quarantillo,Jacob Kilburn
Bryce Mitchell,Matt Sayles,12/7/19,"Washington, DC, USA",Red,Featherweight,SUB,Other - Lock,1,Bryce Mitchell,Matt Sayles
Joe Solecki,Matt Wiman,12/7/19,"Washington, DC, USA",Red,Lightweight,U-DEC,None,3,Joe Solecki,Matt Wiman
Mallory Martin,Virna Jandiroba,12/7/19,"Washington, DC, USA",Red,Women's Strawweight,SUB,Rear Naked Choke,2,Mallory Martin,Virna Jandiroba
Makhmud Muradov,Trevor Smith,12/7/19,"Washington, DC, USA",Red,Light Heavyweight,KO/TKO,Punch,3,Makhmud Muradov,Trevor Smith
Jan Blachowicz,Jacare Souza,11/16/19,"Sao Paulo, Sao Paulo, Brazil",Red,Light Heavyweight,S-DEC,None,5,Jan Blachowicz,Jacare Souza
Charles Oliveira,Jared Gordon,11/16/19,"Sao Paulo, Sao Paulo, Brazil",Red,Lightweight,KO/TKO,Punch,1,Charles Oliveira,Jared Gordon
Antonio Arroyo,Andre Muniz,11/16/19,"Sao Paulo, Sao Paulo, Brazil",Blue,Middleweight,U-DEC,None,3,Andre Muniz,Antonio Arroyo
Markus Perez,Wellington Turman,11/16/19,"Sao Paulo, Sao Paulo, Brazil",Blue,Middleweight,U-DEC,None,3,Wellington Turman,Markus Perez
Sergio Moraes,James Krause,11/16/19,"Sao Paulo, Sao Paulo, Brazil",Blue,Welterweight,KO/TKO,Punch,3,James Krause,Sergio Moraes
Ricardo Ramos,Eduardo Garagorri,11/16/19,"Sao Paulo, Sao Paulo, Brazil",Red,Featherweight,SUB,Rear Naked Choke,1,Ricardo Ramos,Eduardo Garagorri
Francisco Trinaldo,Bobby Green,11/16/19,"Sao Paulo, Sao Paulo, Brazil",Red,Lightweight,U-DEC,None,3,Francisco Trinaldo,Bobby Green
Warlley Alves,Randy Brown,11/16/19,"Sao Paulo, Sao Paulo, Brazil",Blue,Welterweight,SUB,Triangle Choke,2,Randy Brown,Warlley Alves
Douglas Silva de Andrade,Renan Barao,11/16/19,"Sao Paulo, Sao Paulo, Brazil",Red,Featherweight,U-DEC,None,3,Douglas Silva de Andrade,Renan Barao
Ariane Lipski,Isabela De Pauda,11/16/19,"Sao Paulo, Sao Paulo, Brazil",Red,Women's Flyweight,,None,,Ariane Lipski,Isabela De Pauda
Vanessa Melo,Tracy Cortez,11/16/19,"Sao Paulo, Sao Paulo, Brazil",Blue,Women's Bantamweight,U-DEC,None,3,Tracy Cortez,Vanessa Melo
Zabit Magomedsharipov,Calvin Kattar,11/9/19,"Moscow, Moscow, Russia",Red,Featherweight,U-DEC,None,3,Zabit Magomedsharipov,Calvin Kattar
Alekander Volkov,Greg Hardy,11/9/19,"Moscow, Moscow, Russia",Red,Heavyweight,,None,,Alekander Volkov,Greg Hardy
Zelim Imadaev,Danny Roberts,11/9/19,"Moscow, Moscow, Russia",Blue,Welterweight,KO/TKO,Punch,2,Danny Roberts,Zelim Imadaev
Khadis Ibragimov,Ed Herman,11/9/19,"Moscow, Moscow, Russia",Blue,Light Heavyweight,U-DEC,None,3,Ed Herman,Khadis Ibragimov
Ramazan Emeev,Rocco Martin,11/9/19,"Moscow, Moscow, Russia",Blue,Welterweight,,None,,Rocco Martin,Ramazan Emeev
Shamil Gamzatov,Klidson Abreu,11/9/19,"Moscow, Moscow, Russia",Red,Light Heavyweight,S-DEC,None,3,Shamil Gamzatov,Klidson Abreu
Magomed Ankalaev,Dalcha Lungiambula,11/9/19,"Moscow, Moscow, Russia",Red,Light Heavyweight,KO/TKO,Kick,3,Magomed Ankalaev,Dalcha Lungiambula
Rustam Khabilov,Sergey Khandozhko,11/9/19,"Moscow, Moscow, Russia",Red,Welterweight,U-DEC,None,3,Rustam Khabilov,Sergey Khandozhko
Roman Kopylov,Karl Roberson,11/9/19,"Moscow, Moscow, Russia",Blue,Middleweight,SUB,Rear Naked Choke,3,Karl Roberson,Roman Kopylov
Abubakar Nurmagomedov,David Zawada,11/9/19,"Moscow, Moscow, Russia",Blue,Welterweight,SUB,Triangle Choke,1,David Zawada,Abubakar Nurmagomedov
Alexander Yakovlev,Roosevelt Roberts,11/9/19,"Moscow, Moscow, Russia",Blue,Lightweight,U-DEC,None,3,Roosevelt Roberts,Alexander Yakovlev
Jessica-Rose Clark,Pannie Kianzad,11/9/19,"Moscow, Moscow, Russia",Blue,Women's Bantamweight,U-DEC,None,3,Pannie Kianzad,Jessica-Rose Clark
Grigorii Popov,Davey Grant,11/9/19,"Moscow, Moscow, Russia",Blue,Bantamweight,,None,,Davey Grant,Grigorii Popov
Jorge Masvidal,Nate Diaz,11/2/19,"New York City, New York, USA",Red,Welterweight,KO/TKO,None,3,Jorge Masvidal,Nate Diaz
Kelvin Gastelum,Darren Till,11/2/19,"New York City, New York, USA",Blue,Middleweight,S-DEC,None,3,Darren Till,Kelvin Gastelum
Stephen Thompson,Vicente Luque,11/2/19,"New York City, New York, USA",Red,Welterweight,U-DEC,None,3,Stephen Thompson,Vicente Luque
Derrick Lewis,Blagoy Ivanov,11/2/19,"New York City, New York, USA",Red,Heavyweight,S-DEC,None,3,Derrick Lewis,Blagoy Ivanov
Kevin Lee,Gregor Gillespie,11/2/19,"New York City, New York, USA",Red,Lightweight,KO/TKO,Kick,1,Kevin Lee,Gregor Gillespie
Corey Anderson,Johnny Walker,11/2/19,"New York City, New York, USA",Red,Light Heavyweight,KO/TKO,Punches,1,Corey Anderson,Johnny Walker
Shane Burgos,Makwan Amirkhani,11/2/19,"New York City, New York, USA",Red,Featherweight,KO/TKO,Punch,3,Shane Burgos,Makwan Amirkhani
Brad Tavares,Edmen Shahbazyan,11/2/19,"New York City, New York, USA",Blue,Middleweight,KO/TKO,Kick,1,Edmen Shahbazyan,Brad Tavares
Andrei Arlovski,Jairzinho Rozenstruik,11/2/19,"New York City, New York, USA",Blue,Heavyweight,KO/TKO,Punch,1,Jairzinho Rozenstruik,Andrei Arlovski
Katlyn Chookagian,Jennifer Maia,11/2/19,"New York City, New York, USA",Red,Women's Flyweight,U-DEC,None,3,Katlyn Chookagian,Jennifer Maia
Lyman Good,Chance Rencountre,11/2/19,"New York City, New York, USA",Red,Welterweight,KO/TKO,Punch,3,Lyman Good,Chance Rencountre
Julio Arce,Hakeem Dawodu,11/2/19,"New York City, New York, USA",Blue,Featherweight,S-DEC,None,3,Hakeem Dawodu,Julio Arce
Demian Maia,Ben Askren,10/26/19,"Kallang, Singapore",Red,Welterweight,SUB,Rear Naked Choke,3,Demian Maia,Ben Askren
Michael Johnson,Stevie Ray,10/26/19,"Kallang, Singapore",Blue,Lightweight,M-DEC,None,3,Stevie Ray,Michael Johnson
Frank Camacho,Beneil Dariush,10/26/19,"Kallang, Singapore",Blue,Lightweight,SUB,Rear Naked Choke,1,Beneil Dariush,Frank Camacho
Ciryl Gane,Don'tale Mayes,10/26/19,"Kallang, Singapore",Red,Heavyweight,,None,,Ciryl Gane,Don'tale Mayes
Muslim Salikhov,Laureano Staropoli,10/26/19,"Kallang, Singapore",Red,Welterweight,U-DEC,None,3,Muslim Salikhov,Laureano Staropoli
Randa Markos,Ashley Yoder,10/26/19,"Kallang, Singapore",Red,Women's Strawweight,S-DEC,None,3,Randa Markos,Ashley Yoder
Alex White,Rafael Fiziev,10/26/19,"Kallang, Singapore",Blue,Lightweight,U-DEC,None,3,Rafael Fiziev,Alex White
Enrique Barzola,Movsar Evloev,10/26/19,"Kallang, Singapore",Blue,Featherweight,U-DEC,None,3,Movsar Evloev,Enrique Barzola
Maurice Greene,Sergei Pavlovich,10/26/19,"Kallang, Singapore",Blue,Heavyweight,KO/TKO,Punches,1,Sergei Pavlovich,Maurice Greene
Loma Lookboonmee,Alexandra Albu,10/26/19,"Kallang, Singapore",Red,Women's Strawweight,,None,,Loma Lookboonmee,Alexandra Albu
Raphael Pessoa Nunes,Jeff Hughes,10/26/19,"Kallang, Singapore",Red,Heavyweight,,None,,Raphael Pessoa Nunes,Jeff Hughes
Yair Rodriguez,Jeremy Stephens,10/18/19,"Boston, Massachusetts, USA",Red,Featherweight,U-DEC,None,3,Yair Rodriguez,Jeremy Stephens
Dominick Reyes,Chris Weidman,10/18/19,"Boston, Massachusetts, USA",Red,Light Heavyweight,KO/TKO,Punches,1,Dominick Reyes,Chris Weidman
Joe Lauzon,Jonathan Pearce,10/18/19,"Boston, Massachusetts, USA",Red,Lightweight,KO/TKO,Punches,1,Joe Lauzon,Jonathan Pearce
Maycee Barber,Gillian Robertson,10/18/19,"Boston, Massachusetts, USA",Red,Women's Flyweight,KO/TKO,Punches,1,Maycee Barber,Gillian Robertson
Deron Winn,Darren Stewart,10/18/19,"Boston, Massachusetts, USA",Blue,Middleweight,S-DEC,None,3,Darren Stewart,Deron Winn
Charles Rosa,Manny Bermudez,10/18/19,"Boston, Massachusetts, USA",Red,Featherweight,SUB,Armbar,1,Charles Rosa,Manny Bermudez
Molly McCann,Diana Belbita,10/18/19,"Boston, Massachusetts, USA",Red,Women's Flyweight,U-DEC,None,3,Molly McCann,Diana Belbita
Kyle Bochniak,Sean Woodson,10/18/19,"Boston, Massachusetts, USA",Blue,Featherweight,U-DEC,None,3,Sean Woodson,Kyle Bochniak
Randy Costa,Boston Salmon,10/18/19,"Boston, Massachusetts, USA",Red,Bantamweight,KO/TKO,Punch,1,Randy Costa,Boston Salmon
Court McGee,Sean Brady,10/18/19,"Boston, Massachusetts, USA",Blue,Welterweight,U-DEC,None,3,Sean Brady,Court McGee
Brendan Allen,Kevin Holland,10/18/19,"Boston, Massachusetts, USA",Red,Middleweight,SUB,Rear Naked Choke,2,Brendan Allen,Kevin Holland
Daniel Spitz,Tanner Boser,10/18/19,"Boston, Massachusetts, USA",Blue,Heavyweight,U-DEC,None,3,Tanner Boser,Daniel Spitz
Joanna Jedrzejczyk,Michelle Waterson,10/12/19,"Tampa, Florida, USA",Red,Women's Strawweight,U-DEC,None,5,Joanna Jedrzejczyk,Michelle Waterson
Cub Swanson,Kron Gracie,10/12/19,"Tampa, Florida, USA",Red,Featherweight,U-DEC,None,3,Cub Swanson,Kron Gracie
Niko Price,James Vick,10/12/19,"Tampa, Florida, USA",Red,Welterweight,KO/TKO,Kick,1,Niko Price,James Vick
Mackenzie Dern,Amanda Ribas,10/12/19,"Tampa, Florida, USA",Blue,Women's Strawweight,U-DEC,None,3,Amanda Ribas,Mackenzie Dern
Matt Frevola,Luis Pena,10/12/19,"Tampa, Florida, USA",Red,Lightweight,S-DEC,None,3,Matt Frevola,Luis Pena
Eryk Anders,Gerald Meerschaert,10/12/19,"Tampa, Florida, USA",Red,Middleweight,S-DEC,None,3,Eryk Anders,Gerald Meerschaert
Ryan Spann,Devin Clark,10/12/19,"Tampa, Florida, USA",Red,Light Heavyweight,SUB,Guillotine Choke,2,Ryan Spann,Devin Clark
Mike Davis,Thomas Gifford,10/12/19,"Tampa, Florida, USA",Red,Lightweight,KO/TKO,Punch,3,Mike Davis,Thomas Gifford
Max Griffin,Alex Morono,10/12/19,"Tampa, Florida, USA",Blue,Welterweight,U-DEC,None,3,Alex Morono,Max Griffin
Deiveson Figueiredo,Tim Elliott,10/12/19,"Tampa, Florida, USA",Red,Flyweight,SUB,Guillotine Choke,1,Deiveson Figueiredo,Tim Elliott
Marlon Vera,Andre Ewell,10/12/19,"Tampa, Florida, USA",Red,Bantamweight,KO/TKO,Elbows,3,Marlon Vera,Andre Ewell
Miguel Baeza,Hector Aldana,10/12/19,"Tampa, Florida, USA",Red,Welterweight,KO/TKO,Kick,2,Miguel Baeza,Hector Aldana
Marvin Vettori,Andrew Sanchez,10/12/19,"Tampa, Florida, USA",Red,Middleweight,U-DEC,None,3,Marvin Vettori,Andrew Sanchez
JJ Aldrich,Lauren Mueller,10/12/19,"Tampa, Florida, USA",Red,Women's Flyweight,U-DEC,None,3,JJ Aldrich,Lauren Mueller
Robert Whittaker,Israel Adesanya,10/5/19,"Melbourne, Victoria, Australia",Blue,Middleweight,KO/TKO,Punch,2,Israel Adesanya,Robert Whittaker
Al Iaquinta,Dan Hooker,10/5/19,"Melbourne, Victoria, Australia",Blue,Lightweight,U-DEC,None,3,Dan Hooker,Al Iaquinta
Tai Tuivasa,Serghei Spivac,10/5/19,"Melbourne, Victoria, Australia",Blue,Heavyweight,SUB,Arm Triangle,2,Serghei Spivac,Tai Tuivasa
Luke Jumeau,Dhiego Lima,10/5/19,"Melbourne, Victoria, Australia",Blue,Welterweight,S-DEC,None,3,Dhiego Lima,Luke Jumeau
Justin Tafa,Yorgan De Castro,10/5/19,"Melbourne, Victoria, Australia",Blue,Heavyweight,KO/TKO,Punch,1,Yorgan De Castro,Justin Tafa
Jake Matthews,Rostem Akman,10/5/19,"Melbourne, Victoria, Australia",Red,Welterweight,U-DEC,None,3,Jake Matthews,Rostem Akman
Callan Potter,Maki Pitolo,10/5/19,"Melbourne, Victoria, Australia",Red,Welterweight,U-DEC,None,3,Callan Potter,Maki Pitolo
Brad Riddell,Jamie Mullarkey,10/5/19,"Melbourne, Victoria, Australia",Red,Lightweight,U-DEC,None,3,Brad Riddell,Jamie Mullarkey
Megan Anderson,Zarah Fairn,10/5/19,"Melbourne, Victoria, Australia",Red,Women's Featherweight,SUB,Triangle Choke,1,Megan Anderson,Zarah Fairn
Nadia Kassem,Ji Yeon Kim,10/5/19,"Melbourne, Victoria, Australia",Blue,Women's Flyweight,KO/TKO,Punch,2,Ji Yeon Kim,Nadia Kassem
Khalid Taha,Bruno Silva,10/5/19,"Melbourne, Victoria, Australia",Red,Bantamweight,SUB,Arm Triangle,3,Khalid Taha,Bruno Silva
Jack Hermansson,Jared Cannonier,9/28/19,"Copenhagen, Denmark",Blue,Middleweight,KO/TKO,Punch,2,Jared Cannonier,Jack Hermansson
Mark Madsen,Danilo Belluardo,9/28/19,"Copenhagen, Denmark",Red,Lightweight,KO/TKO,Punches,1,Mark Madsen,Danilo Belluardo
Gunnar Nelson,Gilbert Burns,9/28/19,"Copenhagen, Denmark",Blue,Welterweight,U-DEC,None,3,Gilbert Burns,Gunnar Nelson
Ion Cutelaba,Khalil Rountree Jr.,9/28/19,"Copenhagen, Denmark",Red,Light Heavyweight,KO/TKO,Elbows,1,Ion Cutelaba,Khalil Rountree Jr.
Michal Oleksiejczuk,Ovince Saint Preux,9/28/19,"Copenhagen, Denmark",Blue,Light Heavyweight,SUB,Other - Choke,2,Ovince Saint Preux,Michal Oleksiejczuk
Nicolas Dalby,Alex Oliveira,9/28/19,"Copenhagen, Denmark",Red,Welterweight,U-DEC,None,3,Nicolas Dalby,Alex Oliveira
Alen Amedovski,John Phillips,9/28/19,"Copenhagen, Denmark",Blue,Middleweight,KO/TKO,Punch,1,John Phillips,Alen Amedovski
Alessio Di Chirico,Makhmud Muradov,9/28/19,"Copenhagen, Denmark",Blue,Middleweight,U-DEC,None,3,Makhmud Muradov,Alessio Di Chirico
Siyar Bahadurzada,Ismail Naurdiev,9/28/19,"Copenhagen, Denmark",Blue,Welterweight,U-DEC,None,3,Ismail Naurdiev,Siyar Bahadurzada
Brandon Davis,Giga Chikadze,9/28/19,"Copenhagen, Denmark",Blue,Featherweight,S-DEC,None,3,Giga Chikadze,Brandon Davis
Macy Chiasson,Lina Lansberg,9/28/19,"Copenhagen, Denmark",Blue,Women's Bantamweight,U-DEC,None,3,Lina Lansberg,Macy Chiasson
Marc Diakiese,Lando Vannata,9/28/19,"Copenhagen, Denmark",Red,Lightweight,U-DEC,None,3,Marc Diakiese,Lando Vannata
Jack Shore,Nohelin Hernandez,9/28/19,"Copenhagen, Denmark",Red,Bantamweight,SUB,Rear Naked Choke,3,Jack Shore,Nohelin Hernandez
Carla Esparza,Alexa Grasso,9/21/19,"Mexico City, Distrito Federal, Mexico",Red,Women's Strawweight,M-DEC,None,3,Carla Esparza,Alexa Grasso
Irene Aldana,Vanessa Melo,9/21/19,"Mexico City, Distrito Federal, Mexico",Red,Women's Bantamweight,U-DEC,None,3,Irene Aldana,Vanessa Melo
Martin Bravo,Steven Peterson,9/21/19,"Mexico City, Distrito Federal, Mexico",Blue,Featherweight,KO/TKO,Spinning Back Fist,2,Steven Peterson,Martin Bravo
Jose Quinonez,Carlos Huachin,9/21/19,"Mexico City, Distrito Federal, Mexico",Red,Bantamweight,U-DEC,None,3,Jose Quinonez,Carlos Huachin
Marco Polo Reyes,Kyle Nelson,9/21/19,"Mexico City, Distrito Federal, Mexico",Blue,Featherweight,KO/TKO,Punch,1,Kyle Nelson,Marco Polo Reyes
Ariane Carnelossi,Angela Hill,9/21/19,"Mexico City, Distrito Federal, Mexico",Blue,Women's Strawweight,KO/TKO,Elbow,3,Angela Hill,Ariane Carnelossi
Sergio Pettis,Tyson Nam,9/21/19,"Mexico City, Distrito Federal, Mexico",Red,Flyweight,U-DEC,None,3,Sergio Pettis,Tyson Nam
Vinicius Moreira,Paul Craig,9/21/19,"Mexico City, Distrito Federal, Mexico",Blue,Light Heavyweight,SUB,Rear Naked Choke,1,Paul Craig,Vinicius Moreira
Sijara Eubanks,Bethe Correia,9/21/19,"Mexico City, Distrito Federal, Mexico",Blue,Women's Bantamweight,U-DEC,None,3,Bethe Correia,Sijara Eubanks
Caludio Puelles,Marcos Mariano,9/21/19,"Mexico City, Distrito Federal, Mexico",Red,Lightweight,,None,,Caludio Puelles,Marcos Mariano
Donald Cerrone,Justin Gaethje,9/14/19,"Vancouver, British Columbia, Canada",Blue,Lightweight,KO/TKO,Punch,1,Justin Gaethje,Donald Cerrone
Glover Teixeira,Nikita Krylov,9/14/19,"Vancouver, British Columbia, Canada",Red,Light Heavyweight,S-DEC,None,3,Glover Teixeira,Nikita Krylov
Michel Pereira,Tristan Connelly,9/14/19,"Vancouver, British Columbia, Canada",Blue,Welterweight,U-DEC,None,3,Tristan Connelly,Michel Pereira
Uriah Hall,Antonio Carlos Junior,9/14/19,"Vancouver, British Columbia, Canada",Red,Middleweight,S-DEC,None,3,Uriah Hall,Antonio Carlos Junior
Misha Cirkunov,Jimmy Crute,9/14/19,"Vancouver, British Columbia, Canada",Red,Light Heavyweight,SUB,Peruvian Necktie,1,Misha Cirkunov,Jimmy Crute
Marcin Tybura,Augusto Sakai,9/14/19,"Vancouver, British Columbia, Canada",Blue,Heavyweight,KO/TKO,Punches,1,Augusto Sakai,Marcin Tybura
Cole Smith,Miles Johns,9/14/19,"Vancouver, British Columbia, Canada",Blue,Bantamweight,S-DEC,None,3,Miles Johns,Cole Smith
Brad Katona,Hunter Azure,9/14/19,"Vancouver, British Columbia, Canada",Blue,Bantamweight,U-DEC,None,3,Hunter Azure,Brad Katona
Chas Skelly,Jordan Griffin,9/14/19,"Vancouver, British Columbia, Canada",Red,Featherweight,U-DEC,None,3,Chas Skelly,Jordan Griffin
Louis Smolka,Ryan MacDonald,9/14/19,"Vancouver, British Columbia, Canada",Red,Bantamweight,KO/TKO,Punch,1,Louis Smolka,Ryan MacDonald
Kyle Prepolec,Austin Hubbard,9/14/19,"Vancouver, British Columbia, Canada",Blue,Lightweight,U-DEC,None,3,Austin Hubbard,Kyle Prepolec
Khabib Nurmagomedov,Dustin Poirier,9/7/19,"Abu Dhabi, Abu Dhabi, United Arab Emirates",Red,Lightweight,SUB,Rear Naked Choke,3,Khabib Nurmagomedov,Dustin Poirier
Edson Barboza,Paul Felder,9/7/19,"Abu Dhabi, Abu Dhabi, United Arab Emirates",Blue,Lightweight,S-DEC,None,3,Paul Felder,Edson Barboza
Islam Makhachev,Davi Ramos,9/7/19,"Abu Dhabi, Abu Dhabi, United Arab Emirates",Red,Lightweight,U-DEC,None,3,Islam Makhachev,Davi Ramos
Curtis Blaydes,Shamil Abdurakhimov,9/7/19,"Abu Dhabi, Abu Dhabi, United Arab Emirates",Red,Heavyweight,KO/TKO,Elbow,2,Curtis Blaydes,Shamil Abdurakhimov
Mairbek Taisumov,Diego Ferreira,9/7/19,"Abu Dhabi, Abu Dhabi, United Arab Emirates",Blue,Lightweight,U-DEC,None,3,Diego Ferreira,Mairbek Taisumov
Joanne Calderwood,Andrea Lee,9/7/19,"Abu Dhabi, Abu Dhabi, United Arab Emirates",Red,Women's Flyweight,S-DEC,None,3,Joanne Calderwood,Andrea Lee
Liana Jojua,Sarah Moras,9/7/19,"Abu Dhabi, Abu Dhabi, United Arab Emirates",Blue,Women's Bantamweight,KO/TKO,Elbows,3,Sarah Moras,Liana Jojua
Ottman Azaitar,Teemu Packalen,9/7/19,"Abu Dhabi, Abu Dhabi, United Arab Emirates",Red,Lightweight,KO/TKO,Punch,1,Ottman Azaitar,Teemu Packalen
Belal Muhammad,Takashi Sato,9/7/19,"Abu Dhabi, Abu Dhabi, United Arab Emirates",Red,Welterweight,SUB,Rear Naked Choke,3,Belal Muhammad,Takashi Sato
Nordine Taleb,Muslim Salikhov,9/7/19,"Abu Dhabi, Abu Dhabi, United Arab Emirates",Blue,Welterweight,KO/TKO,Punch,1,Muslim Salikhov,Nordine Taleb
Omari Akhmedov,Zak Cummings,9/7/19,"Abu Dhabi, Abu Dhabi, United Arab Emirates",Red,Middleweight,U-DEC,None,3,Omari Akhmedov,Zak Cummings
Don Madge,Fares Ziam,9/7/19,"Abu Dhabi, Abu Dhabi, United Arab Emirates",Red,Lightweight,U-DEC,None,3,Don Madge,Fares Ziam
Jessica Andrade,Zhang Weili,8/31/19,"Shenzhen, Guangdong, China",Blue,Women's Strawweight,,None,,Zhang Weili,Jessica Andrade
Li Jingliang,Elizeu Dos Santos,8/31/19,"Shenzhen, Guangdong, China",Red,Welterweight,,None,,Li Jingliang,Elizeu Dos Santos
Kai Kara-France,Mark De La Rosa,8/31/19,"Shenzhen, Guangdong, China",Red,Flyweight,U-DEC,None,3,Kai Kara-France,Mark De La Rosa
Song Kenan,Derrick,8/31/19,"Shenzhen, Guangdong, China",Red,Welterweight,,None,,Song Kenan,Derrick
Wu Yanan,Mizuki Inoue,8/31/19,"Shenzhen, Guangdong, China",Blue,Women's Flyweight,,None,,Mizuki Inoue,Wu Yanan
Junyong Park,Anthony Hernandez,8/31/19,"Shenzhen, Guangdong, China",Blue,Middleweight,SUB,Anaconda Choke,2,Anthony Hernandez,Junyong Park
Su Mudaerji,Andre Soukhamthath,8/31/19,"Shenzhen, Guangdong, China",Red,Bantamweight,U-DEC,None,3,Su Mudaerji,Andre Soukhamthath
Da Un Jung,Khadis Ibragimov,8/31/19,"Shenzhen, Guangdong, China",Red,Light Heavyweight,,None,,Da Un Jung,Khadis Ibragimov
Damir Ismagulov,Thiago Moises,8/31/19,"Shenzhen, Guangdong, China",Red,Lightweight,U-DEC,None,3,Damir Ismagulov,Thiago Moises
Heili Alateng,Danaa Batgerel,8/31/19,"Shenzhen, Guangdong, China",Red,Bantamweight,U-DEC,None,3,Heili Alateng,Danaa Batgerel
Karol Rosa,Lara Procopio,8/31/19,"Shenzhen, Guangdong, China",Red,Women's Bantamweight,S-DEC,None,3,Karol Rosa,Lara Procopio
Daniel Cormier,Stipe Miocic,8/17/19,"Anaheim, California, USA",Blue,Heavyweight,KO/TKO,Punches,4,Stipe Miocic,Daniel Cormier
Anthony Pettis,Nate Diaz,8/17/19,"Anaheim, California, USA",Blue,Welterweight,U-DEC,None,3,Nate Diaz,Anthony Pettis
Yoel Romero,Paulo Costa,8/17/19,"Anaheim, California, USA",Blue,Middleweight,U-DEC,None,3,Paulo Costa,Yoel Romero
Gabriel Benitez,Sodiq Yusuff,8/17/19,"Anaheim, California, USA",Blue,Featherweight,KO/TKO,Punch,1,Sodiq Yusuff,Gabriel Benitez
Derek Brunson,Ian Heinisch,8/17/19,"Anaheim, California, USA",Red,Middleweight,U-DEC,None,3,Derek Brunson,Ian Heinisch
Devonte Smith,Khama Worthy,8/17/19,"Anaheim, California, USA",Blue,Lightweight,KO/TKO,Punch,1,Khama Worthy,Devonte Smith
Raphael Assuncao,Cory Sandhagen,8/17/19,"Anaheim, California, USA",Blue,Bantamweight,U-DEC,None,3,Cory Sandhagen,Raphael Assuncao
Christos Giagos,Drakkar Klose,8/17/19,"Anaheim, California, USA",Blue,Lightweight,U-DEC,None,3,Drakkar Klose,Christos Giagos
Manny Bermudez,Casey Kenney,8/17/19,"Anaheim, California, USA",Blue,Catch Weight,U-DEC,None,3,Casey Kenney,Manny Bermudez
Hannah Cifers,Jodie Esquibel,8/17/19,"Anaheim, California, USA",Red,Women's Strawweight,U-DEC,None,3,Hannah Cifers,Jodie Esquibel
Kyung Ho Kang,Brandon Davis,8/17/19,"Anaheim, California, USA",Red,Bantamweight,S-DEC,None,3,Kyung Ho Kang,Brandon Davis
Sabina Mazo,Shana Dobson,8/17/19,"Anaheim, California, USA",Red,Women's Flyweight,U-DEC,None,3,Sabina Mazo,Shana Dobson
Valentina Shevchenko,Liz Carmouche,8/10/19,"Montevideo, Uruguay",Red,Women's Flyweight,U-DEC,None,5,Valentina Shevchenko,Liz Carmouche
Vincente Luque,Mike Perry,8/10/19,"Montevideo, Uruguay",Red,Welterweight,,None,,Vincente Luque,Mike Perry
Luiz Garagorri,Humberto Bandenay,8/10/19,"Montevideo, Uruguay",Red,Featherweight,,None,,Luiz Garagorri,Humberto Bandenay
Volkan Oezdemir,Ilir Latifi,8/10/19,"Montevideo, Uruguay",Red,Light Heavyweight,KO/TKO,Punch,2,Volkan Oezdemir,Ilir Latifi
Rodolfo Vieira,Oskar Piechota,8/10/19,"Montevideo, Uruguay",Red,Middleweight,SUB,Arm Triangle,2,Rodolfo Vieira,Oskar Piechota
Enrique Barzola,Bobby Moffett,8/10/19,"Montevideo, Uruguay",Red,Featherweight,S-DEC,None,3,Enrique Barzola,Bobby Moffett
Gilbert Burns,Aleksei Kunchenko,8/10/19,"Montevideo, Uruguay",Red,Welterweight,U-DEC,None,3,Gilbert Burns,Aleksei Kunchenko
Ciryl Gane,Raphael Pessoa Nunes,8/10/19,"Montevideo, Uruguay",Red,Heavyweight,,None,,Ciryl Gane,Raphael Pessoa Nunes
Tecia Torres,Marina Rodriguez,8/10/19,"Montevideo, Uruguay",Blue,Women's Strawweight,U-DEC,None,3,Marina Rodriguez,Tecia Torres
Rogerio Bontorin,Raulian Paiva,8/10/19,"Montevideo, Uruguay",Red,Flyweight,KO/TKO,None,1,Rogerio Bontorin,Raulian Paiva
Geraldo de Freitas,Chris Gutierrez,8/10/19,"Montevideo, Uruguay",Blue,Bantamweight,S-DEC,None,3,Chris Gutierrez,Geraldo de Freitas
Kazula Vargas,Alex Da Silva,8/10/19,"Montevideo, Uruguay",Blue,Lightweight,U-DEC,None,3,Alex Da Silva,Kazula Vargas
Veronica Macedo,Polyana Viana,8/10/19,"Montevideo, Uruguay",Red,Women's Flyweight,SUB,Armbar,1,Veronica Macedo,Polyana Viana
Colby Covington,Robbie Lawler,8/3/19,"Newark, New Jersey, USA",Red,Welterweight,U-DEC,None,5,Colby Covington,Robbie Lawler
Jim Miller,Clay Guida,8/3/19,"Newark, New Jersey, USA",Red,Lightweight,SUB,Guillotine Choke,1,Jim Miller,Clay Guida
Joaquim Silva,Nasrat Haqparast,8/3/19,"Newark, New Jersey, USA",Blue,Lightweight,KO/TKO,Punch,2,Nasrat Haqparast,Joaquim Silva
Trevin Giles,Gerald Meerschaert,8/3/19,"Newark, New Jersey, USA",Blue,Middleweight,SUB,Guillotine Choke,3,Gerald Meerschaert,Trevin Giles
Scott Holtzman,Dong Hyun Ma,8/3/19,"Newark, New Jersey, USA",Red,Lightweight,KO/TKO,None,2,Scott Holtzman,Dong Hyun Ma
Darko Stosic,Kennedy Nzechukwu,8/3/19,"Newark, New Jersey, USA",Blue,Light Heavyweight,U-DEC,None,3,Kennedy Nzechukwu,Darko Stosic
Mickey Gall,Salim Touahri,8/3/19,"Newark, New Jersey, USA",Red,Welterweight,U-DEC,None,3,Mickey Gall,Salim Touahri
Antonina Shevchenko,Lucie Pudilova,8/3/19,"Newark, New Jersey, USA",Red,Women's Flyweight,SUB,Rear Naked Choke,2,Antonina Shevchenko,Lucie Pudilova
Jordan Espinosa,Matt Schnell,8/3/19,"Newark, New Jersey, USA",Blue,Flyweight,SUB,Triangle Choke,1,Matt Schnell,Jordan Espinosa
Lauren Murphy,Mara Romero Borella,8/3/19,"Newark, New Jersey, USA",Red,Women's Flyweight,KO/TKO,Knee,3,Lauren Murphy,Mara Romero Borella
Claudio Silva,Cole Williams,8/3/19,"Newark, New Jersey, USA",Red,Welterweight,SUB,Neck Crank,1,Claudio Silva,Cole Williams
Miranda Granger,Hannah Goldy,8/3/19,"Newark, New Jersey, USA",Red,Women's Flyweight,U-DEC,None,3,Miranda Granger,Hannah Goldy
Max Holloway,Frankie Edgar,7/27/19,"Edmonton, Alberta, Canada",Red,Featherweight,U-DEC,None,5,Max Holloway,Frankie Edgar
Cris Cyborg,Felicia Spencer,7/27/19,"Edmonton, Alberta, Canada",Red,Women's Featherweight,,None,,Cris Cyborg,Felicia Spencer
Geoff Neal,Niko Price,7/27/19,"Edmonton, Alberta, Canada",Red,Welterweight,KO/TKO,Punches,2,Geoff Neal,Niko Price
Olivier Aubin-Mercier,Arman Tsarukyan,7/27/19,"Edmonton, Alberta, Canada",Blue,Lightweight,U-DEC,None,3,Arman Tsarukyan,Olivier Aubin-Mercier
Marc-Andre Barriault,Krzystof Jotko,7/27/19,"Edmonton, Alberta, Canada",Blue,Middleweight,,None,,Krzystof Jotko,Marc-Andre Barriault
Alexis Davis,Viviane Araujo,7/27/19,"Edmonton, Alberta, Canada",Blue,Women's Flyweight,U-DEC,None,3,Viviane Araujo,Alexis Davis
Hakeem Dawodu,Yoshinori Horie,7/27/19,"Edmonton, Alberta, Canada",Red,Featherweight,KO/TKO,Kick,3,Hakeem Dawodu,Yoshinori Horie
Gavin Tucker,Seungwoo Choi,7/27/19,"Edmonton, Alberta, Canada",Red,Featherweight,,None,,Gavin Tucker,Seungwoo Choi
Alexandre Pantoja,Deiveson Figueiredo,7/27/19,"Edmonton, Alberta, Canada",Blue,Flyweight,U-DEC,None,3,Deiveson Figueiredo,Alexandre Pantoja
Gillian Robertson,Sarah Frota,7/27/19,"Edmonton, Alberta, Canada",Red,Women's Flyweight,KO/TKO,Elbows,2,Gillian Robertson,Sarah Frota
Erik Koch,Kyle Stewart,7/27/19,"Edmonton, Alberta, Canada",Red,Welterweight,U-DEC,None,3,Erik Koch,Kyle Stewart
Rafael Dos Anjos,Leon Edwards,7/20/19,"San Antonio, Texas, USA",Blue,Welterweight,U-DEC,None,5,Leon Edwards,Rafael Dos Anjos
Aleksei Oleinik,Walt Harris,7/20/19,"San Antonio, Texas, USA",Blue,Heavyweight,KO/TKO,Punch,1,Walt Harris,Aleksei Oleinik
Greg Hardy,Juan Adams,7/20/19,"San Antonio, Texas, USA",Red,Heavyweight,KO/TKO,Punches,1,Greg Hardy,Juan Adams
James Vick,Dan Hooker,7/20/19,"San Antonio, Texas, USA",Blue,Lightweight,KO/TKO,Punch,1,Dan Hooker,James Vick
Alexander Hernandez,Francisco Trinaldo,7/20/19,"San Antonio, Texas, USA",Red,Lightweight,U-DEC,None,3,Alexander Hernandez,Francisco Trinaldo
Andrei Arlovski,Ben Rothwell,7/20/19,"San Antonio, Texas, USA",Red,Heavyweight,U-DEC,None,3,Andrei Arlovski,Ben Rothwell
Alex Caceres,Steven Peterson,7/20/19,"San Antonio, Texas, USA",Red,Featherweight,U-DEC,None,3,Alex Caceres,Steven Peterson
Raquel Pennington,Irene Aldana,7/20/19,"San Antonio, Texas, USA",Red,Women's Bantamweight,S-DEC,None,3,Raquel Pennington,Irene Aldana
Sam Alvey,Klidson Abreu,7/20/19,"San Antonio, Texas, USA",Blue,Light Heavyweight,U-DEC,None,3,Klidson Abreu,Sam Alvey
Roxanne Modafferi,Jennifer Maia,7/20/19,"San Antonio, Texas, USA",Blue,Women's Flyweight,U-DEC,None,3,Jennifer Maia,Roxanne Modafferi
Ray Borg,Gabriel Silva,7/20/19,"San Antonio, Texas, USA",Red,Bantamweight,U-DEC,None,3,Ray Borg,Gabriel Silva
Mario Bautista,Jin Soo Son,7/20/19,"San Antonio, Texas, USA",Red,Bantamweight,U-DEC,None,3,Mario Bautista,Jin Soo Son
Domingo Pilarte,Felipe Colares,7/20/19,"San Antonio, Texas, USA",Blue,Bantamweight,S-DEC,None,3,Felipe Colares,Domingo Pilarte
Germaine De Randamie,Aspen Ladd,7/13/19,"Sacramento, California, USA",Red,Women's Bantamweight,,None,,Germaine De Randamie,Aspen Ladd
Urijah Faber,Ricky Simon,7/13/19,"Sacramento, California, USA",Red,Bantamweight,KO/TKO,Punch,1,Urijah Faber,Ricky Simon
Josh Emmett,Mirsad Bektic,7/13/19,"Sacramento, California, USA",Red,Featherweight,KO/TKO,Punches,1,Josh Emmett,Mirsad Bektic
Karl Roberson,Wellington Turman,7/13/19,"Sacramento, California, USA",Red,Middleweight,S-DEC,None,3,Karl Roberson,Wellington Turman
Marvin Vettori,Cezar Ferreira,7/13/19,"Sacramento, California, USA",Red,Middleweight,U-DEC,None,3,Marvin Vettori,Cezar Ferreira
Andre Fili,Sheymon Moraes,7/13/19,"Sacramento, California, USA",Red,Featherweight,KO/TKO,Punch,1,Andre Fili,Sheymon Moraes
Julianna Pena,Nicco Montano,7/13/19,"Sacramento, California, USA",Red,Women's Bantamweight,U-DEC,None,3,Julianna Pena,Nicco Montano
Darren Elkins,Ryan Hall,7/13/19,"Sacramento, California, USA",Blue,Featherweight,U-DEC,None,3,Ryan Hall,Darren Elkins
Liu Pingyuan,Jonathan Martinez,7/13/19,"Sacramento, California, USA",Blue,Bantamweight,KO/TKO,Knee,3,Jonathan Martinez,Liu Pingyuan
Livinha Souza,Brianna Van Buren,7/13/19,"Sacramento, California, USA",Blue,Women's Strawweight,U-DEC,None,3,Brianna Van Buren,Livinha Souza
Benito Lopez,Vince Morales,7/13/19,"Sacramento, California, USA",Red,Bantamweight,U-DEC,None,3,Benito Lopez,Vince Morales
Jon Jones,Thiago Santos,7/6/19,"Las Vegas, Nevada, USA",Red,Light Heavyweight,S-DEC,None,5,Jon Jones,Thiago Santos
Amanda Nunes,Holly Holm,7/6/19,"Las Vegas, Nevada, USA",Red,Women's Bantamweight,KO/TKO,Kick,1,Amanda Nunes,Holly Holm
Jorge Masvidal,Ben Askren,7/6/19,"Las Vegas, Nevada, USA",Red,Welterweight,KO/TKO,Flying Knee,1,Jorge Masvidal,Ben Askren
Jan Blachowicz,Luke Rockhold,7/6/19,"Las Vegas, Nevada, USA",Red,Light Heavyweight,KO/TKO,Punch,2,Jan Blachowicz,Luke Rockhold
Diego Sanchez,Michael Chiesa,7/6/19,"Las Vegas, Nevada, USA",Blue,Welterweight,U-DEC,None,3,Michael Chiesa,Diego Sanchez
Gilbert Melendez,Arnold Allen,7/6/19,"Las Vegas, Nevada, USA",Blue,Featherweight,U-DEC,None,3,Arnold Allen,Gilbert Melendez
Marlon Vera,Nohelin Hernandez,7/6/19,"Las Vegas, Nevada, USA",Red,Bantamweight,SUB,Rear Naked Choke,2,Marlon Vera,Nohelin Hernandez
Caludia Gadelha,Randa Markos,7/6/19,"Las Vegas, Nevada, USA",Red,Women's Strawweight,,None,,Caludia Gadelha,Randa Markos
Alejandro Perez,Song Yadong,7/6/19,"Las Vegas, Nevada, USA",Blue,Bantamweight,KO/TKO,Punch,1,Song Yadong,Alejandro Perez
Edmen Shahbazyan,Jack Marshman,7/6/19,"Las Vegas, Nevada, USA",Red,Middleweight,SUB,Rear Naked Choke,1,Edmen Shahbazyan,Jack Marshman
Ismail Naurdiev,Chance Rencountre,7/6/19,"Las Vegas, Nevada, USA",Blue,Welterweight,U-DEC,None,3,Chance Rencountre,Ismail Naurdiev
Julia Avila,Pannie Kianzad,7/6/19,"Las Vegas, Nevada, USA",Red,Women's Bantamweight,U-DEC,None,3,Julia Avila,Pannie Kianzad
Francis Ngannou,Junior Dos Santos,6/29/19,"Minneapolis, Minnesota, USA",Red,Heavyweight,KO/TKO,Punch,1,Francis Ngannou,Junior Dos Santos
Jussier Formiga,Joseph Benavidez,6/29/19,"Minneapolis, Minnesota, USA",Blue,Flyweight,KO/TKO,Punches,2,Joseph Benavidez,Jussier Formiga
Demian Maia,Rocco Martin,6/29/19,"Minneapolis, Minnesota, USA",Red,Welterweight,,None,,Demian Maia,Rocco Martin
Roosevelt Roberts,Vinc Pichel,6/29/19,"Minneapolis, Minnesota, USA",Blue,Lightweight,U-DEC,None,3,Vinc Pichel,Roosevelt Roberts
Drew Dober,Marco Polo Reyes,6/29/19,"Minneapolis, Minnesota, USA",Red,Lightweight,KO/TKO,Punches,1,Drew Dober,Marco Polo Reyes
Alonzo Menifield,Paul Craig,6/29/19,"Minneapolis, Minnesota, USA",Red,Light Heavyweight,KO/TKO,Punch,1,Alonzo Menifield,Paul Craig
Ricardo Ramos,Journey Newson,6/29/19,"Minneapolis, Minnesota, USA",Red,Bantamweight,U-DEC,None,3,Ricardo Ramos,Journey Newson
Eryk Anders,Vinicius Moreira,6/29/19,"Minneapolis, Minnesota, USA",Red,Light Heavyweight,KO/TKO,Punch,1,Eryk Anders,Vinicius Moreira
Jared Gordon,Dan Moret,6/29/19,"Minneapolis, Minnesota, USA",Red,Lightweight,U-DEC,None,3,Jared Gordon,Dan Moret
Dalcha Lungiambula,Dequan Townsend,6/29/19,"Minneapolis, Minnesota, USA",Red,Light Heavyweight,KO/TKO,Punch,3,Dalcha Lungiambula,Dequan Townsend
Emily Whitmire,Amanda Ribas,6/29/19,"Minneapolis, Minnesota, USA",Blue,Women's Strawweight,SUB,Rear Naked Choke,2,Amanda Ribas,Emily Whitmire
Maurice Greene,Junior Albini,6/29/19,"Minneapolis, Minnesota, USA",Red,Heavyweight,KO/TKO,Punch,1,Maurice Greene,Junior Albini
Renato Moicano,Chan Sung Jung,6/22/19,"Greenville, South Carolina, USA",Blue,Featherweight,KO/TKO,Punch,1,Chan Sung Jung,Renato Moicano
Bryan Barberena,Randy Brown,6/22/19,"Greenville, South Carolina, USA",Blue,Welterweight,KO/TKO,Kick,3,Randy Brown,Bryan Barberena
Andre Ewell,Anderson Dos Santos,6/22/19,"Greenville, South Carolina, USA",Red,Bantamweight,U-DEC,None,3,Andre Ewell,Anderson Dos Santos
Andrea Lee,Montana De La Rosa,6/22/19,"Greenville, South Carolina, USA",Red,Women's Flyweight,U-DEC,None,3,Andrea Lee,Montana De La Rosa
Kevin Holland,Alessio Di Chirico,6/22/19,"Greenville, South Carolina, USA",Red,Middleweight,U-DEC,None,3,Kevin Holland,Alessio Di Chirico
Dan Ige,Kevin Aguilar,6/22/19,"Greenville, South Carolina, USA",Red,Featherweight,U-DEC,None,3,Dan Ige,Kevin Aguilar
Ashley Yoder,Syuri Kondo,6/22/19,"Greenville, South Carolina, USA",Red,Women's Strawweight,U-DEC,None,3,Ashley Yoder,Syuri Kondo
Matt Wiman,Luis Pena,6/22/19,"Greenville, South Carolina, USA",Blue,Lightweight,KO/TKO,Punches,3,Luis Pena,Matt Wiman
Allen Crowder,Jairzinho Rozenstruik,6/22/19,"Greenville, South Carolina, USA",Blue,Heavyweight,KO/TKO,Punches,1,Jairzinho Rozenstruik,Allen Crowder
Ariane Lipski,Molly McCann,6/22/19,"Greenville, South Carolina, USA",Blue,Women's Flyweight,U-DEC,None,3,Molly McCann,Ariane Lipski
Deron Winn,Eric Spicely,6/22/19,"Greenville, South Carolina, USA",Red,Middleweight,U-DEC,None,3,Deron Winn,Eric Spicely
Henry Cejudo,Marlon Moraes,6/8/19,"Chicago, Illinois, USA",Red,Bantamweight,KO/TKO,Punches,3,Henry Cejudo,Marlon Moraes
Valentina Shevchenko,Jessica Eye,6/8/19,"Chicago, Illinois, USA",Red,Women's Flyweight,KO/TKO,Kick,2,Valentina Shevchenko,Jessica Eye
Tony Ferguson,Donald Cerrone,6/8/19,"Chicago, Illinois, USA",Red,Lightweight,KO/TKO,None,2,Tony Ferguson,Donald Cerrone
Jimmie Rivera,Petr Yan,6/8/19,"Chicago, Illinois, USA",Blue,Bantamweight,U-DEC,None,3,Petr Yan,Jimmie Rivera
Tai Tuivasa,Blagoy Ivanov,6/8/19,"Chicago, Illinois, USA",Blue,Heavyweight,U-DEC,None,3,Blagoy Ivanov,Tai Tuivasa
Tatiana Suarez,Nina Ansaroff,6/8/19,"Chicago, Illinois, USA",Red,Women's Strawweight,U-DEC,None,3,Tatiana Suarez,Nina Ansaroff
Aljamain Sterling,Pedro Munhoz,6/8/19,"Chicago, Illinois, USA",Red,Bantamweight,U-DEC,None,3,Aljamain Sterling,Pedro Munhoz
Karolina Kowalkiewicz,Alexa Grasso,6/8/19,"Chicago, Illinois, USA",Blue,Women's Strawweight,U-DEC,None,3,Alexa Grasso,Karolina Kowalkiewicz
Ricardo Lamas,Calvin Kattar,6/8/19,"Chicago, Illinois, USA",Blue,Featherweight,KO/TKO,Punch,1,Calvin Kattar,Ricardo Lamas
Yan Xiaonan,Angela Hill,6/8/19,"Chicago, Illinois, USA",Red,Women's Strawweight,,None,,Yan Xiaonan,Angela Hill
Bevon Lewis,Darren Stewart,6/8/19,"Chicago, Illinois, USA",Blue,Middleweight,U-DEC,None,3,Darren Stewart,Bevon Lewis
Eddie Wineland,Grigorii Popov,6/8/19,"Chicago, Illinois, USA",Red,Bantamweight,,None,,Eddie Wineland,Grigorii Popov
Katlyn Chookagian,Joanne Calderwood,6/8/19,"Chicago, Illinois, USA",Red,Women's Flyweight,U-DEC,None,3,Katlyn Chookagian,Joanne Calderwood
Alexander Gustafsson,Anthony Smith,6/1/19,"Stockholm, Sweden",Blue,Light Heavyweight,SUB,Rear Naked Choke,4,Anthony Smith,Alexander Gustafsson
Jimi Manuwa,Aleksandar Rakic,6/1/19,"Stockholm, Sweden",Blue,Light Heavyweight,KO/TKO,Kick,1,Aleksandar Rakic,Jimi Manuwa
Makwan Amirkhani,Chris Fishgold,6/1/19,"Stockholm, Sweden",Red,Featherweight,SUB,Anaconda Choke,2,Makwan Amirkhani,Chris Fishgold
Damir Hadzovic,Christos Giagos,6/1/19,"Stockholm, Sweden",Blue,Lightweight,U-DEC,None,3,Christos Giagos,Damir Hadzovic
Daniel Teymur,Sung Bin Jo,6/1/19,"Stockholm, Sweden",Red,Featherweight,U-DEC,None,3,Daniel Teymur,Sung Bin Jo
Rostem Akman,Sergey Khandozhko,6/1/19,"Stockholm, Sweden",Blue,Welterweight,U-DEC,None,3,Sergey Khandozhko,Rostem Akman
Tonya Evinger,Lina Lansberg,6/1/19,"Stockholm, Sweden",Blue,Women's Bantamweight,U-DEC,None,3,Lina Lansberg,Tonya Evinger
Stevie Ray,Leonardo Santos,6/1/19,"Stockholm, Sweden",Blue,Lightweight,KO/TKO,Punch,1,Leonardo Santos,Stevie Ray
Nick Hein,Frank Camacho,6/1/19,"Stockholm, Sweden",Blue,Lightweight,KO/TKO,Punches,2,Frank Camacho,Nick Hein
Bea Malecki,Duda Santana,6/1/19,"Stockholm, Sweden",Red,Women's Bantamweight,SUB,Rear Naked Choke,2,Bea Malecki,Duda Santana
Darko Stosic,Devin Clark,6/1/19,"Stockholm, Sweden",Blue,Light Heavyweight,U-DEC,None,3,Devin Clark,Darko Stosic
Joel Alvarez,Danilo Belluardo,6/1/19,"Stockholm, Sweden",Red,Lightweight,KO/TKO,Punches,2,Joel Alvarez,Danilo Belluardo
Rafael Dos Anjos,Kevin Lee,5/18/19,"Rochester, New York, USA",Red,Welterweight,SUB,Arm Triangle,4,Rafael Dos Anjos,Kevin Lee
Antonio Carlos Junior,Ian Heinisch,5/18/19,"Rochester, New York, USA",Blue,Middleweight,U-DEC,None,3,Ian Heinisch,Antonio Carlos Junior
Megan Anderson,Felicia Spencer,5/18/19,"Rochester, New York, USA",Blue,Women's Featherweight,SUB,Rear Naked Choke,1,Felicia Spencer,Megan Anderson
Vicente Luque,Derrick Krantz,5/18/19,"Rochester, New York, USA",Red,Welterweight,KO/TKO,Punch,1,Vicente Luque,Derrick Krantz
Charles Oliveira,Nik Lentz,5/18/19,"Rochester, New York, USA",Red,Lightweight,KO/TKO,Punch,2,Charles Oliveira,Nik Lentz
Davi Ramos,Austin Hubbard,5/18/19,"Rochester, New York, USA",Red,Lightweight,U-DEC,None,3,Davi Ramos,Austin Hubbard
Aspen Ladd,Sijara Eubanks,5/18/19,"Rochester, New York, USA",Red,Women's Bantamweight,U-DEC,None,3,Aspen Ladd,Sijara Eubanks
Desmond Green,Charles Jourdain,5/18/19,"Rochester, New York, USA",Red,Lightweight,U-DEC,None,3,Desmond Green,Charles Jourdain
Danny Roberts,Michel Pereira,5/18/19,"Rochester, New York, USA",Blue,Welterweight,KO/TKO,Flying Knee,1,Michel Pereira,Danny Roberts
Michael Trizano,Grant Dawson,5/18/19,"Rochester, New York, USA",Blue,Featherweight,SUB,Rear Naked Choke,2,Grant Dawson,Michael Trizano
Patrick Cummins,Ed Herman,5/18/19,"Rochester, New York, USA",Blue,Light Heavyweight,KO/TKO,Knee,1,Ed Herman,Patrick Cummins
Zak Cummings,Trevin Giles,5/18/19,"Rochester, New York, USA",Red,Middleweight,SUB,Guillotine Choke,3,Zak Cummings,Trevin Giles
Julio Arce,Julian Erosa,5/18/19,"Rochester, New York, USA",Red,Featherweight,KO/TKO,Kick,3,Julio Arce,Julian Erosa
Rose Namajunas,Jessica Andrade,5/11/19,"Rio de Janeiro, Rio de Janeiro, Brazil",Blue,Women's Strawweight,KO/TKO,Slam,2,Jessica Andrade,Rose Namajunas
Jared Cannonier,Anderson Silva,5/11/19,"Rio de Janeiro, Rio de Janeiro, Brazil",Red,Middleweight,KO/TKO,Kick,1,Jared Cannonier,Anderson Silva
Jose Aldo,Alexander Volkanovski,5/11/19,"Rio de Janeiro, Rio de Janeiro, Brazil",Blue,Featherweight,U-DEC,None,3,Alexander Volkanovski,Jose Aldo
Thiago Alves,Laureano Staropoli,5/11/19,"Rio de Janeiro, Rio de Janeiro, Brazil",Blue,Welterweight,U-DEC,None,3,Laureano Staropoli,Thiago Alves
Irene Aldana,Bethe Correia,5/11/19,"Rio de Janeiro, Rio de Janeiro, Brazil",Red,Women's Bantamweight,SUB,Armbar,3,Irene Aldana,Bethe Correia
Rogerio Nogueira,Ryan Spann,5/11/19,"Rio de Janeiro, Rio de Janeiro, Brazil",Blue,Light Heavyweight,KO/TKO,Punch,1,Ryan Spann,Rogerio Nogueira
Thiago Moises,Kurt Holobaugh,5/11/19,"Rio de Janeiro, Rio de Janeiro, Brazil",Red,Lightweight,U-DEC,None,3,Thiago Moises,Kurt Holobaugh
Warlley Alves,Sergio Moraes,5/11/19,"Rio de Janeiro, Rio de Janeiro, Brazil",Red,Welterweight,KO/TKO,Punch,3,Warlley Alves,Sergio Moraes
BJ Penn,Clay Guida,5/11/19,"Rio de Janeiro, Rio de Janeiro, Brazil",Blue,Lightweight,U-DEC,None,3,Clay Guida,BJ Penn
Luana Carolina,Priscila Cachoeira,5/11/19,"Rio de Janeiro, Rio de Janeiro, Brazil",Red,Women's Flyweight,U-DEC,None,3,Luana Carolina,Priscila Cachoeira
Raoni Barcelos,Carlos Huachin,5/11/19,"Rio de Janeiro, Rio de Janeiro, Brazil",Red,Bantamweight,KO/TKO,Elbows,2,Raoni Barcelos,Carlos Huachin
Talita Bernardo,Viviane Araujo,5/11/19,"Rio de Janeiro, Rio de Janeiro, Brazil",Blue,Women's Bantamweight,KO/TKO,Punch,3,Viviane Araujo,Talita Bernardo
Al Iaquinta,Donald Cerrone,5/4/19,"Ottawa, Ontario, Canada",Blue,Lightweight,U-DEC,None,5,Donald Cerrone,Al Iaquinta
Derek Brunson,Elias Theodorou,5/4/19,"Ottawa, Ontario, Canada",Red,Middleweight,U-DEC,None,3,Derek Brunson,Elias Theodorou
Cub Swanson,Shane Burgos,5/4/19,"Ottawa, Ontario, Canada",Blue,Featherweight,S-DEC,None,3,Shane Burgos,Cub Swanson
Brad Katona,Merab Dvalishvili,5/4/19,"Ottawa, Ontario, Canada",Blue,Bantamweight,U-DEC,None,3,Merab Dvalishvili,Brad Katona
Walt Harris,Serghei Spivac,5/4/19,"Ottawa, Ontario, Canada",Red,Heavyweight,KO/TKO,Knees,1,Walt Harris,Serghei Spivac
Marc-Andre Barriault,Andrew Sanchez,5/4/19,"Ottawa, Ontario, Canada",Blue,Middleweight,U-DEC,None,3,Andrew Sanchez,Marc-Andre Barriault
Macy Chiasson,Sarah Moras,5/4/19,"Ottawa, Ontario, Canada",Red,Women's Bantamweight,KO/TKO,Punches,2,Macy Chiasson,Sarah Moras
Aiemann Zahabi,Vince Morales,5/4/19,"Ottawa, Ontario, Canada",Blue,Bantamweight,U-DEC,None,3,Vince Morales,Aiemann Zahabi
Nordine Taleb,Kyle Prepolec,5/4/19,"Ottawa, Ontario, Canada",Red,Welterweight,U-DEC,None,3,Nordine Taleb,Kyle Prepolec
Kyle Nelson,Matt Sayles,5/4/19,"Ottawa, Ontario, Canada",Blue,Featherweight,SUB,Arm Triangle,3,Matt Sayles,Kyle Nelson
Arjan Bhullar,Juan Adams,5/4/19,"Ottawa, Ontario, Canada",Red,Heavyweight,U-DEC,None,3,Arjan Bhullar,Juan Adams
Mitch Gagnon,Cole Smith,5/4/19,"Ottawa, Ontario, Canada",Blue,Bantamweight,U-DEC,None,3,Cole Smith,Mitch Gagnon
Jacare Souza,Jack Hermansson,4/27/19,"Sunrise, Florida, USA",Blue,Middleweight,U-DEC,None,5,Jack Hermansson,Jacare Souza
Greg Hardy,Dmitrii Smoliakov,4/27/19,"Sunrise, Florida, USA",Red,Heavyweight,KO/TKO,Punches,1,Greg Hardy,Dmitrii Smoliakov
Alex Oliveira,Mike Perry,4/27/19,"Sunrise, Florida, USA",Blue,Welterweight,U-DEC,None,3,Mike Perry,Alex Oliveira
Glover Teixeira,Ion Cutelaba,4/27/19,"Sunrise, Florida, USA",Red,Light Heavyweight,SUB,Rear Naked Choke,2,Glover Teixeira,Ion Cutelaba
John Lineker,Cory Sandhagen,4/27/19,"Sunrise, Florida, USA",Blue,Bantamweight,S-DEC,None,3,Cory Sandhagen,John Lineker
Roosevelt Roberts,Thomas Gifford,4/27/19,"Sunrise, Florida, USA",Red,Lightweight,U-DEC,None,3,Roosevelt Roberts,Thomas Gifford
Ben Saunders,Takashi Sato,4/27/19,"Sunrise, Florida, USA",Blue,Welterweight,KO/TKO,Elbows,2,Takashi Sato,Ben Saunders
Andrei Arlovski,Augusto Sakai,4/27/19,"Sunrise, Florida, USA",Blue,Heavyweight,S-DEC,None,3,Augusto Sakai,Andrei Arlovski
Carla Esparza,Virna Jandiroba,4/27/19,"Sunrise, Florida, USA",Red,Women's Strawweight,U-DEC,None,3,Carla Esparza,Virna Jandiroba
Gilbert Burns,Mike Davis,4/27/19,"Sunrise, Florida, USA",Red,Lightweight,SUB,Rear Naked Choke,2,Gilbert Burns,Mike Davis
Jim Miller,Jason Gonzalez,4/27/19,"Sunrise, Florida, USA",Red,Lightweight,SUB,Rear Naked Choke,1,Jim Miller,Jason Gonzalez
Angela Hill,Jodie Esquibel,4/27/19,"Sunrise, Florida, USA",Red,Women's Strawweight,U-DEC,None,3,Angela Hill,Jodie Esquibel
Court McGee,Dhiego Lima,4/27/19,"Sunrise, Florida, USA",Blue,Welterweight,S-DEC,None,3,Dhiego Lima,Court McGee
Alistair Overeem,Aleksei Oleinik,4/20/19,"Saint Petersburg, Saint Petersburg, Russia",Red,Heavyweight,KO/TKO,Knee,1,Alistair Overeem,Aleksei Oleinik
Islam Makhachev,Arman Tsarukyan,4/20/19,"Saint Petersburg, Saint Petersburg, Russia",Red,Lightweight,U-DEC,None,3,Islam Makhachev,Arman Tsarukyan
Sergei Pavlovich,Marcelo Golm,4/20/19,"Saint Petersburg, Saint Petersburg, Russia",Red,Heavyweight,KO/TKO,Punches,1,Sergei Pavlovich,Marcelo Golm
Roxanne Modafferi,Antonina Shevchenko,4/20/19,"Saint Petersburg, Saint Petersburg, Russia",Red,Women's Flyweight,S-DEC,None,3,Roxanne Modafferi,Antonina Shevchenko
Krzysztof Jotko,Alen Amedovski,4/20/19,"Saint Petersburg, Saint Petersburg, Russia",Red,Middleweight,U-DEC,None,3,Krzysztof Jotko,Alen Amedovski
Movsar Evloev,Seungwoo Choi,4/20/19,"Saint Petersburg, Saint Petersburg, Russia",Red,Featherweight,,None,,Movsar Evloev,Seungwoo Choi
Sultan Aliev,Keita Nakamura,4/20/19,"Saint Petersburg, Saint Petersburg, Russia",Red,Welterweight,U-DEC,None,3,Sultan Aliev,Keita Nakamura
Alexander Yakovlev,Alex Da Silva,4/20/19,"Saint Petersburg, Saint Petersburg, Russia",Red,Lightweight,SUB,Other - Choke,2,Alexander Yakovlev,Alex Da Silva
Marcin Tybura,Shamil Abdurakhimov,4/20/19,"Saint Petersburg, Saint Petersburg, Russia",Blue,Heavyweight,KO/TKO,Punches,2,Shamil Abdurakhimov,Marcin Tybura
Gadzhimurad Antigulov,Michal Oleksiejczuk,4/20/19,"Saint Petersburg, Saint Petersburg, Russia",Blue,Light Heavyweight,KO/TKO,Punch,1,Michal Oleksiejczuk,Gadzhimurad Antigulov
Magomed Mustafaev,Rafael Fiziev,4/20/19,"Saint Petersburg, Saint Petersburg, Russia",Red,Lightweight,KO/TKO,Spinning Back Kick,1,Magomed Mustafaev,Rafael Fiziev
Max Holloway,Dustin Poirier,4/13/19,"Atlanta, Georgia, USA",Blue,Lightweight,U-DEC,None,5,Dustin Poirier,Max Holloway
Kelvin Gastelum,Israel Adesanya,4/13/19,"Atlanta, Georgia, USA",Blue,Middleweight,U-DEC,None,5,Israel Adesanya,Kelvin Gastelum
Eryk Anders,Khalil Rountree Jr.,4/13/19,"Atlanta, Georgia, USA",Blue,Light Heavyweight,U-DEC,None,3,Khalil Rountree Jr.,Eryk Anders
Alan Jouban,Dwight Grant,4/13/19,"Atlanta, Georgia, USA",Blue,Welterweight,S-DEC,None,3,Dwight Grant,Alan Jouban
Ovince Saint Preux,Nikita Krylov,4/13/19,"Atlanta, Georgia, USA",Blue,Light Heavyweight,SUB,Rear Naked Choke,2,Nikita Krylov,Ovince Saint Preux
Jalin Turner,Matt Frevola,4/13/19,"Atlanta, Georgia, USA",Blue,Lightweight,U-DEC,None,3,Matt Frevola,Jalin Turner
Wilson Reis,Alexandre Pantoja,4/13/19,"Atlanta, Georgia, USA",Blue,Flyweight,KO/TKO,Punch,1,Alexandre Pantoja,Wilson Reis
Max Griffin,Zelim Imadaev,4/13/19,"Atlanta, Georgia, USA",Red,Welterweight,M-DEC,None,3,Max Griffin,Zelim Imadaev
Boston Salmon,Khalid Taha,4/13/19,"Atlanta, Georgia, USA",Blue,Bantamweight,KO/TKO,Punch,1,Khalid Taha,Boston Salmon
Curtis Millender,Belal Muhammad,4/13/19,"Atlanta, Georgia, USA",Blue,Welterweight,U-DEC,None,3,Belal Muhammad,Curtis Millender
Montel Jackson,Andre Soukhamthath,4/13/19,"Atlanta, Georgia, USA",Red,Bantamweight,U-DEC,None,3,Montel Jackson,Andre Soukhamthath
Lauren Mueller,Poliana Botelho,4/13/19,"Atlanta, Georgia, USA",Blue,Women's Flyweight,U-DEC,None,3,Poliana Botelho,Lauren Mueller
Brandon Davis,Randy Costa,4/13/19,"Atlanta, Georgia, USA",Red,Bantamweight,SUB,Rear Naked Choke,2,Brandon Davis,Randy Costa
Edson Barboza,Justin Gaethje,3/30/19,"Philadelphia, Pennsylvania, USA",Blue,Lightweight,KO/TKO,Punch,1,Justin Gaethje,Edson Barboza
David Branch,Jack Hermansson,3/30/19,"Philadelphia, Pennsylvania, USA",Blue,Middleweight,SUB,Guillotine Choke,1,Jack Hermansson,David Branch
Josh Emmett,Michael Johnson,3/30/19,"Philadelphia, Pennsylvania, USA",Red,Featherweight,KO/TKO,Punch,3,Josh Emmett,Michael Johnson
Karolina Kowalkiewicz,Michelle Waterson,3/30/19,"Philadelphia, Pennsylvania, USA",Blue,Women's Strawweight,U-DEC,None,3,Michelle Waterson,Karolina Kowalkiewicz
Kennedy Nzechukwu,Paul Craig,3/30/19,"Philadelphia, Pennsylvania, USA",Blue,Light Heavyweight,SUB,Triangle Choke,3,Paul Craig,Kennedy Nzechukwu
Sodiq Yusuff,Sheymon Moraes,3/30/19,"Philadelphia, Pennsylvania, USA",Red,Featherweight,U-DEC,None,3,Sodiq Yusuff,Sheymon Moraes
Marina Rodriguez,Jessica Aguilar,3/30/19,"Philadelphia, Pennsylvania, USA",Red,Women's Strawweight,U-DEC,None,3,Marina Rodriguez,Jessica Aguilar
Ross Pearson,Desmond Green,3/30/19,"Philadelphia, Pennsylvania, USA",Blue,Lightweight,KO/TKO,Punches,1,Desmond Green,Ross Pearson
Enrique Barzola,Kevin Aguilar,3/30/19,"Philadelphia, Pennsylvania, USA",Blue,Featherweight,U-DEC,None,3,Kevin Aguilar,Enrique Barzola
Kevin Holland,Gerald Meerschaert,3/30/19,"Philadelphia, Pennsylvania, USA",Red,Middleweight,S-DEC,None,3,Kevin Holland,Gerald Meerschaert
Ray Borg,Casey Kenney,3/30/19,"Philadelphia, Pennsylvania, USA",Blue,Bantamweight,U-DEC,None,3,Casey Kenney,Ray Borg
Sabina Mazo,Maryna Moroz,3/30/19,"Philadelphia, Pennsylvania, USA",Blue,Women's Flyweight,U-DEC,None,3,Maryna Moroz,Sabina Mazo
Alex Perez,Mark De La Rosa,3/30/19,"Philadelphia, Pennsylvania, USA",Red,Bantamweight,U-DEC,None,3,Alex Perez,Mark De La Rosa
Stephen Thompson,Anthony Pettis,3/23/19,"Nashville, Tennessee, USA",Blue,Welterweight,KO/TKO,Punch,2,Anthony Pettis,Stephen Thompson
Curtis Blaydes,Justin Willis,3/23/19,"Nashville, Tennessee, USA",Red,Heavyweight,U-DEC,None,3,Curtis Blaydes,Justin Willis
John Makdessi,Jesus Pinedo,3/23/19,"Nashville, Tennessee, USA",Red,Lightweight,U-DEC,None,3,John Makdessi,Jesus Pinedo
Jussier Formiga,Deiveson Figueiredo,3/23/19,"Nashville, Tennessee, USA",Red,Flyweight,U-DEC,None,3,Jussier Formiga,Deiveson Figueiredo
Luis Pena,Steven Peterson,3/23/19,"Nashville, Tennessee, USA",Red,Featherweight,U-DEC,None,3,Luis Pena,Steven Peterson
Maycee Barber,JJ Aldrich,3/23/19,"Nashville, Tennessee, USA",Red,Women's Flyweight,KO/TKO,Punches,2,Maycee Barber,JJ Aldrich
Bryce Mitchell,Bobby Moffett,3/23/19,"Nashville, Tennessee, USA",Red,Featherweight,U-DEC,None,3,Bryce Mitchell,Bobby Moffett
Marlon Vera,Frankie Saenz,3/23/19,"Nashville, Tennessee, USA",Red,Bantamweight,KO/TKO,Punch,1,Marlon Vera,Frankie Saenz
Alexis Davis,Jennifer Maia,3/23/19,"Nashville, Tennessee, USA",Blue,Women's Flyweight,U-DEC,None,3,Jennifer Maia,Alexis Davis
Randa Markos,Angela Hill,3/23/19,"Nashville, Tennessee, USA",Red,Women's Strawweight,SUB,Armbar,1,Randa Markos,Angela Hill
Ryan MacDonald,Chris Gutierrez,3/23/19,"Nashville, Tennessee, USA",Blue,Bantamweight,U-DEC,None,3,Chris Gutierrez,Ryan MacDonald
Eric Shelton,Jordan Espinosa,3/23/19,"Nashville, Tennessee, USA",Blue,Flyweight,U-DEC,None,3,Jordan Espinosa,Eric Shelton
Darren Till,Jorge Masvidal,3/16/19,"London, England, United Kingdom",Blue,Welterweight,KO/TKO,Punch,2,Jorge Masvidal,Darren Till
Leon Edwards,Gunnar Nelson,3/16/19,"London, England, United Kingdom",Red,Welterweight,S-DEC,None,3,Leon Edwards,Gunnar Nelson
Volkan Oezdemir,Dominick Reyes,3/16/19,"London, England, United Kingdom",Blue,Light Heavyweight,S-DEC,None,3,Dominick Reyes,Volkan Oezdemir
Nathaniel Wood,Jose Quinonez,3/16/19,"London, England, United Kingdom",Red,Bantamweight,SUB,Rear Naked Choke,2,Nathaniel Wood,Jose Quinonez
Danny Roberts,Claudio Silva,3/16/19,"London, England, United Kingdom",Blue,Welterweight,SUB,Armbar,3,Claudio Silva,Danny Roberts
Jack Marshman,John Phillips,3/16/19,"London, England, United Kingdom",Red,Middleweight,S-DEC,None,3,Jack Marshman,John Phillips
Arnold Allen,Jordan Rinaldi,3/16/19,"London, England, United Kingdom",Red,Featherweight,U-DEC,None,3,Arnold Allen,Jordan Rinaldi
Marc Diakiese,Joe Duffy,3/16/19,"London, England, United Kingdom",Red,Lightweight,U-DEC,None,3,Marc Diakiese,Joe Duffy
Nicolae Negumereanu,Saparbeg Safarov,3/16/19,"London, England, United Kingdom",Blue,Light Heavyweight,U-DEC,None,3,Saparbeg Safarov,Nicolae Negumereanu
Danny Henry,Dan Ige,3/16/19,"London, England, United Kingdom",Blue,Featherweight,SUB,Rear Naked Choke,1,Dan Ige,Danny Henry
Molly McCann,Priscila Cachoeira,3/16/19,"London, England, United Kingdom",Red,Women's Flyweight,U-DEC,None,3,Molly McCann,Priscila Cachoeira
Mike Grundy,Nad Narimani,3/16/19,"London, England, United Kingdom",Red,Featherweight,KO/TKO,Punches,2,Mike Grundy,Nad Narimani
Derrick Lewis,Junior Dos Santos,3/9/19,"Wichita, Kansas, USA",Blue,Heavyweight,KO/TKO,Punches,2,Junior Dos Santos,Derrick Lewis
Elizeu Zaleski dos Santos,Curtis Millender,3/9/19,"Wichita, Kansas, USA",Red,Welterweight,SUB,Rear Naked Choke,1,Elizeu Zaleski dos Santos,Curtis Millender
Tim Means,Niko Price,3/9/19,"Wichita, Kansas, USA",Blue,Welterweight,KO/TKO,Punch,1,Niko Price,Tim Means
Blagoy Ivanov,Ben Rothwell,3/9/19,"Wichita, Kansas, USA",Red,Heavyweight,U-DEC,None,3,Blagoy Ivanov,Ben Rothwell
Beneil Dariush,Drew Dober,3/9/19,"Wichita, Kansas, USA",Red,Lightweight,SUB,Armbar,2,Beneil Dariush,Drew Dober
Tim Boetsch,Omari Akhmedov,3/9/19,"Wichita, Kansas, USA",Blue,Middleweight,U-DEC,None,3,Omari Akhmedov,Tim Boetsch
Anthony Rocco Martin,Sergio Moraes,3/9/19,"Wichita, Kansas, USA",Red,Welterweight,U-DEC,None,3,Anthony Rocco Martin,Sergio Moraes
Marion Reneau,Yana Kunitskaya,3/9/19,"Wichita, Kansas, USA",Blue,Women's Bantamweight,U-DEC,None,3,Yana Kunitskaya,Marion Reneau
Grant Dawson,Julian Erosa,3/9/19,"Wichita, Kansas, USA",Red,Featherweight,U-DEC,None,3,Grant Dawson,Julian Erosa
Maurice Greene,Jeff Hughes,3/9/19,"Wichita, Kansas, USA",Red,Heavyweight,S-DEC,None,3,Maurice Greene,Jeff Hughes
Louis Smolka,Matt Schnell,3/9/19,"Wichita, Kansas, USA",Blue,Bantamweight,SUB,Triangle Choke,1,Matt Schnell,Louis Smolka
Alex Morono,Zak Ottow,3/9/19,"Wichita, Kansas, USA",Red,Welterweight,KO/TKO,Elbows,1,Alex Morono,Zak Ottow
Alex White,Dan Moret,3/9/19,"Wichita, Kansas, USA",Red,Lightweight,U-DEC,None,3,Alex White,Dan Moret
Jon Jones,Anthony Smith,3/2/19,"Las Vegas, Nevada, USA",Red,Light Heavyweight,U-DEC,None,5,Jon Jones,Anthony Smith
Tyron Woodley,Kamaru Usman,3/2/19,"Las Vegas, Nevada, USA",Blue,Welterweight,U-DEC,None,5,Kamaru Usman,Tyron Woodley
Robbie Lawler,Ben Askren,3/2/19,"Las Vegas, Nevada, USA",Blue,Welterweight,SUB,Other - Choke,1,Ben Askren,Robbie Lawler
Tecia Torres,Weili Zhang,3/2/19,"Las Vegas, Nevada, USA",Blue,Women's Strawweight,U-DEC,None,3,Weili Zhang,Tecia Torres
Cody Garbrandt,Pedro Munhoz,3/2/19,"Las Vegas, Nevada, USA",Blue,Bantamweight,KO/TKO,Punch,1,Pedro Munhoz,Cody Garbrandt
Jeremy Stephens,Zabit Magomedsharipov,3/2/19,"Las Vegas, Nevada, USA",Blue,Featherweight,U-DEC,None,3,Zabit Magomedsharipov,Jeremy Stephens
Misha Cirkunov,Johnny Walker,3/2/19,"Las Vegas, Nevada, USA",Blue,Light Heavyweight,KO/TKO,Flying Knee,1,Johnny Walker,Misha Cirkunov
Cody Stamann,Alejandro Perez,3/2/19,"Las Vegas, Nevada, USA",Red,Bantamweight,U-DEC,None,3,Cody Stamann,Alejandro Perez
Diego Sanchez,Mickey Gall,3/2/19,"Las Vegas, Nevada, USA",Red,Welterweight,KO/TKO,Punches,2,Diego Sanchez,Mickey Gall
Edmen Shahbazyan,Charles Byrd,3/2/19,"Las Vegas, Nevada, USA",Red,Middleweight,KO/TKO,Elbows,1,Edmen Shahbazyan,Charles Byrd
Gina Mazany,Macy Chiasson,3/2/19,"Las Vegas, Nevada, USA",Blue,Women's Bantamweight,KO/TKO,Punch,1,Macy Chiasson,Gina Mazany
Polyana Viana,Hannah Cifers,3/2/19,"Las Vegas, Nevada, USA",Blue,Women's Strawweight,S-DEC,None,3,Hannah Cifers,Polyana Viana
Jan Blachowicz,Thiago Santos,2/23/19,"Prague, Czech Republic",Blue,Light Heavyweight,KO/TKO,Punch,3,Thiago Santos,Jan Blachowicz
Stefan Struve,Marcos Rogerio de Lima,2/23/19,"Prague, Czech Republic",Red,Heavyweight,SUB,Arm Triangle,2,Stefan Struve,Marcos Rogerio de Lima
Gian Villante,Michal Oleksiejczuk,2/23/19,"Prague, Czech Republic",Blue,Light Heavyweight,KO/TKO,Punch,1,Michal Oleksiejczuk,Gian Villante
Liz Carmouche,Lucie Pudilova,2/23/19,"Prague, Czech Republic",Red,Women's Flyweight,U-DEC,None,3,Liz Carmouche,Lucie Pudilova
John Dodson,Petr Yan,2/23/19,"Prague, Czech Republic",Blue,Bantamweight,U-DEC,None,3,Petr Yan,John Dodson
Magomed Ankalaev,Klidson Abreu,2/23/19,"Prague, Czech Republic",Red,Light Heavyweight,U-DEC,None,3,Magomed Ankalaev,Klidson Abreu
Dwight Grant,Carlo Pedersoli,2/23/19,"Prague, Czech Republic",Red,Welterweight,,None,,Dwight Grant,Carlo Pedersoli
Daniel Teymur,Chris Fishgold,2/23/19,"Prague, Czech Republic",Blue,Featherweight,SUB,Rear Naked Choke,2,Chris Fishgold,Daniel Teymur
Veronica Macedo,Gillian Robertson,2/23/19,"Prague, Czech Republic",Blue,Women's Flyweight,SUB,Rear Naked Choke,2,Gillian Robertson,Veronica Macedo
Damir Hadzovic,Polo Reyes,2/23/19,"Prague, Czech Republic",Red,Lightweight,,None,,Damir Hadzovic,Polo Reyes
Michel Prazeres,Ismail Naurdiev,2/23/19,"Prague, Czech Republic",Blue,Welterweight,U-DEC,None,3,Ismail Naurdiev,Michel Prazeres
Rustam Khabilov,Diego Ferreira,2/23/19,"Prague, Czech Republic",Blue,Lightweight,U-DEC,None,3,Diego Ferreira,Rustam Khabilov
Damir Ismagulov,Joel Alvarez,2/23/19,"Prague, Czech Republic",Red,Lightweight,U-DEC,None,3,Damir Ismagulov,Joel Alvarez
Francis Ngannou,Cain Velasquez,2/17/19,"Phoenix, Arizona, USA",Red,Heavyweight,KO/TKO,Punches,1,Francis Ngannou,Cain Velasquez
James Vick,Paul Felder,2/17/19,"Phoenix, Arizona, USA",Blue,Lightweight,U-DEC,None,3,Paul Felder,James Vick
Cortney Casey,Cynthia Calvillo,2/17/19,"Phoenix, Arizona, USA",Blue,Women's Strawweight,U-DEC,None,3,Cynthia Calvillo,Cortney Casey
Alex Caceres,Kron Gracie,2/17/19,"Phoenix, Arizona, USA",Blue,Featherweight,SUB,Rear Naked Choke,1,Kron Gracie,Alex Caceres
Vicente Luque,Bryan Barberena,2/17/19,"Phoenix, Arizona, USA",Red,Welterweight,KO/TKO,Knee,3,Vicente Luque,Bryan Barberena
Andre Fili,Myles Jury,2/17/19,"Phoenix, Arizona, USA",Red,Featherweight,U-DEC,None,3,Andre Fili,Myles Jury
Jimmie Rivera,Aljamain Sterling,2/17/19,"Phoenix, Arizona, USA",Blue,Bantamweight,U-DEC,None,3,Aljamain Sterling,Jimmie Rivera
Benito Lopez,Manny Bermudez,2/17/19,"Phoenix, Arizona, USA",Blue,Bantamweight,SUB,Guillotine Choke,1,Manny Bermudez,Benito Lopez
Ashlee Evans-Smith,Andrea Lee,2/17/19,"Phoenix, Arizona, USA",Blue,Women's Flyweight,U-DEC,None,3,Andrea Lee,Ashlee Evans-Smith
Scott Holtzman,Nik Lentz,2/17/19,"Phoenix, Arizona, USA",Blue,Lightweight,U-DEC,None,3,Nik Lentz,Scott Holtzman
Renan Barao,Luke Sanders,2/17/19,"Phoenix, Arizona, USA",Blue,Bantamweight,KO/TKO,Punch,2,Luke Sanders,Renan Barao
Alexandra Albu,Emily Whitmire,2/17/19,"Phoenix, Arizona, USA",Blue,Women's Strawweight,,None,,Emily Whitmire,Alexandra Albu
Israel Adesanya,Anderson Silva,2/9/19,"Melbourne, Victoria, Australia",Red,Middleweight,U-DEC,None,3,Israel Adesanya,Anderson Silva
Lando Vannata,Marcos Mariano,2/9/19,"Melbourne, Victoria, Australia",Red,Lightweight,SUB,Kimura,1,Lando Vannata,Marcos Mariano
Rani Yahya,Ricky Simon,2/9/19,"Melbourne, Victoria, Australia",Blue,Bantamweight,U-DEC,None,3,Ricky Simon,Rani Yahya
Montana De La Rosa,Nadia Kassem,2/9/19,"Melbourne, Victoria, Australia",Red,Women's Flyweight,SUB,Armbar,2,Montana De La Rosa,Nadia Kassem
Jimmy Crute,Sam Alvey,2/9/19,"Melbourne, Victoria, Australia",Red,Light Heavyweight,KO/TKO,Punches,1,Jimmy Crute,Sam Alvey
Devonte Smith,Dong Hyun Ma,2/9/19,"Melbourne, Victoria, Australia",Red,Lightweight,KO/TKO,Punch,1,Devonte Smith,Dong Hyun Ma
Shane Young,Austin Arnett,2/9/19,"Melbourne, Victoria, Australia",Red,Featherweight,U-DEC,None,3,Shane Young,Austin Arnett
Kai Kara-France,Raulian Paiva,2/9/19,"Melbourne, Victoria, Australia",Red,Flyweight,S-DEC,None,3,Kai Kara-France,Raulian Paiva
Teruto Ishihara,Kyung Ho Kang,2/9/19,"Melbourne, Victoria, Australia",Blue,Bantamweight,SUB,Rear Naked Choke,1,Kyung Ho Kang,Teruto Ishihara
Callan Potter,Jalin Turner,2/9/19,"Melbourne, Victoria, Australia",Blue,Lightweight,KO/TKO,Kick,1,Jalin Turner,Callan Potter
Wuliji Buren,Jonathan Martinez,2/9/19,"Melbourne, Victoria, Australia",Blue,Bantamweight,U-DEC,None,3,Jonathan Martinez,Wuliji Buren
Raphael Assuncao,Marlon Moraes,2/2/19,"Fortaleza, Ceara, Brazil",Blue,Bantamweight,SUB,Guillotine Choke,1,Marlon Moraes,Raphael Assuncao
Jose Aldo,Renato Moicano,2/2/19,"Fortaleza, Ceara, Brazil",Red,Featherweight,KO/TKO,Punches,2,Jose Aldo,Renato Moicano
Demian Maia,Lyman Good,2/2/19,"Fortaleza, Ceara, Brazil",Red,Welterweight,SUB,Rear Naked Choke,1,Demian Maia,Lyman Good
Charles Oliveira,David Teymur,2/2/19,"Fortaleza, Ceara, Brazil",Red,Lightweight,SUB,Anaconda Choke,2,Charles Oliveira,David Teymur
Johnny Walker,Justin Ledet,2/2/19,"Fortaleza, Ceara, Brazil",Red,Light Heavyweight,KO/TKO,Spinning Back Fist,1,Johnny Walker,Justin Ledet
Livinha Souza,Sarah Frota,2/2/19,"Fortaleza, Ceara, Brazil",Red,Women's Strawweight,S-DEC,None,3,Livinha Souza,Sarah Frota
Markus Perez,Anthony Hernandez,2/2/19,"Fortaleza, Ceara, Brazil",Red,Middleweight,SUB,Anaconda Choke,2,Markus Perez,Anthony Hernandez
Mara Romero Borella,Taila Santos,2/2/19,"Fortaleza, Ceara, Brazil",Red,Women's Flyweight,S-DEC,None,3,Mara Romero Borella,Taila Santos
Thiago Alves,Max Griffin,2/2/19,"Fortaleza, Ceara, Brazil",Red,Welterweight,S-DEC,None,3,Thiago Alves,Max Griffin
Junior Albini,Jairzinho Rozenstruik,2/2/19,"Fortaleza, Ceara, Brazil",Blue,Heavyweight,KO/TKO,Kick,2,Jairzinho Rozenstruik,Junior Albini
Geraldo de Freitas,Felipe Colares,2/2/19,"Fortaleza, Ceara, Brazil",Red,Featherweight,U-DEC,None,3,Geraldo de Freitas,Felipe Colares
Ricardo Ramos,Said Nurmagomedov,2/2/19,"Fortaleza, Ceara, Brazil",Blue,Bantamweight,KO/TKO,Spinning Back Kick,1,Said Nurmagomedov,Ricardo Ramos
Magomed Bibulatov,Rogerio Bontorin,2/2/19,"Fortaleza, Ceara, Brazil",Blue,Flyweight,S-DEC,None,3,Rogerio Bontorin,Magomed Bibulatov
Henry Cejudo,TJ Dillashaw,1/19/19,"Brooklyn, New York, USA",Red,Flyweight,KO/TKO,Punches,1,Henry Cejudo,TJ Dillashaw
Greg Hardy,Allen Crowder,1/19/19,"Brooklyn, New York, USA",Blue,Heavyweight,DQ,None,2,Allen Crowder,Greg Hardy
Gregor Gillespie,Yancy Medeiros,1/19/19,"Brooklyn, New York, USA",Red,Lightweight,KO/TKO,Punches,2,Gregor Gillespie,Yancy Medeiros
Joseph Benavidez,Dustin Ortiz,1/19/19,"Brooklyn, New York, USA",Red,Flyweight,U-DEC,None,3,Joseph Benavidez,Dustin Ortiz
Paige VanZant,Rachael Ostovich,1/19/19,"Brooklyn, New York, USA",Red,Women's Flyweight,SUB,Armbar,2,Paige VanZant,Rachael Ostovich
Glover Teixeira,Karl Roberson,1/19/19,"Brooklyn, New York, USA",Red,Light Heavyweight,SUB,Arm Triangle,1,Glover Teixeira,Karl Roberson
Alexander Hernandez,Donald Cerrone,1/19/19,"Brooklyn, New York, USA",Blue,Lightweight,KO/TKO,Kick,2,Donald Cerrone,Alexander Hernandez
Joanne Calderwood,Ariane Lipski,1/19/19,"Brooklyn, New York, USA",Red,Women's Flyweight,U-DEC,None,3,Joanne Calderwood,Ariane Lipski
Alonzo Menifield,Vinicius Moreira,1/19/19,"Brooklyn, New York, USA",Red,Light Heavyweight,KO/TKO,Punch,1,Alonzo Menifield,Vinicius Moreira
Cory Sandhagen,Mario Bautista,1/19/19,"Brooklyn, New York, USA",Red,Bantamweight,SUB,Armbar,1,Cory Sandhagen,Mario Bautista
Dennis Bermudez,Te Edwards,1/19/19,"Brooklyn, New York, USA",Red,Lightweight,U-DEC,None,3,Dennis Bermudez,Te Edwards
Belal Muhammad,Geoff Neal,1/19/19,"Brooklyn, New York, USA",Blue,Welterweight,U-DEC,None,3,Geoff Neal,Belal Muhammad
Kyle Stewart,Chance Rencountre,1/19/19,"Brooklyn, New York, USA",Blue,Welterweight,SUB,Rear Naked Choke,1,Chance Rencountre,Kyle Stewart
Jon Jones,Alexander Gustafsson,12/29/18,"Los Angeles, California, USA",Red,Light Heavyweight,KO/TKO,Punches,3,Jon Jones,Alexander Gustafsson
Cris Cyborg,Amanda Nunes,12/29/18,"Los Angeles, California, USA",Blue,Women's Featherweight,,None,,Amanda Nunes,Cris Cyborg
Carlos Condit,Michael Chiesa,12/29/18,"Los Angeles, California, USA",Blue,Welterweight,SUB,Kimura,2,Michael Chiesa,Carlos Condit
Ilir Latifi,Corey Anderson,12/29/18,"Los Angeles, California, USA",Blue,Light Heavyweight,U-DEC,None,3,Corey Anderson,Ilir Latifi
Chad Mendes,Alexander Volkanovski,12/29/18,"Los Angeles, California, USA",Blue,Featherweight,KO/TKO,Punches,2,Alexander Volkanovski,Chad Mendes
Cat Zingano,Megan Anderson,12/29/18,"Los Angeles, California, USA",Blue,Women's Featherweight,KO/TKO,Kick,1,Megan Anderson,Cat Zingano
Douglas Silva de Andrade,Petr Yan,12/29/18,"Los Angeles, California, USA",Blue,Bantamweight,KO/TKO,None,2,Petr Yan,Douglas Silva de Andrade
BJ Penn,Ryan Hall,12/29/18,"Los Angeles, California, USA",Blue,Lightweight,SUB,Heel Hook,1,Ryan Hall,BJ Penn
Nathaniel Wood,Andre Ewell,12/29/18,"Los Angeles, California, USA",Red,Bantamweight,SUB,Rear Naked Choke,3,Nathaniel Wood,Andre Ewell
Uriah Hall,Bevon Lewis,12/29/18,"Los Angeles, California, USA",Red,Middleweight,KO/TKO,Punch,3,Uriah Hall,Bevon Lewis
Curtis Millender,Siyar Bahadurzada,12/29/18,"Los Angeles, California, USA",Red,Welterweight,U-DEC,None,3,Curtis Millender,Siyar Bahadurzada
Brian Kelleher,Montel Jackson,12/29/18,"Los Angeles, California, USA",Blue,Bantamweight,SUB,D'Arce Choke,1,Montel Jackson,Brian Kelleher
Kevin Lee,Al Iaquinta,12/15/18,"Milwaukee, Wisconsin, USA",Blue,Lightweight,U-DEC,None,5,Al Iaquinta,Kevin Lee
Edson Barboza,Dan Hooker,12/15/18,"Milwaukee, Wisconsin, USA",Red,Lightweight,KO/TKO,Punches,3,Edson Barboza,Dan Hooker
Rob Font,Sergio Pettis,12/15/18,"Milwaukee, Wisconsin, USA",Red,Bantamweight,U-DEC,None,3,Rob Font,Sergio Pettis
Jim Miller,Charles Oliveira,12/15/18,"Milwaukee, Wisconsin, USA",Blue,Lightweight,SUB,Rear Naked Choke,1,Charles Oliveira,Jim Miller
Zak Ottow,Dwight Grant,12/15/18,"Milwaukee, Wisconsin, USA",Red,Welterweight,S-DEC,None,3,Zak Ottow,Dwight Grant
Bobby Green,Drakkar Klose,12/15/18,"Milwaukee, Wisconsin, USA",Blue,Lightweight,U-DEC,None,3,Drakkar Klose,Bobby Green
Jared Gordon,Joaquim Silva,12/15/18,"Milwaukee, Wisconsin, USA",Blue,Lightweight,KO/TKO,Punches,3,Joaquim Silva,Jared Gordon
Gerald Meerschaert,Jack Hermansson,12/15/18,"Milwaukee, Wisconsin, USA",Blue,Middleweight,SUB,Guillotine Choke,1,Jack Hermansson,Gerald Meerschaert
Trevor Smith,Zak Cummings,12/15/18,"Milwaukee, Wisconsin, USA",Blue,Middleweight,U-DEC,None,3,Zak Cummings,Trevor Smith
Dan Ige,Jordan Griffin,12/15/18,"Milwaukee, Wisconsin, USA",Red,Featherweight,U-DEC,None,3,Dan Ige,Jordan Griffin
Adam Milstead,Mike Rodriguez,12/15/18,"Milwaukee, Wisconsin, USA",Blue,Light Heavyweight,KO/TKO,Knee,1,Mike Rodriguez,Adam Milstead
Chris de la Rocha,Juan Adams,12/15/18,"Milwaukee, Wisconsin, USA",Blue,Heavyweight,KO/TKO,Knee,3,Juan Adams,Chris de la Rocha
Max Holloway,Brian Ortega,12/8/18,"Toronto, Ontario, Canada",Red,Featherweight,KO/TKO,None,4,Max Holloway,Brian Ortega
Valentina Shevchenko,Joanna Jedrzejczyk,12/8/18,"Toronto, Ontario, Canada",Red,Women's Flyweight,U-DEC,None,5,Valentina Shevchenko,Joanna Jedrzejczyk
Alex Oliveira,Gunnar Nelson,12/8/18,"Toronto, Ontario, Canada",Blue,Welterweight,SUB,Rear Naked Choke,2,Gunnar Nelson,Alex Oliveira
Hakeem Dawodu,Kyle Bochniak,12/8/18,"Toronto, Ontario, Canada",Red,Featherweight,S-DEC,None,3,Hakeem Dawodu,Kyle Bochniak
Jimi Manuwa,Thiago Santos,12/8/18,"Toronto, Ontario, Canada",Blue,Light Heavyweight,KO/TKO,Punch,2,Thiago Santos,Jimi Manuwa
Claudia Gadelha,Nina Ansaroff,12/8/18,"Toronto, Ontario, Canada",Blue,Women's Strawweight,U-DEC,None,3,Nina Ansaroff,Claudia Gadelha
Olivier Aubin-Mercier,Gilbert Burns,12/8/18,"Toronto, Ontario, Canada",Blue,Lightweight,U-DEC,None,3,Gilbert Burns,Olivier Aubin-Mercier
Katlyn Chookagian,Jessica Eye,12/8/18,"Toronto, Ontario, Canada",Blue,Women's Flyweight,S-DEC,None,3,Jessica Eye,Katlyn Chookagian
Elias Theodorou,Eryk Anders,12/8/18,"Toronto, Ontario, Canada",Red,Middleweight,S-DEC,None,3,Elias Theodorou,Eryk Anders
Brad Katona,Matthew Lopez,12/8/18,"Toronto, Ontario, Canada",Red,Bantamweight,U-DEC,None,3,Brad Katona,Matthew Lopez
Chad Laprise,Dhiego Lima,12/8/18,"Toronto, Ontario, Canada",Blue,Welterweight,KO/TKO,Punch,1,Dhiego Lima,Chad Laprise
Diego Ferreira,Kyle Nelson,12/8/18,"Toronto, Ontario, Canada",Red,Lightweight,KO/TKO,Punches,2,Diego Ferreira,Kyle Nelson
Devin Clark,Aleksandar Rakic,12/8/18,"Toronto, Ontario, Canada",Blue,Light Heavyweight,KO/TKO,Spinning Back Fist,1,Aleksandar Rakic,Devin Clark
Junior Dos Santos,Tai Tuivasa,12/1/18,"Adelaide, South Australia, Australia",Red,Heavyweight,KO/TKO,Punches,2,Junior Dos Santos,Tai Tuivasa
Mauricio Rua,Tyson Pedro,12/1/18,"Adelaide, South Australia, Australia",Red,Light Heavyweight,KO/TKO,Punches,3,Mauricio Rua,Tyson Pedro
Mark Hunt,Justin Willis,12/1/18,"Adelaide, South Australia, Australia",Blue,Heavyweight,U-DEC,None,3,Justin Willis,Mark Hunt
Jake Matthews,Anthony Rocco Martin,12/1/18,"Adelaide, South Australia, Australia",Blue,Welterweight,SUB,Anaconda Choke,3,Anthony Rocco Martin,Jake Matthews
Suman Mokhtarian,Sodiq Yusuff,12/1/18,"Adelaide, South Australia, Australia",Blue,Featherweight,KO/TKO,Punches,1,Sodiq Yusuff,Suman Mokhtarian
Jimmy Crute,Paul Craig,12/1/18,"Adelaide, South Australia, Australia",Red,Light Heavyweight,SUB,Kimura,3,Jimmy Crute,Paul Craig
Yushin Okami,Aleksei Kunchenko,12/1/18,"Adelaide, South Australia, Australia",Blue,Welterweight,U-DEC,None,3,Aleksei Kunchenko,Yushin Okami
Wilson Reis,Ben Nguyen,12/1/18,"Adelaide, South Australia, Australia",Red,Flyweight,U-DEC,None,3,Wilson Reis,Ben Nguyen
Keita Nakamura,Salim Touahri,12/1/18,"Adelaide, South Australia, Australia",Red,Welterweight,S-DEC,None,3,Keita Nakamura,Salim Touahri
Elias Garcia,Kai Kara-France,12/1/18,"Adelaide, South Australia, Australia",Blue,Flyweight,U-DEC,None,3,Kai Kara-France,Elias Garcia
Mizuto Hirota,Christos Giagos,12/1/18,"Adelaide, South Australia, Australia",Blue,Lightweight,U-DEC,None,3,Christos Giagos,Mizuto Hirota
Alex Gorgees,Damir Ismagulov,12/1/18,"Adelaide, South Australia, Australia",Blue,Lightweight,U-DEC,None,3,Damir Ismagulov,Alex Gorgees
Rafael Dos Anjos,Kamaru Usman,11/30/18,"Las Vegas, Nevada, USA",Blue,Welterweight,U-DEC,None,5,Kamaru Usman,Rafael Dos Anjos
Juan Espino,Justin Frazier,11/30/18,"Las Vegas, Nevada, USA",Red,Heavyweight,SUB,Armbar,1,Juan Espino,Justin Frazier
Pannie Kianzad,Macy Chiasson,11/30/18,"Las Vegas, Nevada, USA",Blue,Women's Featherweight,SUB,Rear Naked Choke,2,Macy Chiasson,Pannie Kianzad
Pedro Munhoz,Bryan Caraway,11/30/18,"Las Vegas, Nevada, USA",Red,Bantamweight,KO/TKO,Kick,1,Pedro Munhoz,Bryan Caraway
Darren Stewart,Edmen Shahbazyan,11/30/18,"Las Vegas, Nevada, USA",Blue,Middleweight,S-DEC,None,3,Edmen Shahbazyan,Darren Stewart
Ji Yeon Kim,Antonina Shevchenko,11/30/18,"Las Vegas, Nevada, USA",Blue,Women's Flyweight,U-DEC,None,3,Antonina Shevchenko,Ji Yeon Kim
Rick Glenn,Kevin Aguilar,11/30/18,"Las Vegas, Nevada, USA",Blue,Featherweight,U-DEC,None,3,Kevin Aguilar,Rick Glenn
Joseph Benavidez,Alex Perez,11/30/18,"Las Vegas, Nevada, USA",Red,Flyweight,KO/TKO,Punches,1,Joseph Benavidez,Alex Perez
Maurice Greene,Michel Batista,11/30/18,"Las Vegas, Nevada, USA",Red,Heavyweight,SUB,Triangle Choke,1,Maurice Greene,Michel Batista
Julija Stoliarenko,Leah Letson,11/30/18,"Las Vegas, Nevada, USA",Blue,Women's Featherweight,S-DEC,None,3,Leah Letson,Julija Stoliarenko
Roosevelt Roberts,Darrell Horcher,11/30/18,"Las Vegas, Nevada, USA",Red,Lightweight,SUB,Guillotine Choke,1,Roosevelt Roberts,Darrell Horcher
Tim Means,Ricky Rainey,11/30/18,"Las Vegas, Nevada, USA",Red,Welterweight,KO/TKO,Punches,1,Tim Means,Ricky Rainey
Raoni Barcelos,Chris Gutierrez,11/30/18,"Las Vegas, Nevada, USA",Red,Bantamweight,SUB,Rear Naked Choke,2,Raoni Barcelos,Chris Gutierrez
Curtis Blaydes,Francis Ngannou,11/24/18,"Beijing, China",Blue,Heavyweight,KO/TKO,Punch,1,Francis Ngannou,Curtis Blaydes
Alistair Overeem,Sergei Pavlovich,11/24/18,"Beijing, China",Red,Heavyweight,KO/TKO,Punches,1,Alistair Overeem,Sergei Pavlovich
Song Yadong,Vince Morales,11/24/18,"Beijing, China",Red,Bantamweight,U-DEC,None,3,Song Yadong,Vince Morales
Li Jingliang,David Zawada,11/24/18,"Beijing, China",Red,Welterweight,,None,,Li Jingliang,David Zawada
Song Kenan,Alex Morono,11/24/18,"Beijing, China",Blue,Welterweight,,None,,Alex Morono,Song Kenan
Wu Yanan,Lauren Mueller,11/24/18,"Beijing, China",Red,Women's Flyweight,,None,,Wu Yanan,Lauren Mueller
Hu Yaozong,Rashad Coulter,11/24/18,"Beijing, China",Blue,Light Heavyweight,U-DEC,None,3,Rashad Coulter,Hu Yaozong
Weili Zhang,Jessica Aguilar,11/24/18,"Beijing, China",Red,Women's Strawweight,SUB,Armbar,1,Weili Zhang,Jessica Aguilar
Liu Pingyuan,Martin Day,11/24/18,"Beijing, China",Red,Bantamweight,S-DEC,None,3,Liu Pingyuan,Martin Day
Yan Xiaonan,Syuri Kondo,11/24/18,"Beijing, China",Red,Women's Strawweight,,None,,Yan Xiaonan,Syuri Kondo
Kevin Holland,John Phillips,11/24/18,"Beijing, China",Red,Middleweight,SUB,Rear Naked Choke,3,Kevin Holland,John Phillips
Su Mudaerji,Louis Smolka,11/24/18,"Beijing, China",Blue,Bantamweight,SUB,Armbar,2,Louis Smolka,Su Mudaerji
Neil Magny,Santiago Ponzinibbio,11/17/18,"Buenos Aires, Buenos Aires, Argentina",Blue,Welterweight,KO/TKO,Punch,4,Santiago Ponzinibbio,Neil Magny
Ricardo Lamas,Darren Elkins,11/17/18,"Buenos Aires, Buenos Aires, Argentina",Red,Featherweight,KO/TKO,Elbows,3,Ricardo Lamas,Darren Elkins
Khalil Rountree Jr.,Johnny Walker,11/17/18,"Buenos Aires, Buenos Aires, Argentina",Blue,Light Heavyweight,KO/TKO,Elbow,1,Johnny Walker,Khalil Rountree Jr.
Cezar Ferreira,Ian Heinisch,11/17/18,"Buenos Aires, Buenos Aires, Argentina",Blue,Middleweight,U-DEC,None,3,Ian Heinisch,Cezar Ferreira
Guido Cannetti,Marlon Vera,11/17/18,"Buenos Aires, Buenos Aires, Argentina",Blue,Bantamweight,SUB,Rear Naked Choke,2,Marlon Vera,Guido Cannetti
Cynthia Calvillo,Poliana Botelho,11/17/18,"Buenos Aires, Buenos Aires, Argentina",Red,Women's Strawweight,SUB,Rear Naked Choke,1,Cynthia Calvillo,Poliana Botelho
Michel Prazeres,Bartosz Fabinski,11/17/18,"Buenos Aires, Buenos Aires, Argentina",Red,Welterweight,SUB,Guillotine Choke,1,Michel Prazeres,Bartosz Fabinski
Alexandre Pantoja,Ulka Sasaki,11/17/18,"Buenos Aires, Buenos Aires, Argentina",Red,Flyweight,,None,,Alexandre Pantoja,Ulka Sasaki
Humberto Bandenay,Austin Arnett,11/17/18,"Buenos Aires, Buenos Aires, Argentina",Blue,Featherweight,U-DEC,None,3,Austin Arnett,Humberto Bandenay
Laureano Staropoli,Hector Aldana,11/17/18,"Buenos Aires, Buenos Aires, Argentina",Red,Welterweight,U-DEC,None,3,Laureano Staropoli,Hector Aldana
Devin Powell,Jesus Pinedo,11/17/18,"Buenos Aires, Buenos Aires, Argentina",Blue,Lightweight,U-DEC,None,3,Jesus Pinedo,Devin Powell
Nad Narimani,Anderson Dos Santos,11/17/18,"Buenos Aires, Buenos Aires, Argentina",Red,Featherweight,U-DEC,None,3,Nad Narimani,Anderson Dos Santos
Chan Sung Jung,Yair Rodriguez,11/10/18,"Denver, Colorado, USA",Blue,Featherweight,KO/TKO,Elbow,5,Yair Rodriguez,Chan Sung Jung
Donald Cerrone,Mike Perry,11/10/18,"Denver, Colorado, USA",Red,Welterweight,SUB,Armbar,1,Donald Cerrone,Mike Perry
Raquel Pennington,Germaine de Randamie,11/10/18,"Denver, Colorado, USA",Blue,Women's Bantamweight,U-DEC,None,3,Germaine de Randamie,Raquel Pennington
Beneil Dariush,Thiago Moises,11/10/18,"Denver, Colorado, USA",Red,Lightweight,U-DEC,None,3,Beneil Dariush,Thiago Moises
Maycee Barber,Hannah Cifers,11/10/18,"Denver, Colorado, USA",Red,Women's Strawweight,KO/TKO,Punches,2,Maycee Barber,Hannah Cifers
Michael Trizano,Luis Pena,11/10/18,"Denver, Colorado, USA",Red,Lightweight,S-DEC,None,3,Michael Trizano,Luis Pena
Ashley Yoder,Amanda Cooper,11/10/18,"Denver, Colorado, USA",Red,Women's Strawweight,S-DEC,None,3,Ashley Yoder,Amanda Cooper
Chas Skelly,Bobby Moffett,11/10/18,"Denver, Colorado, USA",Blue,Featherweight,Overturned,D'Arce Choke,2,Bobby Moffett,Chas Skelly
Davi Ramos,John Gunther,11/10/18,"Denver, Colorado, USA",Red,Lightweight,SUB,Rear Naked Choke,1,Davi Ramos,John Gunther
Devonte Smith,Julian Erosa,11/10/18,"Denver, Colorado, USA",Red,Lightweight,KO/TKO,Punches,1,Devonte Smith,Julian Erosa
Joseph Morales,Eric Shelton,11/10/18,"Denver, Colorado, USA",Blue,Flyweight,S-DEC,None,3,Eric Shelton,Joseph Morales
Mark De La Rosa,Joby Sanchez,11/10/18,"Denver, Colorado, USA",Red,Bantamweight,S-DEC,None,3,Mark De La Rosa,Joby Sanchez
Daniel Cormier,Derrick Lewis,11/3/18,"New York City, New York, USA",Red,Heavyweight,SUB,Rear Naked Choke,2,Daniel Cormier,Derrick Lewis
Chris Weidman,Jacare Souza,11/3/18,"New York City, New York, USA",Blue,Middleweight,KO/TKO,Punches,3,Jacare Souza,Chris Weidman
David Branch,Jared Cannonier,11/3/18,"New York City, New York, USA",Blue,Middleweight,KO/TKO,Punches,2,Jared Cannonier,David Branch
Karl Roberson,Jack Marshman,11/3/18,"New York City, New York, USA",Red,Middleweight,U-DEC,None,3,Karl Roberson,Jack Marshman
Derek Brunson,Israel Adesanya,11/3/18,"New York City, New York, USA",Blue,Middleweight,KO/TKO,Punches,1,Israel Adesanya,Derek Brunson
Jason Knight,Jordan Rinaldi,11/3/18,"New York City, New York, USA",Blue,Featherweight,U-DEC,None,3,Jordan Rinaldi,Jason Knight
Sijara Eubanks,Roxanne Modafferi,11/3/18,"New York City, New York, USA",Red,Women's Flyweight,U-DEC,None,3,Sijara Eubanks,Roxanne Modafferi
Julio Arce,Sheymon Moraes,11/3/18,"New York City, New York, USA",Blue,Featherweight,S-DEC,None,3,Sheymon Moraes,Julio Arce
Lyman Good,Ben Saunders,11/3/18,"New York City, New York, USA",Red,Welterweight,KO/TKO,Punches,1,Lyman Good,Ben Saunders
Shane Burgos,Kurt Holobaugh,11/3/18,"New York City, New York, USA",Red,Featherweight,SUB,Armbar,1,Shane Burgos,Kurt Holobaugh
Adam Wieczorek,Marcos Rogerio de Lima,11/3/18,"New York City, New York, USA",Blue,Heavyweight,U-DEC,None,3,Marcos Rogerio de Lima,Adam Wieczorek
Volkan Oezdemir,Anthony Smith,10/27/18,"Moncton, New Brunswick, Canada",Blue,Light Heavyweight,SUB,Rear Naked Choke,3,Anthony Smith,Volkan Oezdemir
Michael Johnson,Artem Lobov,10/27/18,"Moncton, New Brunswick, Canada",Red,Featherweight,U-DEC,None,3,Michael Johnson,Artem Lobov
Misha Cirkunov,Patrick Cummins,10/27/18,"Moncton, New Brunswick, Canada",Red,Light Heavyweight,SUB,Arm Triangle,1,Misha Cirkunov,Patrick Cummins
Andre Soukhamthath,Jonathan Martinez,10/27/18,"Moncton, New Brunswick, Canada",Red,Bantamweight,U-DEC,None,3,Andre Soukhamthath,Jonathan Martinez
Gian Villante,Ed Herman,10/27/18,"Moncton, New Brunswick, Canada",Red,Light Heavyweight,S-DEC,None,3,Gian Villante,Ed Herman
Alex Garcia,Court McGee,10/27/18,"Moncton, New Brunswick, Canada",Blue,Welterweight,U-DEC,None,3,Court McGee,Alex Garcia
Nordine Taleb,Sean Strickland,10/27/18,"Moncton, New Brunswick, Canada",Blue,Welterweight,KO/TKO,Punch,2,Sean Strickland,Nordine Taleb
Thibault Gouti,Nasrat Haqparast,10/27/18,"Moncton, New Brunswick, Canada",Blue,Lightweight,U-DEC,None,3,Nasrat Haqparast,Thibault Gouti
Calvin Kattar,Chris Fishgold,10/27/18,"Moncton, New Brunswick, Canada",Red,Featherweight,KO/TKO,Punch,1,Calvin Kattar,Chris Fishgold
Sarah Moras,Talita Bernardo,10/27/18,"Moncton, New Brunswick, Canada",Blue,Women's Bantamweight,U-DEC,None,3,Talita Bernardo,Sarah Moras
Te Edwards,Don Madge,10/27/18,"Moncton, New Brunswick, Canada",Blue,Lightweight,KO/TKO,Kick,2,Don Madge,Te Edwards
Arjan Bhullar,Marcelo Golm,10/27/18,"Moncton, New Brunswick, Canada",Red,Heavyweight,U-DEC,None,3,Arjan Bhullar,Marcelo Golm
Stevie Ray,Jessin Ayari,10/27/18,"Moncton, New Brunswick, Canada",Red,Lightweight,U-DEC,None,3,Stevie Ray,Jessin Ayari
Khabib Nurmagomedov,Conor McGregor,10/6/18,"Las Vegas, Nevada, USA",Red,Lightweight,SUB,Neck Crank,4,Khabib Nurmagomedov,Conor McGregor
Tony Ferguson,Anthony Pettis,10/6/18,"Las Vegas, Nevada, USA",Red,Lightweight,KO/TKO,None,2,Tony Ferguson,Anthony Pettis
Ovince Saint Preux,Dominick Reyes,10/6/18,"Las Vegas, Nevada, USA",Blue,Light Heavyweight,U-DEC,None,3,Dominick Reyes,Ovince Saint Preux
Derrick Lewis,Alexander Volkov,10/6/18,"Las Vegas, Nevada, USA",Red,Heavyweight,KO/TKO,Punches,3,Derrick Lewis,Alexander Volkov
Michelle Waterson,Felice Herrig,10/6/18,"Las Vegas, Nevada, USA",Red,Women's Strawweight,U-DEC,None,3,Michelle Waterson,Felice Herrig
Sergio Pettis,Jussier Formiga,10/6/18,"Las Vegas, Nevada, USA",Blue,Flyweight,U-DEC,None,3,Jussier Formiga,Sergio Pettis
Vicente Luque,Jalin Turner,10/6/18,"Las Vegas, Nevada, USA",Red,Welterweight,KO/TKO,Punches,1,Vicente Luque,Jalin Turner
Aspen Ladd,Tonya Evinger,10/6/18,"Las Vegas, Nevada, USA",Red,Women's Bantamweight,KO/TKO,Punches,1,Aspen Ladd,Tonya Evinger
Scott Holtzman,Alan Patrick,10/6/18,"Las Vegas, Nevada, USA",Red,Lightweight,KO/TKO,Elbows,3,Scott Holtzman,Alan Patrick
Lina Lansberg,Yana Kunitskaya,10/6/18,"Las Vegas, Nevada, USA",Blue,Women's Bantamweight,U-DEC,None,3,Yana Kunitskaya,Lina Lansberg
Gray Maynard,Nik Lentz,10/6/18,"Las Vegas, Nevada, USA",Blue,Lightweight,KO/TKO,Kick,2,Nik Lentz,Gray Maynard
Ryan LaFlare,Anthony Rocco Martin,10/6/18,"Las Vegas, Nevada, USA",Blue,Welterweight,KO/TKO,Kick,3,Anthony Rocco Martin,Ryan LaFlare
Thiago Santos,Eryk Anders,9/22/18,"Sao Paulo, Sao Paulo, Brazil",Red,Light Heavyweight,KO/TKO,None,3,Thiago Santos,Eryk Anders
Alex Oliveira,Carlo Pedersoli,9/22/18,"Sao Paulo, Sao Paulo, Brazil",Red,Welterweight,,None,,Alex Oliveira,Carlo Pedersoli
Sam Alvey,Rogerio Nogueira,9/22/18,"Sao Paulo, Sao Paulo, Brazil",Blue,Light Heavyweight,KO/TKO,Punch,2,Rogerio Nogueira,Sam Alvey
Renan Barao,Andre Ewell,9/22/18,"Sao Paulo, Sao Paulo, Brazil",Blue,Bantamweight,S-DEC,None,3,Andre Ewell,Renan Barao
Charles Oliveira,Christos Giagos,9/22/18,"Sao Paulo, Sao Paulo, Brazil",Red,Lightweight,SUB,Rear Naked Choke,2,Charles Oliveira,Christos Giagos
Francisco Trinaldo,Evan Dunham,9/22/18,"Sao Paulo, Sao Paulo, Brazil",Red,Lightweight,KO/TKO,Knee,2,Francisco Trinaldo,Evan Dunham
Luis Henrique,Ryan Spann,9/22/18,"Sao Paulo, Sao Paulo, Brazil",Blue,Light Heavyweight,U-DEC,None,3,Ryan Spann,Luis Henrique
Augusto Sakai,Chase Sherman,9/22/18,"Sao Paulo, Sao Paulo, Brazil",Red,Heavyweight,KO/TKO,Punches,3,Augusto Sakai,Chase Sherman
Sergio Moraes,Ben Saunders,9/22/18,"Sao Paulo, Sao Paulo, Brazil",Red,Welterweight,SUB,Arm Triangle,2,Sergio Moraes,Ben Saunders
Mayra Bueno Silva,Gillian Robertson,9/22/18,"Sao Paulo, Sao Paulo, Brazil",Red,Women's Flyweight,SUB,Armbar,1,Mayra Bueno Silva,Gillian Robertson
Thales Leites,Hector Lombard,9/22/18,"Sao Paulo, Sao Paulo, Brazil",Red,Middleweight,U-DEC,None,3,Thales Leites,Hector Lombard
Elizeu Zaleski dos Santos,Luigi Vendramini,9/22/18,"Sao Paulo, Sao Paulo, Brazil",Red,Welterweight,KO/TKO,Flying Knee,2,Elizeu Zaleski dos Santos,Luigi Vendramini
Livinha Souza,Alex Chambers,9/22/18,"Sao Paulo, Sao Paulo, Brazil",Red,Women's Strawweight,SUB,Guillotine Choke,1,Livinha Souza,Alex Chambers
Mark Hunt,Aleksei Oleinik,9/15/18,"Moscow, Moscow, Russia",Blue,Heavyweight,SUB,Rear Naked Choke,1,Aleksei Oleinik,Mark Hunt
Jan Blachowicz,Nikita Krylov,9/15/18,"Moscow, Moscow, Russia",Red,Light Heavyweight,SUB,Arm Triangle,2,Jan Blachowicz,Nikita Krylov
Andrei Arlovski,Shamil Abdurakhimov,9/15/18,"Moscow, Moscow, Russia",Blue,Heavyweight,U-DEC,None,3,Shamil Abdurakhimov,Andrei Arlovski
Aleksei Kunchenko,Thiago Alves,9/15/18,"Moscow, Moscow, Russia",Red,Welterweight,U-DEC,None,3,Aleksei Kunchenko,Thiago Alves
Khalid Murtazaliev,CB Dollaway,9/15/18,"Moscow, Moscow, Russia",Red,Middleweight,KO/TKO,Punches,2,Khalid Murtazaliev,CB Dollaway
Petr Yan,Jin Soo Son,9/15/18,"Moscow, Moscow, Russia",Red,Bantamweight,U-DEC,None,3,Petr Yan,Jin Soo Son
Rustam Khabilov,Kajan Johnson,9/15/18,"Moscow, Moscow, Russia",Red,Lightweight,S-DEC,None,3,Rustam Khabilov,Kajan Johnson
Mairbek Taisumov,Desmond Green,9/15/18,"Moscow, Moscow, Russia",Red,Lightweight,U-DEC,None,3,Mairbek Taisumov,Desmond Green
Magomed Ankalaev,Marcin Prachnio,9/15/18,"Moscow, Moscow, Russia",Red,Light Heavyweight,KO/TKO,Kick,1,Magomed Ankalaev,Marcin Prachnio
Adam Yandiev,Jordan Johnson,9/15/18,"Moscow, Moscow, Russia",Blue,Middleweight,SUB,Arm Triangle,2,Jordan Johnson,Adam Yandiev
Ramazan Emeev,Stefan Sekulic,9/15/18,"Moscow, Moscow, Russia",Red,Welterweight,U-DEC,None,3,Ramazan Emeev,Stefan Sekulic
Merab Dvalishvili,Terrion Ware,9/15/18,"Moscow, Moscow, Russia",Red,Bantamweight,U-DEC,None,3,Merab Dvalishvili,Terrion Ware
Tyron Woodley,Darren Till,9/8/18,"Dallas, Texas, USA",Red,Welterweight,SUB,D'Arce Choke,2,Tyron Woodley,Darren Till
Jessica Andrade,Karolina Kowalkiewicz,9/8/18,"Dallas, Texas, USA",Red,Women's Strawweight,KO/TKO,Punch,1,Jessica Andrade,Karolina Kowalkiewicz
Zabit Magomedsharipov,Brandon Davis,9/8/18,"Dallas, Texas, USA",Red,Featherweight,SUB,Kneebar,2,Zabit Magomedsharipov,Brandon Davis
Jimmie Rivera,John Dodson,9/8/18,"Dallas, Texas, USA",Red,Bantamweight,U-DEC,None,3,Jimmie Rivera,John Dodson
Abdul Razak Alhassan,Niko Price,9/8/18,"Dallas, Texas, USA",Red,Welterweight,KO/TKO,Punches,1,Abdul Razak Alhassan,Niko Price
Carla Esparza,Tatiana Suarez,9/8/18,"Dallas, Texas, USA",Blue,Women's Strawweight,KO/TKO,Punches,3,Tatiana Suarez,Carla Esparza
Aljamain Sterling,Cody Stamann,9/8/18,"Dallas, Texas, USA",Red,Bantamweight,SUB,Kneebar,2,Aljamain Sterling,Cody Stamann
Geoff Neal,Frank Camacho,9/8/18,"Dallas, Texas, USA",Red,Welterweight,KO/TKO,Kick,2,Geoff Neal,Frank Camacho
Charles Byrd,Darren Stewart,9/8/18,"Dallas, Texas, USA",Blue,Middleweight,KO/TKO,Elbow,2,Darren Stewart,Charles Byrd
Diego Sanchez,Craig White,9/8/18,"Dallas, Texas, USA",Red,Welterweight,U-DEC,None,3,Diego Sanchez,Craig White
Jim Miller,Alex White,9/8/18,"Dallas, Texas, USA",Red,Lightweight,SUB,Rear Naked Choke,1,Jim Miller,Alex White
Irene Aldana,Lucie Pudilova,9/8/18,"Dallas, Texas, USA",Red,Women's Bantamweight,S-DEC,None,3,Irene Aldana,Lucie Pudilova
Roberto Sanchez,Jarred Brooks,9/8/18,"Dallas, Texas, USA",Blue,Flyweight,,None,,Jarred Brooks,Roberto Sanchez
Justin Gaethje,James Vick,8/25/18,"Lincoln, Nebraska, USA",Red,Lightweight,KO/TKO,Punch,1,Justin Gaethje,James Vick
Michael Johnson,Andre Fili,8/25/18,"Lincoln, Nebraska, USA",Red,Featherweight,S-DEC,None,3,Michael Johnson,Andre Fili
Cortney Casey,Angela Hill,8/25/18,"Lincoln, Nebraska, USA",Red,Women's Strawweight,S-DEC,None,3,Cortney Casey,Angela Hill
Jake Ellenberger,Bryan Barberena,8/25/18,"Lincoln, Nebraska, USA",Blue,Welterweight,KO/TKO,Punch,1,Bryan Barberena,Jake Ellenberger
John Moraga,Deiveson Figueiredo,8/25/18,"Lincoln, Nebraska, USA",Blue,Flyweight,KO/TKO,Punch,2,Deiveson Figueiredo,John Moraga
Eryk Anders,Tim Williams,8/25/18,"Lincoln, Nebraska, USA",Red,Middleweight,KO/TKO,Kick,3,Eryk Anders,Tim Williams
James Krause,Warlley Alves,8/25/18,"Lincoln, Nebraska, USA",Red,Welterweight,KO/TKO,Flying Knee,2,James Krause,Warlley Alves
Cory Sandhagen,Iuri Alcantara,8/25/18,"Lincoln, Nebraska, USA",Red,Bantamweight,KO/TKO,Punches,2,Cory Sandhagen,Iuri Alcantara
Andrew Sanchez,Markus Perez,8/25/18,"Lincoln, Nebraska, USA",Red,Middleweight,U-DEC,None,3,Andrew Sanchez,Markus Perez
Mickey Gall,George Sullivan,8/25/18,"Lincoln, Nebraska, USA",Red,Welterweight,SUB,Rear Naked Choke,1,Mickey Gall,George Sullivan
Joanne Calderwood,Kalindra Faria,8/25/18,"Lincoln, Nebraska, USA",Red,Women's Flyweight,SUB,Armbar,1,Joanne Calderwood,Kalindra Faria
Drew Dober,Jon Tuck,8/25/18,"Lincoln, Nebraska, USA",Red,Lightweight,U-DEC,None,3,Drew Dober,Jon Tuck
Rani Yahya,Luke Sanders,8/25/18,"Lincoln, Nebraska, USA",Red,Bantamweight,SUB,Heel Hook,1,Rani Yahya,Luke Sanders
TJ Dillashaw,Cody Garbrandt,8/4/18,"Los Angeles, California, USA",Red,Bantamweight,KO/TKO,Punches,1,TJ Dillashaw,Cody Garbrandt
Demetrious Johnson,Henry Cejudo,8/4/18,"Los Angeles, California, USA",Blue,Flyweight,S-DEC,None,5,Henry Cejudo,Demetrious Johnson
Cub Swanson,Renato Moicano,8/4/18,"Los Angeles, California, USA",Blue,Featherweight,SUB,Rear Naked Choke,1,Renato Moicano,Cub Swanson
Polyana Viana,JJ Aldrich,8/4/18,"Los Angeles, California, USA",Blue,Women's Strawweight,U-DEC,None,3,JJ Aldrich,Polyana Viana
Thiago Santos,Kevin Holland,8/4/18,"Los Angeles, California, USA",Red,Middleweight,U-DEC,None,3,Thiago Santos,Kevin Holland
Pedro Munhoz,Brett Johns,8/4/18,"Los Angeles, California, USA",Red,Bantamweight,U-DEC,None,3,Pedro Munhoz,Brett Johns
Ricky Simon,Montel Jackson,8/4/18,"Los Angeles, California, USA",Red,Bantamweight,U-DEC,None,3,Ricky Simon,Montel Jackson
Ricardo Ramos,Kyung Ho Kang,8/4/18,"Los Angeles, California, USA",Red,Bantamweight,S-DEC,None,3,Ricardo Ramos,Kyung Ho Kang
Matt Sayles,Sheymon Moraes,8/4/18,"Los Angeles, California, USA",Blue,Featherweight,U-DEC,None,3,Sheymon Moraes,Matt Sayles
Alex Perez,Jose Torres,8/4/18,"Los Angeles, California, USA",Red,Flyweight,KO/TKO,Punches,1,Alex Perez,Jose Torres
Danielle Taylor,Weili Zhang,8/4/18,"Los Angeles, California, USA",Blue,Women's Strawweight,U-DEC,None,3,Weili Zhang,Danielle Taylor
Marlon Vera,Wuliji Buren,8/4/18,"Los Angeles, California, USA",Red,Bantamweight,KO/TKO,Punch,2,Marlon Vera,Wuliji Buren
Eddie Alvarez,Dustin Poirier,7/28/18,"Calgary, Alberta, Canada",Blue,Lightweight,KO/TKO,Punches,2,Dustin Poirier,Eddie Alvarez
Jose Aldo,Jeremy Stephens,7/28/18,"Calgary, Alberta, Canada",Red,Featherweight,KO/TKO,Punches,1,Jose Aldo,Jeremy Stephens
Joanna Jedrzejczyk,Tecia Torres,7/28/18,"Calgary, Alberta, Canada",Red,Women's Strawweight,U-DEC,None,3,Joanna Jedrzejczyk,Tecia Torres
Alexander Hernandez,Olivier Aubin-Mercier,7/28/18,"Calgary, Alberta, Canada",Red,Lightweight,U-DEC,None,3,Alexander Hernandez,Olivier Aubin-Mercier
Jordan Mein,Alex Morono,7/28/18,"Calgary, Alberta, Canada",Red,Welterweight,U-DEC,None,3,Jordan Mein,Alex Morono
Hakeem Dawodu,Austin Arnett,7/28/18,"Calgary, Alberta, Canada",Red,Featherweight,U-DEC,None,3,Hakeem Dawodu,Austin Arnett
Kajan Johnson,Islam Makhachev,7/28/18,"Calgary, Alberta, Canada",Blue,Lightweight,SUB,Armbar,1,Islam Makhachev,Kajan Johnson
Gadzhimurad Antigulov,Ion Cutelaba,7/28/18,"Calgary, Alberta, Canada",Blue,Light Heavyweight,KO/TKO,Elbows,1,Ion Cutelaba,Gadzhimurad Antigulov
John Makdessi,Ross Pearson,7/28/18,"Calgary, Alberta, Canada",Red,Lightweight,U-DEC,None,3,John Makdessi,Ross Pearson
Alexis Davis,Katlyn Chookagian,7/28/18,"Calgary, Alberta, Canada",Blue,Women's Flyweight,U-DEC,None,3,Katlyn Chookagian,Alexis Davis
Dustin Ortiz,Matheus Nicolau,7/28/18,"Calgary, Alberta, Canada",Red,Flyweight,,None,,Dustin Ortiz,Matheus Nicolau
Randa Markos,Nina Ansaroff,7/28/18,"Calgary, Alberta, Canada",Blue,Women's Strawweight,U-DEC,None,3,Nina Ansaroff,Randa Markos
Devin Powell,Alvaro Herrera,7/28/18,"Calgary, Alberta, Canada",Red,Lightweight,,None,,Devin Powell,Alvaro Herrera
Mauricio Rua,Anthony Smith,7/22/18,"Hamburg, Hamburg, Germany",Blue,Light Heavyweight,KO/TKO,Punches,1,Anthony Smith,Mauricio Rua
Glover Teixeira,Corey Anderson,7/22/18,"Hamburg, Hamburg, Germany",Blue,Light Heavyweight,U-DEC,None,3,Corey Anderson,Glover Teixeira
Vitor Miranda,Abu Azaitar,7/22/18,"Hamburg, Hamburg, Germany",Blue,Middleweight,U-DEC,None,3,Abu Azaitar,Vitor Miranda
Marcin Tybura,Stefan Struve,7/22/18,"Hamburg, Hamburg, Germany",Red,Heavyweight,U-DEC,None,3,Marcin Tybura,Stefan Struve
Danny Roberts,David Zawada,7/22/18,"Hamburg, Hamburg, Germany",Red,Welterweight,S-DEC,None,3,Danny Roberts,David Zawada
Nasrat Haqparast,Marc Diakiese,7/22/18,"Hamburg, Hamburg, Germany",Red,Lightweight,U-DEC,None,3,Nasrat Haqparast,Marc Diakiese
Nick Hein,Damir Hadzovic,7/22/18,"Hamburg, Hamburg, Germany",Blue,Lightweight,S-DEC,None,3,Damir Hadzovic,Nick Hein
Emil Meek,Bartosz Fabinski,7/22/18,"Hamburg, Hamburg, Germany",Blue,Welterweight,U-DEC,None,3,Bartosz Fabinski,Emil Meek
Khalid Taha,Nad Narimani,7/22/18,"Hamburg, Hamburg, Germany",Blue,Featherweight,U-DEC,None,3,Nad Narimani,Khalid Taha
Justin Ledet,Aleksandar Rakic,7/22/18,"Hamburg, Hamburg, Germany",Blue,Light Heavyweight,U-DEC,None,3,Aleksandar Rakic,Justin Ledet
Davey Grant,Manny Bermudez,7/22/18,"Hamburg, Hamburg, Germany",Blue,Bantamweight,SUB,Triangle Choke,1,Manny Bermudez,Davey Grant
Jeremy Kimball,Darko Stosic,7/22/18,"Hamburg, Hamburg, Germany",Blue,Light Heavyweight,KO/TKO,Elbows,1,Darko Stosic,Jeremy Kimball
Damian Stasiak,Liu Pingyuan,7/22/18,"Hamburg, Hamburg, Germany",Blue,Bantamweight,U-DEC,None,3,Liu Pingyuan,Damian Stasiak
Junior Dos Santos,Blagoy Ivanov,7/14/18,"Boise, Idaho, USA",Red,Heavyweight,U-DEC,None,5,Junior Dos Santos,Blagoy Ivanov
Sage Northcutt,Zak Ottow,7/14/18,"Boise, Idaho, USA",Red,Welterweight,KO/TKO,Punch,2,Sage Northcutt,Zak Ottow
Dennis Bermudez,Rick Glenn,7/14/18,"Boise, Idaho, USA",Blue,Featherweight,S-DEC,None,3,Rick Glenn,Dennis Bermudez
Randy Brown,Niko Price,7/14/18,"Boise, Idaho, USA",Blue,Welterweight,KO/TKO,Punch,2,Niko Price,Randy Brown
Myles Jury,Chad Mendes,7/14/18,"Boise, Idaho, USA",Blue,Featherweight,KO/TKO,Punch,1,Chad Mendes,Myles Jury
Cat Zingano,Marion Reneau,7/14/18,"Boise, Idaho, USA",Red,Women's Bantamweight,U-DEC,None,3,Cat Zingano,Marion Reneau
Eddie Wineland,Alejandro Perez,7/14/18,"Boise, Idaho, USA",Blue,Bantamweight,U-DEC,None,3,Alejandro Perez,Eddie Wineland
Darren Elkins,Alexander Volkanovski,7/14/18,"Boise, Idaho, USA",Blue,Featherweight,U-DEC,None,3,Alexander Volkanovski,Darren Elkins
Justin Scoggins,Said Nurmagomedov,7/14/18,"Boise, Idaho, USA",Blue,Flyweight,S-DEC,None,3,Said Nurmagomedov,Justin Scoggins
Kurt Holobaugh,Raoni Barcelos,7/14/18,"Boise, Idaho, USA",Blue,Featherweight,KO/TKO,Punch,3,Raoni Barcelos,Kurt Holobaugh
Liz Carmouche,Jennifer Maia,7/14/18,"Boise, Idaho, USA",Red,Women's Flyweight,U-DEC,None,3,Liz Carmouche,Jennifer Maia
Mark De La Rosa,Elias Garcia,7/14/18,"Boise, Idaho, USA",Red,Flyweight,SUB,Rear Naked Choke,2,Mark De La Rosa,Elias Garcia
Jessica Aguilar,Jodie Esquibel,7/14/18,"Boise, Idaho, USA",Red,Women's Strawweight,U-DEC,None,3,Jessica Aguilar,Jodie Esquibel
Stipe Miocic,Daniel Cormier,7/7/18,"Las Vegas, Nevada, USA",Blue,Heavyweight,KO/TKO,Punches,1,Daniel Cormier,Stipe Miocic
Francis Ngannou,Derrick Lewis,7/7/18,"Las Vegas, Nevada, USA",Blue,Heavyweight,U-DEC,None,3,Derrick Lewis,Francis Ngannou
Paul Felder,Mike Perry,7/7/18,"Las Vegas, Nevada, USA",Blue,Welterweight,S-DEC,None,3,Mike Perry,Paul Felder
Michael Chiesa,Anthony Pettis,7/7/18,"Las Vegas, Nevada, USA",Blue,Lightweight,SUB,Triangle Choke,2,Anthony Pettis,Michael Chiesa
Gokhan Saki,Khalil Rountree Jr.,7/7/18,"Las Vegas, Nevada, USA",Blue,Light Heavyweight,KO/TKO,Punches,1,Khalil Rountree Jr.,Gokhan Saki
Uriah Hall,Paulo Costa,7/7/18,"Las Vegas, Nevada, USA",Blue,Middleweight,KO/TKO,Punches,2,Paulo Costa,Uriah Hall
Raphael Assuncao,Rob Font,7/7/18,"Las Vegas, Nevada, USA",Red,Bantamweight,U-DEC,None,3,Raphael Assuncao,Rob Font
Lando Vannata,Drakkar Klose,7/7/18,"Las Vegas, Nevada, USA",Blue,Lightweight,U-DEC,None,3,Drakkar Klose,Lando Vannata
Curtis Millender,Max Griffin,7/7/18,"Las Vegas, Nevada, USA",Red,Welterweight,U-DEC,None,3,Curtis Millender,Max Griffin
Dan Hooker,Gilbert Burns,7/7/18,"Las Vegas, Nevada, USA",Red,Lightweight,KO/TKO,Punches,1,Dan Hooker,Gilbert Burns
Jamie Moyle,Emily Whitmire,7/7/18,"Las Vegas, Nevada, USA",Blue,Women's Strawweight,U-DEC,None,3,Emily Whitmire,Jamie Moyle
Brad Tavares,Israel Adesanya,7/6/18,"Las Vegas, Nevada, USA",Blue,Middleweight,U-DEC,None,5,Israel Adesanya,Brad Tavares
Michael Trizano,Joe Giannetti,7/6/18,"Las Vegas, Nevada, USA",Red,Lightweight,S-DEC,None,3,Michael Trizano,Joe Giannetti
Jay Cucciniello,Brad Katona,7/6/18,"Las Vegas, Nevada, USA",Blue,Featherweight,U-DEC,None,3,Brad Katona,Jay Cucciniello
Alex Caceres,Martin Bravo,7/6/18,"Las Vegas, Nevada, USA",Red,Featherweight,S-DEC,None,3,Alex Caceres,Martin Bravo
Roxanne Modafferi,Barb Honchak,7/6/18,"Las Vegas, Nevada, USA",Red,Women's Flyweight,KO/TKO,Elbows,2,Roxanne Modafferi,Barb Honchak
Alessio Di Chirico,Julian Marquez,7/6/18,"Las Vegas, Nevada, USA",Red,Middleweight,S-DEC,None,3,Alessio Di Chirico,Julian Marquez
Montana De La Rosa,Rachael Ostovich,7/6/18,"Las Vegas, Nevada, USA",Red,Women's Flyweight,SUB,Rear Naked Choke,3,Montana De La Rosa,Rachael Ostovich
Luis Pena,Richie Smullen,7/6/18,"Las Vegas, Nevada, USA",Red,Lightweight,SUB,Guillotine Choke,1,Luis Pena,Richie Smullen
John Gunther,Allan Zuniga,7/6/18,"Las Vegas, Nevada, USA",Red,Lightweight,M-DEC,None,3,John Gunther,Allan Zuniga
Tyler Diamond,Bryce Mitchell,7/6/18,"Las Vegas, Nevada, USA",Blue,Featherweight,M-DEC,None,3,Bryce Mitchell,Tyler Diamond
Matt Bessette,Steven Peterson,7/6/18,"Las Vegas, Nevada, USA",Blue,Featherweight,S-DEC,None,3,Steven Peterson,Matt Bessette
Gerald Meerschaert,Oskar Piechota,7/6/18,"Las Vegas, Nevada, USA",Red,Middleweight,SUB,Rear Naked Choke,2,Gerald Meerschaert,Oskar Piechota
Donald Cerrone,Leon Edwards,6/23/18,"Kallang, Singapore",Blue,Welterweight,U-DEC,None,5,Leon Edwards,Donald Cerrone
Ovince Saint Preux,Tyson Pedro,6/23/18,"Kallang, Singapore",Red,Light Heavyweight,SUB,Armbar,1,Ovince Saint Preux,Tyson Pedro
Jessica-Rose Clark,Jessica Eye,6/23/18,"Kallang, Singapore",Blue,Women's Flyweight,U-DEC,None,3,Jessica Eye,Jessica-Rose Clark
Li Jingliang,Daichi Abe,6/23/18,"Kallang, Singapore",Red,Welterweight,,None,,Li Jingliang,Daichi Abe
Teruto Ishihara,Petr Yan,6/23/18,"Kallang, Singapore",Blue,Bantamweight,KO/TKO,Punch,1,Petr Yan,Teruto Ishihara
Felipe Arantes,Song Yadong,6/23/18,"Kallang, Singapore",Blue,Bantamweight,KO/TKO,Elbow,2,Song Yadong,Felipe Arantes
Rolando Dy,Shane Young,6/23/18,"Kallang, Singapore",Blue,Featherweight,KO/TKO,Elbow,2,Shane Young,Rolando Dy
Song Kenan,Hector Aldana,6/23/18,"Kallang, Singapore",Red,Welterweight,,None,,Song Kenan,Hector Aldana
Shinsho Anzai,Jake Matthews,6/23/18,"Kallang, Singapore",Blue,Welterweight,SUB,Rear Naked Choke,1,Jake Matthews,Shinsho Anzai
Viviane Pereira,Yan Xiaonan,6/23/18,"Kallang, Singapore",Blue,Women's Strawweight,,None,,Yan Xiaonan,Viviane Pereira
Matt Schnell,Naoki Inoue,6/23/18,"Kallang, Singapore",Red,Flyweight,S-DEC,None,3,Matt Schnell,Naoki Inoue
Jenel Lausa,Ulka Sasaki,6/23/18,"Kallang, Singapore",Blue,Flyweight,,None,,Ulka Sasaki,Jenel Lausa
Ji Yeon Kim,Melinda Fabian,6/23/18,"Kallang, Singapore",Red,Women's Flyweight,S-DEC,None,3,Ji Yeon Kim,Melinda Fabian
Robert Whittaker,Yoel Romero,6/9/18,"Chicago, Illinois, USA",Red,Middleweight,S-DEC,None,5,Robert Whittaker,Yoel Romero
Rafael Dos Anjos,Colby Covington,6/9/18,"Chicago, Illinois, USA",Blue,Welterweight,U-DEC,None,5,Colby Covington,Rafael Dos Anjos
Holly Holm,Megan Anderson,6/9/18,"Chicago, Illinois, USA",Red,Women's Featherweight,U-DEC,None,3,Holly Holm,Megan Anderson
Andrei Arlovski,Tai Tuivasa,6/9/18,"Chicago, Illinois, USA",Blue,Heavyweight,U-DEC,None,3,Tai Tuivasa,Andrei Arlovski
CM Punk,Mike Jackson,6/9/18,"Chicago, Illinois, USA",Blue,Welterweight,U-DEC,None,3,Mike Jackson,CM Punk
Alistair Overeem,Curtis Blaydes,6/9/18,"Chicago, Illinois, USA",Blue,Heavyweight,KO/TKO,Elbows,3,Curtis Blaydes,Alistair Overeem
Claudia Gadelha,Carla Esparza,6/9/18,"Chicago, Illinois, USA",Red,Women's Strawweight,S-DEC,None,3,Claudia Gadelha,Carla Esparza
Ricardo Lamas,Mirsad Bektic,6/9/18,"Chicago, Illinois, USA",Blue,Featherweight,S-DEC,None,3,Mirsad Bektic,Ricardo Lamas
Rashad Coulter,Chris de la Rocha,6/9/18,"Chicago, Illinois, USA",Blue,Heavyweight,KO/TKO,Punches,2,Chris de la Rocha,Rashad Coulter
Rashad Evans,Anthony Smith,6/9/18,"Chicago, Illinois, USA",Blue,Light Heavyweight,KO/TKO,Knee,1,Anthony Smith,Rashad Evans
Joseph Benavidez,Sergio Pettis,6/9/18,"Chicago, Illinois, USA",Blue,Flyweight,S-DEC,None,3,Sergio Pettis,Joseph Benavidez
Clay Guida,Charles Oliveira,6/9/18,"Chicago, Illinois, USA",Blue,Lightweight,SUB,Guillotine Choke,1,Charles Oliveira,Clay Guida
Mike Santiago,Dan Ige,6/9/18,"Chicago, Illinois, USA",Blue,Featherweight,KO/TKO,Punches,1,Dan Ige,Mike Santiago
Jimmie Rivera,Marlon Moraes,6/1/18,"Utica, New York, USA",Blue,Bantamweight,KO/TKO,Kick,1,Marlon Moraes,Jimmie Rivera
Gregor Gillespie,Vinc Pichel,6/1/18,"Utica, New York, USA",Red,Lightweight,SUB,Arm Triangle,2,Gregor Gillespie,Vinc Pichel
Walt Harris,Daniel Spitz,6/1/18,"Utica, New York, USA",Red,Heavyweight,KO/TKO,Punches,2,Walt Harris,Daniel Spitz
Jake Ellenberger,Ben Saunders,6/1/18,"Utica, New York, USA",Blue,Welterweight,KO/TKO,Knee,1,Ben Saunders,Jake Ellenberger
Julio Arce,Daniel Teymur,6/1/18,"Utica, New York, USA",Red,Featherweight,SUB,Rear Naked Choke,3,Julio Arce,Daniel Teymur
Gian Villante,Sam Alvey,6/1/18,"Utica, New York, USA",Blue,Light Heavyweight,S-DEC,None,3,Sam Alvey,Gian Villante
Sijara Eubanks,Lauren Murphy,6/1/18,"Utica, New York, USA",Red,Women's Flyweight,U-DEC,None,3,Sijara Eubanks,Lauren Murphy
Nik Lentz,David Teymur,6/1/18,"Utica, New York, USA",Blue,Lightweight,U-DEC,None,3,David Teymur,Nik Lentz
Belal Muhammad,Chance Rencountre,6/1/18,"Utica, New York, USA",Red,Welterweight,U-DEC,None,3,Belal Muhammad,Chance Rencountre
Desmond Green,Gleison Tibau,6/1/18,"Utica, New York, USA",Red,Lightweight,U-DEC,None,3,Desmond Green,Gleison Tibau
Johnny Eduardo,Nathaniel Wood,6/1/18,"Utica, New York, USA",Blue,Bantamweight,SUB,D'Arce Choke,2,Nathaniel Wood,Johnny Eduardo
Jarred Brooks,Jose Torres,6/1/18,"Utica, New York, USA",Blue,Flyweight,KO/TKO,Punches,2,Jose Torres,Jarred Brooks
Stephen Thompson,Darren Till,5/27/18,"Liverpool, England, United Kingdom",Blue,Welterweight,U-DEC,None,5,Darren Till,Stephen Thompson
Neil Magny,Craig White,5/27/18,"Liverpool, England, United Kingdom",Red,Welterweight,KO/TKO,Knee,1,Neil Magny,Craig White
Arnold Allen,Mads Burnell,5/27/18,"Liverpool, England, United Kingdom",Red,Featherweight,SUB,Other - Choke,3,Arnold Allen,Mads Burnell
Jason Knight,Makwan Amirkhani,5/27/18,"Liverpool, England, United Kingdom",Blue,Featherweight,S-DEC,None,3,Makwan Amirkhani,Jason Knight
Claudio Silva,Nordine Taleb,5/27/18,"Liverpool, England, United Kingdom",Red,Welterweight,SUB,Rear Naked Choke,1,Claudio Silva,Nordine Taleb
Eric Spicely,Darren Stewart,5/27/18,"Liverpool, England, United Kingdom",Blue,Middleweight,KO/TKO,Punch,2,Darren Stewart,Eric Spicely
Daniel Kelly,Tom Breese,5/27/18,"Liverpool, England, United Kingdom",Blue,Middleweight,KO/TKO,Punch,1,Tom Breese,Daniel Kelly
Lina Lansberg,Gina Mazany,5/27/18,"Liverpool, England, United Kingdom",Red,Women's Bantamweight,U-DEC,None,3,Lina Lansberg,Gina Mazany
Bradley Scott,Carlo Pedersoli,5/27/18,"Liverpool, England, United Kingdom",Blue,Welterweight,,None,,Carlo Pedersoli,Bradley Scott
Gillian Robertson,Molly McCann,5/27/18,"Liverpool, England, United Kingdom",Red,Women's Flyweight,SUB,Rear Naked Choke,2,Gillian Robertson,Molly McCann
Elias Theodorou,Trevor Smith,5/27/18,"Liverpool, England, United Kingdom",Red,Middleweight,U-DEC,None,3,Elias Theodorou,Trevor Smith
Demian Maia,Kamaru Usman,5/19/18,"Santiago, Chile",Blue,Welterweight,U-DEC,None,5,Kamaru Usman,Demian Maia
Alexa Grasso,Tatiana Suarez,5/19/18,"Santiago, Chile",Blue,Women's Strawweight,SUB,Rear Naked Choke,1,Tatiana Suarez,Alexa Grasso
Jared Cannonier,Dominick Reyes,5/19/18,"Santiago, Chile",Blue,Light Heavyweight,KO/TKO,Punch,1,Dominick Reyes,Jared Cannonier
Diego Rivas,Guido Cannetti,5/19/18,"Santiago, Chile",Blue,Bantamweight,U-DEC,None,3,Guido Cannetti,Diego Rivas
Veronica Macedo,Andrea Lee,5/19/18,"Santiago, Chile",Blue,Women's Flyweight,U-DEC,None,3,Andrea Lee,Veronica Macedo
Vicente Luque,Chad Laprise,5/19/18,"Santiago, Chile",Red,Welterweight,KO/TKO,Punch,1,Vicente Luque,Chad Laprise
Zak Cummings,Michel Prazeres,5/19/18,"Santiago, Chile",Blue,Welterweight,S-DEC,None,3,Michel Prazeres,Zak Cummings
Brandon Moreno,Alexandre Pantoja,5/19/18,"Santiago, Chile",Blue,Flyweight,U-DEC,None,3,Alexandre Pantoja,Brandon Moreno
Poliana Botelho,Syuri Kondo,5/19/18,"Santiago, Chile",Red,Women's Strawweight,KO/TKO,Kick,1,Poliana Botelho,Syuri Kondo
Gabriel Benitez,Humberto Bandenay,5/19/18,"Santiago, Chile",Red,Featherweight,KO/TKO,Slam,1,Gabriel Benitez,Humberto Bandenay
Enrique Barzola,Brandon Davis,5/19/18,"Santiago, Chile",Red,Featherweight,U-DEC,None,3,Enrique Barzola,Brandon Davis
Henry Briones,Frankie Saenz,5/19/18,"Santiago, Chile",Blue,Bantamweight,U-DEC,None,3,Frankie Saenz,Henry Briones
Claudio Puelles,Felipe Silva,5/19/18,"Santiago, Chile",Red,Lightweight,SUB,Kneebar,3,Claudio Puelles,Felipe Silva
Amanda Nunes,Raquel Pennington,5/12/18,"Rio de Janeiro, Rio de Janeiro, Brazil",Red,Women's Bantamweight,KO/TKO,Punches,5,Amanda Nunes,Raquel Pennington
Jacare Souza,Kelvin Gastelum,5/12/18,"Rio de Janeiro, Rio de Janeiro, Brazil",Blue,Middleweight,S-DEC,None,3,Kelvin Gastelum,Jacare Souza
Mackenzie Dern,Amanda Cooper,5/12/18,"Rio de Janeiro, Rio de Janeiro, Brazil",Red,Women's Strawweight,SUB,Rear Naked Choke,1,Mackenzie Dern,Amanda Cooper
John Lineker,Brian Kelleher,5/12/18,"Rio de Janeiro, Rio de Janeiro, Brazil",Red,Bantamweight,KO/TKO,Punch,3,John Lineker,Brian Kelleher
Vitor Belfort,Lyoto Machida,5/12/18,"Rio de Janeiro, Rio de Janeiro, Brazil",Blue,Middleweight,KO/TKO,Kick,2,Lyoto Machida,Vitor Belfort
Cezar Ferreira,Karl Roberson,5/12/18,"Rio de Janeiro, Rio de Janeiro, Brazil",Red,Middleweight,SUB,Arm Triangle,1,Cezar Ferreira,Karl Roberson
Aleksei Oleinik,Junior Albini,5/12/18,"Rio de Janeiro, Rio de Janeiro, Brazil",Red,Heavyweight,SUB,Other - Choke,1,Aleksei Oleinik,Junior Albini
Davi Ramos,Nick Hein,5/12/18,"Rio de Janeiro, Rio de Janeiro, Brazil",Red,Lightweight,SUB,Rear Naked Choke,1,Davi Ramos,Nick Hein
Elizeu Zaleski dos Santos,Sean Strickland,5/12/18,"Rio de Janeiro, Rio de Janeiro, Brazil",Red,Welterweight,KO/TKO,Kick,1,Elizeu Zaleski dos Santos,Sean Strickland
Warlley Alves,Sultan Aliev,5/12/18,"Rio de Janeiro, Rio de Janeiro, Brazil",Red,Welterweight,KO/TKO,None,2,Warlley Alves,Sultan Aliev
Thales Leites,Jack Hermansson,5/12/18,"Rio de Janeiro, Rio de Janeiro, Brazil",Blue,Middleweight,KO/TKO,Punches,3,Jack Hermansson,Thales Leites
Alberto Mina,Ramazan Emeev,5/12/18,"Rio de Janeiro, Rio de Janeiro, Brazil",Blue,Welterweight,U-DEC,None,3,Ramazan Emeev,Alberto Mina
Markus Perez,James Bochnovic,5/12/18,"Rio de Janeiro, Rio de Janeiro, Brazil",Red,Middleweight,SUB,Rear Naked Choke,1,Markus Perez,James Bochnovic
Edson Barboza,Kevin Lee,4/21/18,"Atlantic City, New Jersey, USA",Blue,Lightweight,KO/TKO,None,5,Kevin Lee,Edson Barboza
Frankie Edgar,Cub Swanson,4/21/18,"Atlantic City, New Jersey, USA",Red,Featherweight,U-DEC,None,3,Frankie Edgar,Cub Swanson
Justin Willis,Chase Sherman,4/21/18,"Atlantic City, New Jersey, USA",Red,Heavyweight,U-DEC,None,3,Justin Willis,Chase Sherman
David Branch,Thiago Santos,4/21/18,"Atlantic City, New Jersey, USA",Red,Middleweight,KO/TKO,Punch,1,David Branch,Thiago Santos
Aljamain Sterling,Brett Johns,4/21/18,"Atlantic City, New Jersey, USA",Red,Bantamweight,U-DEC,None,3,Aljamain Sterling,Brett Johns
Jim Miller,Dan Hooker,4/21/18,"Atlantic City, New Jersey, USA",Blue,Lightweight,KO/TKO,Knee,1,Dan Hooker,Jim Miller
Ryan LaFlare,Alex Garcia,4/21/18,"Atlantic City, New Jersey, USA",Red,Welterweight,U-DEC,None,3,Ryan LaFlare,Alex Garcia
Merab Dvalishvili,Ricky Simon,4/21/18,"Atlantic City, New Jersey, USA",Blue,Bantamweight,KO/TKO,None,3,Ricky Simon,Merab Dvalishvili
Siyar Bahadurzada,Luan Chagas,4/21/18,"Atlantic City, New Jersey, USA",Red,Welterweight,KO/TKO,Kick,2,Siyar Bahadurzada,Luan Chagas
Corey Anderson,Patrick Cummins,4/21/18,"Atlantic City, New Jersey, USA",Red,Light Heavyweight,U-DEC,None,3,Corey Anderson,Patrick Cummins
Anthony Rocco Martin,Keita Nakamura,4/21/18,"Atlantic City, New Jersey, USA",Red,Welterweight,U-DEC,None,3,Anthony Rocco Martin,Keita Nakamura
Dustin Poirier,Justin Gaethje,4/14/18,"Glendale, Arizona, USA",Red,Lightweight,KO/TKO,Punch,4,Dustin Poirier,Justin Gaethje
Carlos Condit,Alex Oliveira,4/14/18,"Glendale, Arizona, USA",Blue,Welterweight,SUB,Guillotine Choke,2,Alex Oliveira,Carlos Condit
Israel Adesanya,Marvin Vettori,4/14/18,"Glendale, Arizona, USA",Red,Middleweight,S-DEC,None,3,Israel Adesanya,Marvin Vettori
Michelle Waterson,Cortney Casey,4/14/18,"Glendale, Arizona, USA",Red,Women's Strawweight,S-DEC,None,3,Michelle Waterson,Cortney Casey
Tim Boetsch,Antonio Carlos Junior,4/14/18,"Glendale, Arizona, USA",Blue,Middleweight,SUB,Rear Naked Choke,1,Antonio Carlos Junior,Tim Boetsch
Muslim Salikhov,Ricky Rainey,4/14/18,"Glendale, Arizona, USA",Red,Welterweight,KO/TKO,Punch,2,Muslim Salikhov,Ricky Rainey
Wilson Reis,John Moraga,4/14/18,"Glendale, Arizona, USA",Blue,Flyweight,U-DEC,None,3,John Moraga,Wilson Reis
Krzysztof Jotko,Brad Tavares,4/14/18,"Glendale, Arizona, USA",Blue,Middleweight,KO/TKO,Punch,3,Brad Tavares,Krzysztof Jotko
Gilbert Burns,Dan Moret,4/14/18,"Glendale, Arizona, USA",Red,Lightweight,KO/TKO,Punch,2,Gilbert Burns,Dan Moret
Shana Dobson,Lauren Mueller,4/14/18,"Glendale, Arizona, USA",Blue,Women's Flyweight,U-DEC,None,3,Lauren Mueller,Shana Dobson
Dhiego Lima,Yushin Okami,4/14/18,"Glendale, Arizona, USA",Blue,Welterweight,U-DEC,None,3,Yushin Okami,Dhiego Lima
Arjan Bhullar,Adam Wieczorek,4/14/18,"Glendale, Arizona, USA",Blue,Heavyweight,SUB,Omoplata,2,Adam Wieczorek,Arjan Bhullar
Matthew Lopez,Alejandro Perez,4/14/18,"Glendale, Arizona, USA",Blue,Bantamweight,KO/TKO,Punches,2,Alejandro Perez,Matthew Lopez
Luke Sanders,Patrick Williams,4/14/18,"Glendale, Arizona, USA",Red,Bantamweight,U-DEC,None,3,Luke Sanders,Patrick Williams
Khabib Nurmagomedov,Al Iaquinta,4/7/18,"Brooklyn, New York, USA",Red,Lightweight,U-DEC,None,5,Khabib Nurmagomedov,Al Iaquinta
Rose Namajunas,Joanna Jedrzejczyk,4/7/18,"Brooklyn, New York, USA",Red,Women's Strawweight,U-DEC,None,5,Rose Namajunas,Joanna Jedrzejczyk
Renato Moicano,Calvin Kattar,4/7/18,"Brooklyn, New York, USA",Red,Featherweight,U-DEC,None,3,Renato Moicano,Calvin Kattar
Zabit Magomedsharipov,Kyle Bochniak,4/7/18,"Brooklyn, New York, USA",Red,Featherweight,U-DEC,None,3,Zabit Magomedsharipov,Kyle Bochniak
Joe Lauzon,Chris Gruetzemacher,4/7/18,"Brooklyn, New York, USA",Blue,Lightweight,KO/TKO,None,2,Chris Gruetzemacher,Joe Lauzon
Karolina Kowalkiewicz,Felice Herrig,4/7/18,"Brooklyn, New York, USA",Red,Women's Strawweight,S-DEC,None,3,Karolina Kowalkiewicz,Felice Herrig
Evan Dunham,Olivier Aubin-Mercier,4/7/18,"Brooklyn, New York, USA",Blue,Lightweight,KO/TKO,Knees,1,Olivier Aubin-Mercier,Evan Dunham
Bec Rawlings,Ashlee Evans-Smith,4/7/18,"Brooklyn, New York, USA",Blue,Women's Flyweight,U-DEC,None,3,Ashlee Evans-Smith,Bec Rawlings
Devin Clark,Mike Rodriguez,4/7/18,"Brooklyn, New York, USA",Red,Light Heavyweight,U-DEC,None,3,Devin Clark,Mike Rodriguez
Fabricio Werdum,Alexander Volkov,3/17/18,"London, England, United Kingdom",Blue,Heavyweight,KO/TKO,Punch,4,Alexander Volkov,Fabricio Werdum
Jimi Manuwa,Jan Blachowicz,3/17/18,"London, England, United Kingdom",Blue,Light Heavyweight,U-DEC,None,3,Jan Blachowicz,Jimi Manuwa
Tom Duquesnoy,Terrion Ware,3/17/18,"London, England, United Kingdom",Red,Bantamweight,U-DEC,None,3,Tom Duquesnoy,Terrion Ware
Leon Edwards,Peter Sobotta,3/17/18,"London, England, United Kingdom",Red,Welterweight,KO/TKO,Punch,3,Leon Edwards,Peter Sobotta
John Phillips,Charles Byrd,3/17/18,"London, England, United Kingdom",Blue,Middleweight,SUB,Rear Naked Choke,1,Charles Byrd,John Phillips
Danny Roberts,Oliver Enkamp,3/17/18,"London, England, United Kingdom",Red,Welterweight,KO/TKO,Punch,1,Danny Roberts,Oliver Enkamp
Danny Henry,Hakeem Dawodu,3/17/18,"London, England, United Kingdom",Red,Featherweight,SUB,Guillotine Choke,1,Danny Henry,Hakeem Dawodu
Paul Craig,Magomed Ankalaev,3/17/18,"London, England, United Kingdom",Red,Light Heavyweight,SUB,Triangle Choke,3,Paul Craig,Magomed Ankalaev
Stevie Ray,Kajan Johnson,3/17/18,"London, England, United Kingdom",Blue,Lightweight,S-DEC,None,3,Kajan Johnson,Stevie Ray
Mark Godbeer,Dmitry Sosnovskiy,3/17/18,"London, England, United Kingdom",Blue,Heavyweight,SUB,Rear Naked Choke,2,Dmitry Sosnovskiy,Mark Godbeer
Cris Cyborg,Yana Kunitskaya,3/3/18,"Las Vegas, Nevada, USA",Red,Women's Featherweight,,None,,Cris Cyborg,Yana Kunitskaya
Frankie Edgar,Brian Ortega,3/3/18,"Las Vegas, Nevada, USA",Blue,Featherweight,KO/TKO,Punch,1,Brian Ortega,Frankie Edgar
Sean O'Malley,Andre Soukhamthath,3/3/18,"Las Vegas, Nevada, USA",Red,Bantamweight,U-DEC,None,3,Sean O'Malley,Andre Soukhamthath
Stefan Struve,Andrei Arlovski,3/3/18,"Las Vegas, Nevada, USA",Blue,Heavyweight,U-DEC,None,3,Andrei Arlovski,Stefan Struve
Cat Zingano,Ketlen Vieira,3/3/18,"Las Vegas, Nevada, USA",Blue,Women's Bantamweight,S-DEC,None,3,Ketlen Vieira,Cat Zingano
Ashley Yoder,Mackenzie Dern,3/3/18,"Las Vegas, Nevada, USA",Blue,Women's Strawweight,S-DEC,None,3,Mackenzie Dern,Ashley Yoder
Beneil Dariush,Alexander Hernandez,3/3/18,"Las Vegas, Nevada, USA",Blue,Lightweight,KO/TKO,Punch,1,Alexander Hernandez,Beneil Dariush
John Dodson,Pedro Munhoz,3/3/18,"Las Vegas, Nevada, USA",Red,Bantamweight,S-DEC,None,3,John Dodson,Pedro Munhoz
CB Dollaway,Hector Lombard,3/3/18,"Las Vegas, Nevada, USA",Red,Middleweight,DQ,None,1,CB Dollaway,Hector Lombard
Mike Pyle,Zak Ottow,3/3/18,"Las Vegas, Nevada, USA",Blue,Welterweight,KO/TKO,Punches,1,Zak Ottow,Mike Pyle
Bryan Caraway,Cody Stamann,3/3/18,"Las Vegas, Nevada, USA",Blue,Bantamweight,S-DEC,None,3,Cody Stamann,Bryan Caraway
Jordan Johnson,Adam Milstead,3/3/18,"Las Vegas, Nevada, USA",Red,Light Heavyweight,S-DEC,None,3,Jordan Johnson,Adam Milstead
Josh Emmett,Jeremy Stephens,2/24/18,"Orlando, Florida, USA",Blue,Featherweight,KO/TKO,Punch,2,Jeremy Stephens,Josh Emmett
Jessica Andrade,Tecia Torres,2/24/18,"Orlando, Florida, USA",Red,Women's Strawweight,U-DEC,None,3,Jessica Andrade,Tecia Torres
Ovince Saint Preux,Ilir Latifi,2/24/18,"Orlando, Florida, USA",Blue,Light Heavyweight,SUB,Guillotine Choke,1,Ilir Latifi,Ovince Saint Preux
Mike Perry,Max Griffin,2/24/18,"Orlando, Florida, USA",Blue,Welterweight,U-DEC,None,3,Max Griffin,Mike Perry
Renan Barao,Brian Kelleher,2/24/18,"Orlando, Florida, USA",Blue,Bantamweight,U-DEC,None,3,Brian Kelleher,Renan Barao
Sara McMann,Marion Reneau,2/24/18,"Orlando, Florida, USA",Blue,Women's Bantamweight,SUB,Triangle Choke,2,Marion Reneau,Sara McMann
Maryna Moroz,Angela Hill,2/24/18,"Orlando, Florida, USA",Blue,Women's Strawweight,U-DEC,None,3,Angela Hill,Maryna Moroz
Ben Saunders,Alan Jouban,2/24/18,"Orlando, Florida, USA",Blue,Welterweight,KO/TKO,Punch,2,Alan Jouban,Ben Saunders
Sam Alvey,Marcin Prachnio,2/24/18,"Orlando, Florida, USA",Red,Light Heavyweight,KO/TKO,Punch,1,Sam Alvey,Marcin Prachnio
Rani Yahya,Russell Doane,2/24/18,"Orlando, Florida, USA",Red,Bantamweight,SUB,Arm Triangle,3,Rani Yahya,Russell Doane
Eric Shelton,Alex Perez,2/24/18,"Orlando, Florida, USA",Blue,Flyweight,U-DEC,None,3,Alex Perez,Eric Shelton
Albert Morales,Manny Bermudez,2/24/18,"Orlando, Florida, USA",Blue,Bantamweight,SUB,Guillotine Choke,2,Manny Bermudez,Albert Morales
Donald Cerrone,Yancy Medeiros,2/18/18,"Austin, Texas, USA",Red,Welterweight,KO/TKO,Punch,1,Donald Cerrone,Yancy Medeiros
Derrick Lewis,Marcin Tybura,2/18/18,"Austin, Texas, USA",Red,Heavyweight,KO/TKO,Punch,3,Derrick Lewis,Marcin Tybura
James Vick,Francisco Trinaldo,2/18/18,"Austin, Texas, USA",Red,Lightweight,U-DEC,None,3,James Vick,Francisco Trinaldo
Thiago Alves,Curtis Millender,2/18/18,"Austin, Texas, USA",Blue,Welterweight,KO/TKO,Knee,2,Curtis Millender,Thiago Alves
Steven Peterson,Brandon Davis,2/18/18,"Austin, Texas, USA",Blue,Featherweight,U-DEC,None,3,Brandon Davis,Steven Peterson
Sage Northcutt,Thibault Gouti,2/18/18,"Austin, Texas, USA",Red,Lightweight,U-DEC,None,3,Sage Northcutt,Thibault Gouti
Jared Gordon,Diego Ferreira,2/18/18,"Austin, Texas, USA",Blue,Lightweight,KO/TKO,Punch,1,Diego Ferreira,Jared Gordon
Geoff Neal,Brian Camozzi,2/18/18,"Austin, Texas, USA",Red,Welterweight,SUB,Rear Naked Choke,1,Geoff Neal,Brian Camozzi
Roberto Sanchez,Joby Sanchez,2/18/18,"Austin, Texas, USA",Red,Flyweight,,None,,Roberto Sanchez,Joby Sanchez
Sarah Moras,Lucie Pudilova,2/18/18,"Austin, Texas, USA",Blue,Women's Bantamweight,U-DEC,None,3,Lucie Pudilova,Sarah Moras
Joshua Burkman,Alex Morono,2/18/18,"Austin, Texas, USA",Blue,Welterweight,SUB,Guillotine Choke,1,Alex Morono,Joshua Burkman
Oskar Piechota,Tim Williams,2/18/18,"Austin, Texas, USA",Red,Middleweight,KO/TKO,Punch,1,Oskar Piechota,Tim Williams
Yoel Romero,Luke Rockhold,2/10/18,"Perth, Western Australia, Australia",Red,Middleweight,KO/TKO,Punch,3,Yoel Romero,Luke Rockhold
Mark Hunt,Curtis Blaydes,2/10/18,"Perth, Western Australia, Australia",Blue,Heavyweight,U-DEC,None,3,Curtis Blaydes,Mark Hunt
Tai Tuivasa,Cyril Asker,2/10/18,"Perth, Western Australia, Australia",Red,Heavyweight,KO/TKO,Elbow,1,Tai Tuivasa,Cyril Asker
Jake Matthews,Li Jingliang,2/10/18,"Perth, Western Australia, Australia",Red,Welterweight,,None,,Jake Matthews,Li Jingliang
Tyson Pedro,Saparbeg Safarov,2/10/18,"Perth, Western Australia, Australia",Red,Light Heavyweight,SUB,Kimura,1,Tyson Pedro,Saparbeg Safarov
Damien Brown,Dong Hyun Ma,2/10/18,"Perth, Western Australia, Australia",Blue,Lightweight,S-DEC,None,3,Dong Hyun Ma,Damien Brown
Rob Wilkinson,Israel Adesanya,2/10/18,"Perth, Western Australia, Australia",Blue,Middleweight,KO/TKO,Punches,2,Israel Adesanya,Rob Wilkinson
Alexander Volkanovski,Jeremy Kennedy,2/10/18,"Perth, Western Australia, Australia",Red,Featherweight,KO/TKO,Punches,2,Alexander Volkanovski,Jeremy Kennedy
Jussier Formiga,Ben Nguyen,2/10/18,"Perth, Western Australia, Australia",Red,Flyweight,SUB,Rear Naked Choke,3,Jussier Formiga,Ben Nguyen
Ross Pearson,Mizuto Hirota,2/10/18,"Perth, Western Australia, Australia",Red,Lightweight,U-DEC,None,3,Ross Pearson,Mizuto Hirota
Teruto Ishihara,Jose Quinonez,2/10/18,"Perth, Western Australia, Australia",Blue,Bantamweight,U-DEC,None,3,Jose Quinonez,Teruto Ishihara
Luke Jumeau,Daichi Abe,2/10/18,"Perth, Western Australia, Australia",Red,Welterweight,U-DEC,None,3,Luke Jumeau,Daichi Abe
Lyoto Machida,Eryk Anders,2/3/18,"Belem, Para, Brazil",Red,Middleweight,S-DEC,None,5,Lyoto Machida,Eryk Anders
Valentina Shevchenko,Priscila Cachoeira,2/3/18,"Belem, Para, Brazil",Red,Women's Flyweight,SUB,Rear Naked Choke,2,Valentina Shevchenko,Priscila Cachoeira
Michel Prazeres,Desmond Green,2/3/18,"Belem, Para, Brazil",Red,Lightweight,U-DEC,None,3,Michel Prazeres,Desmond Green
Tim Johnson,Marcelo Golm,2/3/18,"Belem, Para, Brazil",Red,Heavyweight,,None,,Tim Johnson,Marcelo Golm
Douglas Silva de Andrade,Marlon Vera,2/3/18,"Belem, Para, Brazil",Red,Bantamweight,U-DEC,None,3,Douglas Silva de Andrade,Marlon Vera
Thiago Santos,Anthony Smith,2/3/18,"Belem, Para, Brazil",Red,Middleweight,KO/TKO,Kick,2,Thiago Santos,Anthony Smith
Sergio Moraes,Tim Means,2/3/18,"Belem, Para, Brazil",Red,Welterweight,S-DEC,None,3,Sergio Moraes,Tim Means
Alan Patrick,Damir Hadzovic,2/3/18,"Belem, Para, Brazil",Red,Lightweight,U-DEC,None,3,Alan Patrick,Damir Hadzovic
Maia Stevenson,Polyana Viana,2/3/18,"Belem, Para, Brazil",Blue,Women's Strawweight,SUB,Rear Naked Choke,1,Polyana Viana,Maia Stevenson
Iuri Alcantara,Joe Soto,2/3/18,"Belem, Para, Brazil",Red,Bantamweight,KO/TKO,Punches,1,Iuri Alcantara,Joe Soto
Deiveson Figueiredo,Joseph Morales,2/3/18,"Belem, Para, Brazil",Red,Flyweight,KO/TKO,Punches,2,Deiveson Figueiredo,Joseph Morales
Jacare Souza,Derek Brunson,1/27/18,"Charlotte, North Carolina, USA",Red,Middleweight,KO/TKO,Kick,1,Jacare Souza,Derek Brunson
Dennis Bermudez,Andre Fili,1/27/18,"Charlotte, North Carolina, USA",Blue,Featherweight,S-DEC,None,3,Andre Fili,Dennis Bermudez
Jordan Rinaldi,Gregor Gillespie,1/27/18,"Charlotte, North Carolina, USA",Blue,Lightweight,KO/TKO,Punches,1,Gregor Gillespie,Jordan Rinaldi
Drew Dober,Frank Camacho,1/27/18,"Charlotte, North Carolina, USA",Red,Welterweight,U-DEC,None,3,Drew Dober,Frank Camacho
Erik Koch,Bobby Green,1/27/18,"Charlotte, North Carolina, USA",Blue,Lightweight,U-DEC,None,3,Bobby Green,Erik Koch
Mirsad Bektic,Godofredo Pepey,1/27/18,"Charlotte, North Carolina, USA",Red,Featherweight,KO/TKO,Punch,1,Mirsad Bektic,Godofredo Pepey
Katlyn Chookagian,Mara Romero Borella,1/27/18,"Charlotte, North Carolina, USA",Red,Women's Flyweight,U-DEC,None,3,Katlyn Chookagian,Mara Romero Borella
Randa Markos,Juliana Lima,1/27/18,"Charlotte, North Carolina, USA",Red,Women's Strawweight,U-DEC,None,3,Randa Markos,Juliana Lima
Justine Kish,Ji Yeon Kim,1/27/18,"Charlotte, North Carolina, USA",Blue,Women's Flyweight,S-DEC,None,3,Ji Yeon Kim,Justine Kish
Vinc Pichel,Joaquim Silva,1/27/18,"Charlotte, North Carolina, USA",Red,Lightweight,U-DEC,None,3,Vinc Pichel,Joaquim Silva
Niko Price,George Sullivan,1/27/18,"Charlotte, North Carolina, USA",Red,Welterweight,SUB,Rear Naked Choke,2,Niko Price,George Sullivan
Austin Arnett,Cory Sandhagen,1/27/18,"Charlotte, North Carolina, USA",Blue,Featherweight,KO/TKO,Punches,2,Cory Sandhagen,Austin Arnett
Stipe Miocic,Francis Ngannou,1/20/18,"Boston, Massachusetts, USA",Red,Heavyweight,U-DEC,None,5,Stipe Miocic,Francis Ngannou
Daniel Cormier,Volkan Oezdemir,1/20/18,"Boston, Massachusetts, USA",Red,Light Heavyweight,KO/TKO,Punches,2,Daniel Cormier,Volkan Oezdemir
Calvin Kattar,Shane Burgos,1/20/18,"Boston, Massachusetts, USA",Red,Featherweight,KO/TKO,Punch,3,Calvin Kattar,Shane Burgos
Gian Villante,Francimar Barroso,1/20/18,"Boston, Massachusetts, USA",Red,Light Heavyweight,S-DEC,None,3,Gian Villante,Francimar Barroso
Thomas Almeida,Rob Font,1/20/18,"Boston, Massachusetts, USA",Blue,Bantamweight,KO/TKO,Kick,2,Rob Font,Thomas Almeida
Kyle Bochniak,Brandon Davis,1/20/18,"Boston, Massachusetts, USA",Red,Featherweight,U-DEC,None,3,Kyle Bochniak,Brandon Davis
Sabah Homasi,Abdul Razak Alhassan,1/20/18,"Boston, Massachusetts, USA",Blue,Welterweight,KO/TKO,Punch,1,Abdul Razak Alhassan,Sabah Homasi
Dustin Ortiz,Alexandre Pantoja,1/20/18,"Boston, Massachusetts, USA",Red,Flyweight,U-DEC,None,3,Dustin Ortiz,Alexandre Pantoja
Dan Ige,Julio Arce,1/20/18,"Boston, Massachusetts, USA",Blue,Featherweight,U-DEC,None,3,Julio Arce,Dan Ige
Matt Bessette,Enrique Barzola,1/20/18,"Boston, Massachusetts, USA",Blue,Featherweight,U-DEC,None,3,Enrique Barzola,Matt Bessette
Islam Makhachev,Gleison Tibau,1/20/18,"Boston, Massachusetts, USA",Red,Lightweight,KO/TKO,Punch,1,Islam Makhachev,Gleison Tibau
Jeremy Stephens,Dooho Choi,1/14/18,"St. Louis, Missouri, USA",Red,Featherweight,KO/TKO,Punch,2,Jeremy Stephens,Dooho Choi
Paige VanZant,Jessica-Rose Clark,1/14/18,"St. Louis, Missouri, USA",Blue,Women's Flyweight,U-DEC,None,3,Jessica-Rose Clark,Paige VanZant
Kamaru Usman,Emil Meek,1/14/18,"St. Louis, Missouri, USA",Red,Welterweight,U-DEC,None,3,Kamaru Usman,Emil Meek
Darren Elkins,Michael Johnson,1/14/18,"St. Louis, Missouri, USA",Red,Featherweight,SUB,Rear Naked Choke,2,Darren Elkins,Michael Johnson
James Krause,Alex White,1/14/18,"St. Louis, Missouri, USA",Red,Lightweight,U-DEC,None,3,James Krause,Alex White
Matt Frevola,Polo Reyes,1/14/18,"St. Louis, Missouri, USA",Blue,Lightweight,,None,,Polo Reyes,Matt Frevola
Talita Bernardo,Irene Aldana,1/14/18,"St. Louis, Missouri, USA",Blue,Women's Bantamweight,U-DEC,None,3,Irene Aldana,Talita Bernardo
Kyung Ho Kang,Guido Cannetti,1/14/18,"St. Louis, Missouri, USA",Red,Bantamweight,SUB,Triangle Choke,1,Kyung Ho Kang,Guido Cannetti
Kalindra Faria,Jessica Eye,1/14/18,"St. Louis, Missouri, USA",Blue,Women's Flyweight,S-DEC,None,3,Jessica Eye,Kalindra Faria
Danielle Taylor,JJ Aldrich,1/14/18,"St. Louis, Missouri, USA",Blue,Women's Strawweight,U-DEC,None,3,JJ Aldrich,Danielle Taylor
Mads Burnell,Mike Santiago,1/14/18,"St. Louis, Missouri, USA",Red,Featherweight,U-DEC,None,3,Mads Burnell,Mike Santiago
Cris Cyborg,Holly Holm,12/30/17,"Las Vegas, Nevada, USA",Red,Women's Featherweight,,None,,Cris Cyborg,Holly Holm
Khabib Nurmagomedov,Edson Barboza,12/30/17,"Las Vegas, Nevada, USA",Red,Lightweight,U-DEC,None,3,Khabib Nurmagomedov,Edson Barboza
Dan Hooker,Marc Diakiese,12/30/17,"Las Vegas, Nevada, USA",Red,Lightweight,SUB,Guillotine Choke,3,Dan Hooker,Marc Diakiese
Cynthia Calvillo,Carla Esparza,12/30/17,"Las Vegas, Nevada, USA",Blue,Women's Strawweight,U-DEC,None,3,Carla Esparza,Cynthia Calvillo
Carlos Condit,Neil Magny,12/30/17,"Las Vegas, Nevada, USA",Blue,Welterweight,U-DEC,None,3,Neil Magny,Carlos Condit
Myles Jury,Rick Glenn,12/30/17,"Las Vegas, Nevada, USA",Red,Featherweight,U-DEC,None,3,Myles Jury,Rick Glenn
Louis Smolka,Matheus Nicolau,12/30/17,"Las Vegas, Nevada, USA",Blue,Flyweight,,None,,Matheus Nicolau,Louis Smolka
Tim Elliott,Mark De La Rosa,12/30/17,"Las Vegas, Nevada, USA",Red,Bantamweight,SUB,Anaconda Choke,2,Tim Elliott,Mark De La Rosa
Robbie Lawler,Rafael Dos Anjos,12/16/17,"Winnipeg, Manitoba, Canada",Blue,Welterweight,U-DEC,None,5,Rafael Dos Anjos,Robbie Lawler
Ricardo Lamas,Josh Emmett,12/16/17,"Winnipeg, Manitoba, Canada",Blue,Featherweight,KO/TKO,Punch,1,Josh Emmett,Ricardo Lamas
Santiago Ponzinibbio,Mike Perry,12/16/17,"Winnipeg, Manitoba, Canada",Red,Welterweight,U-DEC,None,3,Santiago Ponzinibbio,Mike Perry
Glover Teixeira,Misha Cirkunov,12/16/17,"Winnipeg, Manitoba, Canada",Red,Light Heavyweight,KO/TKO,Punches,1,Glover Teixeira,Misha Cirkunov
Jared Cannonier,Jan Blachowicz,12/16/17,"Winnipeg, Manitoba, Canada",Blue,Light Heavyweight,U-DEC,None,3,Jan Blachowicz,Jared Cannonier
Julian Marquez,Darren Stewart,12/16/17,"Winnipeg, Manitoba, Canada",Red,Middleweight,SUB,Guillotine Choke,2,Julian Marquez,Darren Stewart
Chad Laprise,Galore Bofando,12/16/17,"Winnipeg, Manitoba, Canada",Red,Welterweight,KO/TKO,Punches,1,Chad Laprise,Galore Bofando
Nordine Taleb,Danny Roberts,12/16/17,"Winnipeg, Manitoba, Canada",Red,Welterweight,KO/TKO,Kick,1,Nordine Taleb,Danny Roberts
John Makdessi,Abel Trujillo,12/16/17,"Winnipeg, Manitoba, Canada",Red,Lightweight,U-DEC,None,3,John Makdessi,Abel Trujillo
Alessio Di Chirico,Oluwale Bamgbose,12/16/17,"Winnipeg, Manitoba, Canada",Red,Middleweight,KO/TKO,Knee,2,Alessio Di Chirico,Oluwale Bamgbose
Jordan Mein,Erick Silva,12/16/17,"Winnipeg, Manitoba, Canada",Red,Welterweight,U-DEC,None,3,Jordan Mein,Erick Silva
Cub Swanson,Brian Ortega,12/9/17,"Fresno, California, USA",Blue,Featherweight,SUB,Guillotine Choke,2,Brian Ortega,Cub Swanson
Jason Knight,Gabriel Benitez,12/9/17,"Fresno, California, USA",Blue,Featherweight,U-DEC,None,3,Gabriel Benitez,Jason Knight
Marlon Moraes,Aljamain Sterling,12/9/17,"Fresno, California, USA",Red,Bantamweight,KO/TKO,Knee,1,Marlon Moraes,Aljamain Sterling
Scott Holtzman,Darrell Horcher,12/9/17,"Fresno, California, USA",Red,Lightweight,U-DEC,None,3,Scott Holtzman,Darrell Horcher
Eryk Anders,Markus Perez,12/9/17,"Fresno, California, USA",Red,Middleweight,U-DEC,None,3,Eryk Anders,Markus Perez
Albert Morales,Benito Lopez,12/9/17,"Fresno, California, USA",Blue,Bantamweight,U-DEC,None,3,Benito Lopez,Albert Morales
Alexis Davis,Liz Carmouche,12/9/17,"Fresno, California, USA",Red,Women's Flyweight,S-DEC,None,3,Alexis Davis,Liz Carmouche
Luke Sanders,Andre Soukhamthath,12/9/17,"Fresno, California, USA",Blue,Bantamweight,KO/TKO,Punches,2,Andre Soukhamthath,Luke Sanders
Carls John De Tomas,Alex Perez,12/9/17,"Fresno, California, USA",Blue,Bantamweight,SUB,Anaconda Choke,2,Alex Perez,Carls John De Tomas
Frankie Saenz,Merab Dvalishvili,12/9/17,"Fresno, California, USA",Red,Bantamweight,S-DEC,None,3,Frankie Saenz,Merab Dvalishvili
Alejandro Perez,Iuri Alcantara,12/9/17,"Fresno, California, USA",Red,Bantamweight,U-DEC,None,3,Alejandro Perez,Iuri Alcantara
Chris Gruetzemacher,Davi Ramos,12/9/17,"Fresno, California, USA",Blue,Lightweight,SUB,Rear Naked Choke,3,Davi Ramos,Chris Gruetzemacher
Antonio Braga Neto,Trevin Giles,12/9/17,"Fresno, California, USA",Blue,Middleweight,KO/TKO,Punches,3,Trevin Giles,Antonio Braga Neto
Max Holloway,Jose Aldo,12/2/17,"Detroit, Michigan, USA",Red,Featherweight,KO/TKO,Punches,3,Max Holloway,Jose Aldo
Alistair Overeem,Francis Ngannou,12/2/17,"Detroit, Michigan, USA",Blue,Heavyweight,KO/TKO,Punch,1,Francis Ngannou,Alistair Overeem
Henry Cejudo,Sergio Pettis,12/2/17,"Detroit, Michigan, USA",Red,Flyweight,U-DEC,None,3,Henry Cejudo,Sergio Pettis
Eddie Alvarez,Justin Gaethje,12/2/17,"Detroit, Michigan, USA",Red,Lightweight,KO/TKO,Knee,3,Eddie Alvarez,Justin Gaethje
Tecia Torres,Michelle Waterson,12/2/17,"Detroit, Michigan, USA",Red,Women's Strawweight,U-DEC,None,3,Tecia Torres,Michelle Waterson
Charles Oliveira,Paul Felder,12/2/17,"Detroit, Michigan, USA",Blue,Lightweight,KO/TKO,Elbows,2,Paul Felder,Charles Oliveira
Alex Oliveira,Yancy Medeiros,12/2/17,"Detroit, Michigan, USA",Blue,Welterweight,KO/TKO,Punches,3,Yancy Medeiros,Alex Oliveira
David Teymur,Drakkar Klose,12/2/17,"Detroit, Michigan, USA",Red,Lightweight,U-DEC,None,3,David Teymur,Drakkar Klose
Felice Herrig,Cortney Casey,12/2/17,"Detroit, Michigan, USA",Red,Women's Strawweight,S-DEC,None,3,Felice Herrig,Cortney Casey
Amanda Cooper,Angela Magana,12/2/17,"Detroit, Michigan, USA",Red,Women's Strawweight,KO/TKO,Punches,2,Amanda Cooper,Angela Magana
Sabah Homasi,Abdul Razak Alhassan,12/2/17,"Detroit, Michigan, USA",Blue,Welterweight,KO/TKO,Punches,1,Abdul Razak Alhassan,Sabah Homasi
Jeremy Kimball,Dominick Reyes,12/2/17,"Detroit, Michigan, USA",Blue,Light Heavyweight,SUB,Rear Naked Choke,1,Dominick Reyes,Jeremy Kimball
Justin Willis,Allen Crowder,12/2/17,"Detroit, Michigan, USA",Red,Heavyweight,KO/TKO,Punch,1,Justin Willis,Allen Crowder
Nicco Montano,Roxanne Modafferi,12/1/17,"Las Vegas, Nevada, USA",Red,Women's Flyweight,U-DEC,None,5,Nicco Montano,Roxanne Modafferi
Sean O'Malley,Terrion Ware,12/1/17,"Las Vegas, Nevada, USA",Red,Bantamweight,U-DEC,None,3,Sean O'Malley,Terrion Ware
Barb Honchak,Lauren Murphy,12/1/17,"Las Vegas, Nevada, USA",Blue,Women's Flyweight,S-DEC,None,3,Lauren Murphy,Barb Honchak
Eric Spicely,Gerald Meerschaert,12/1/17,"Las Vegas, Nevada, USA",Blue,Middleweight,KO/TKO,Kick,2,Gerald Meerschaert,Eric Spicely
Joe Soto,Brett Johns,12/1/17,"Las Vegas, Nevada, USA",Blue,Bantamweight,SUB,Other - Lock,1,Brett Johns,Joe Soto
Christina Marks,Montana De La Rosa,12/1/17,"Las Vegas, Nevada, USA",Blue,Women's Flyweight,SUB,Armbar,1,Montana De La Rosa,Christina Marks
Andrew Sanchez,Ryan Janes,12/1/17,"Las Vegas, Nevada, USA",Blue,Middleweight,KO/TKO,Punch,3,Ryan Janes,Andrew Sanchez
Karine Gevorgyan,Rachael Ostovich,12/1/17,"Las Vegas, Nevada, USA",Blue,Women's Flyweight,SUB,Armbar,1,Rachael Ostovich,Karine Gevorgyan
Ariel Beck,Shana Dobson,12/1/17,"Las Vegas, Nevada, USA",Blue,Women's Flyweight,KO/TKO,Punch,2,Shana Dobson,Ariel Beck
Gillian Robertson,Emily Whitmire,12/1/17,"Las Vegas, Nevada, USA",Red,Women's Flyweight,SUB,Armbar,1,Gillian Robertson,Emily Whitmire
Michael Bisping,Kelvin Gastelum,11/25/17,"Shanghai, Hebei, China",Blue,Middleweight,KO/TKO,Punch,1,Kelvin Gastelum,Michael Bisping
Li Jingliang,Zak Ottow,11/25/17,"Shanghai, Hebei, China",Red,Welterweight,,None,,Li Jingliang,Zak Ottow
Wang Guan,Alex Caceres,11/25/17,"Shanghai, Hebei, China",Red,Featherweight,S-DEC,None,3,Wang Guan,Alex Caceres
Muslim Salikhov,Alex Garcia,11/25/17,"Shanghai, Hebei, China",Blue,Welterweight,SUB,Rear Naked Choke,2,Alex Garcia,Muslim Salikhov
Zabit Magomedsharipov,Sheymon Moraes,11/25/17,"Shanghai, Hebei, China",Red,Featherweight,SUB,Anaconda Choke,3,Zabit Magomedsharipov,Sheymon Moraes
Song Kenan,Bobby Nash,11/25/17,"Shanghai, Hebei, China",Red,Welterweight,,None,,Song Kenan,Bobby Nash
Kailin Curran,Yan Xiaonan,11/25/17,"Shanghai, Hebei, China",Blue,Women's Strawweight,,None,,Yan Xiaonan,Kailin Curran
Song Yadong,Bharat Kandare,11/25/17,"Shanghai, Hebei, China",Red,Featherweight,SUB,Guillotine Choke,1,Song Yadong,Bharat Kandare
Chase Sherman,Shamil Abdurakhimov,11/25/17,"Shanghai, Hebei, China",Blue,Heavyweight,KO/TKO,Punches,1,Shamil Abdurakhimov,Chase Sherman
Wu Yanan,Gina Mazany,11/25/17,"Shanghai, Hebei, China",Blue,Women's Bantamweight,,None,,Gina Mazany,Wu Yanan
Wuliji Buren,Rolando Dy,11/25/17,"Shanghai, Hebei, China",Blue,Featherweight,U-DEC,None,3,Rolando Dy,Wuliji Buren
Cyril Asker,Hu Yaozong,11/25/17,"Shanghai, Hebei, China",Red,Heavyweight,SUB,Rear Naked Choke,2,Cyril Asker,Hu Yaozong
Fabricio Werdum,Marcin Tybura,11/18/17,"Sydney, New South Wales, Australia",Red,Heavyweight,U-DEC,None,5,Fabricio Werdum,Marcin Tybura
Bec Rawlings,Jessica-Rose Clark,11/18/17,"Sydney, New South Wales, Australia",Blue,Women's Flyweight,S-DEC,None,3,Jessica-Rose Clark,Bec Rawlings
Tim Means,Belal Muhammad,11/18/17,"Sydney, New South Wales, Australia",Blue,Welterweight,S-DEC,None,3,Belal Muhammad,Tim Means
Jake Matthews,Bojan Velickovic,11/18/17,"Sydney, New South Wales, Australia",Red,Welterweight,S-DEC,None,3,Jake Matthews,Bojan Velickovic
Elias Theodorou,Daniel Kelly,11/18/17,"Sydney, New South Wales, Australia",Red,Middleweight,U-DEC,None,3,Elias Theodorou,Daniel Kelly
Alexander Volkanovski,Shane Young,11/18/17,"Sydney, New South Wales, Australia",Red,Catch Weight,U-DEC,None,3,Alexander Volkanovski,Shane Young
Ryan Benoit,Ashkan Mokhtarian,11/18/17,"Sydney, New South Wales, Australia",Red,Flyweight,KO/TKO,Kick,3,Ryan Benoit,Ashkan Mokhtarian
Nik Lentz,Will Brooks,11/18/17,"Sydney, New South Wales, Australia",Red,Lightweight,SUB,Guillotine Choke,2,Nik Lentz,Will Brooks
Rashad Coulter,Tai Tuivasa,11/18/17,"Sydney, New South Wales, Australia",Blue,Heavyweight,KO/TKO,Flying Knee,1,Tai Tuivasa,Rashad Coulter
Damien Brown,Frank Camacho,11/18/17,"Sydney, New South Wales, Australia",Blue,Lightweight,S-DEC,None,3,Frank Camacho,Damien Brown
Alex Chambers,Nadia Kassem,11/18/17,"Sydney, New South Wales, Australia",Blue,Women's Strawweight,U-DEC,None,3,Nadia Kassem,Alex Chambers
Jenel Lausa,Eric Shelton,11/18/17,"Sydney, New South Wales, Australia",Blue,Flyweight,U-DEC,None,3,Eric Shelton,Jenel Lausa
Anthony Hamilton,Adam Wieczorek,11/18/17,"Sydney, New South Wales, Australia",Blue,Heavyweight,U-DEC,None,3,Adam Wieczorek,Anthony Hamilton
Dustin Poirier,Anthony Pettis,11/11/17,"Norfolk, Virginia, USA",Red,Lightweight,KO/TKO,None,3,Dustin Poirier,Anthony Pettis
Matt Brown,Diego Sanchez,11/11/17,"Norfolk, Virginia, USA",Red,Welterweight,KO/TKO,Elbow,1,Matt Brown,Diego Sanchez
Junior Albini,Andrei Arlovski,11/11/17,"Norfolk, Virginia, USA",Blue,Heavyweight,U-DEC,None,3,Andrei Arlovski,Junior Albini
Nate Marquardt,Cezar Ferreira,11/11/17,"Norfolk, Virginia, USA",Blue,Middleweight,S-DEC,None,3,Cezar Ferreira,Nate Marquardt
Raphael Assuncao,Matthew Lopez,11/11/17,"Norfolk, Virginia, USA",Red,Bantamweight,KO/TKO,Punch,3,Raphael Assuncao,Matthew Lopez
Joe Lauzon,Clay Guida,11/11/17,"Norfolk, Virginia, USA",Blue,Lightweight,KO/TKO,Punch,1,Clay Guida,Joe Lauzon
John Dodson,Marlon Moraes,11/11/17,"Norfolk, Virginia, USA",Blue,Bantamweight,S-DEC,None,3,Marlon Moraes,John Dodson
Tatiana Suarez,Viviane Pereira,11/11/17,"Norfolk, Virginia, USA",Red,Women's Strawweight,U-DEC,None,3,Tatiana Suarez,Viviane Pereira
Sage Northcutt,Michel Quinones,11/11/17,"Norfolk, Virginia, USA",Red,Lightweight,U-DEC,None,3,Sage Northcutt,Michel Quinones
Angela Hill,Nina Ansaroff,11/11/17,"Norfolk, Virginia, USA",Blue,Women's Strawweight,U-DEC,None,3,Nina Ansaroff,Angela Hill
Court McGee,Sean Strickland,11/11/17,"Norfolk, Virginia, USA",Blue,Welterweight,U-DEC,None,3,Sean Strickland,Court McGee
Jake Collier,Marcel Fortuna,11/11/17,"Norfolk, Virginia, USA",Red,Light Heavyweight,U-DEC,None,3,Jake Collier,Marcel Fortuna
Darren Stewart,Karl Roberson,11/11/17,"Norfolk, Virginia, USA",Blue,Middleweight,SUB,Rear Naked Choke,1,Karl Roberson,Darren Stewart
Michael Bisping,Georges St-Pierre,11/4/17,"New York City, New York, USA",Blue,Middleweight,SUB,Rear Naked Choke,3,Georges St-Pierre,Michael Bisping
Cody Garbrandt,TJ Dillashaw,11/4/17,"New York City, New York, USA",Blue,Bantamweight,KO/TKO,Punch,2,TJ Dillashaw,Cody Garbrandt
Joanna Jedrzejczyk,Rose Namajunas,11/4/17,"New York City, New York, USA",Blue,Women's Strawweight,KO/TKO,Punch,1,Rose Namajunas,Joanna Jedrzejczyk
Stephen Thompson,Jorge Masvidal,11/4/17,"New York City, New York, USA",Red,Welterweight,U-DEC,None,3,Stephen Thompson,Jorge Masvidal
Johny Hendricks,Paulo Costa,11/4/17,"New York City, New York, USA",Blue,Middleweight,KO/TKO,Punches,2,Paulo Costa,Johny Hendricks
James Vick,Joe Duffy,11/4/17,"New York City, New York, USA",Red,Lightweight,KO/TKO,Punch,2,James Vick,Joe Duffy
Walt Harris,Mark Godbeer,11/4/17,"New York City, New York, USA",Blue,Heavyweight,DQ,None,1,Mark Godbeer,Walt Harris
Ovince Saint Preux,Corey Anderson,11/4/17,"New York City, New York, USA",Red,Light Heavyweight,KO/TKO,Kick,3,Ovince Saint Preux,Corey Anderson
Randy Brown,Mickey Gall,11/4/17,"New York City, New York, USA",Red,Welterweight,U-DEC,None,3,Randy Brown,Mickey Gall
Aleksei Oleinik,Curtis Blaydes,11/4/17,"New York City, New York, USA",Blue,Heavyweight,KO/TKO,None,2,Curtis Blaydes,Aleksei Oleinik
Aiemann Zahabi,Ricardo Ramos,11/4/17,"New York City, New York, USA",Blue,Bantamweight,KO/TKO,Elbow,3,Ricardo Ramos,Aiemann Zahabi
Derek Brunson,Lyoto Machida,10/28/17,"Sao Paulo, Sao Paulo, Brazil",Red,Middleweight,KO/TKO,Punch,1,Derek Brunson,Lyoto Machida
Demian Maia,Colby Covington,10/28/17,"Sao Paulo, Sao Paulo, Brazil",Blue,Welterweight,U-DEC,None,3,Colby Covington,Demian Maia
Pedro Munhoz,Rob Font,10/28/17,"Sao Paulo, Sao Paulo, Brazil",Red,Bantamweight,SUB,Guillotine Choke,1,Pedro Munhoz,Rob Font
Francisco Trinaldo,Jim Miller,10/28/17,"Sao Paulo, Sao Paulo, Brazil",Red,Lightweight,U-DEC,None,3,Francisco Trinaldo,Jim Miller
Thiago Santos,Jack Hermansson,10/28/17,"Sao Paulo, Sao Paulo, Brazil",Red,Middleweight,KO/TKO,Punch,1,Thiago Santos,Jack Hermansson
John Lineker,Marlon Vera,10/28/17,"Sao Paulo, Sao Paulo, Brazil",Red,Bantamweight,U-DEC,None,3,John Lineker,Marlon Vera
Vicente Luque,Niko Price,10/28/17,"Sao Paulo, Sao Paulo, Brazil",Red,Welterweight,SUB,D'Arce Choke,2,Vicente Luque,Niko Price
Antonio Carlos Junior,Jack Marshman,10/28/17,"Sao Paulo, Sao Paulo, Brazil",Red,Middleweight,SUB,Rear Naked Choke,1,Antonio Carlos Junior,Jack Marshman
Hacran Dias,Jared Gordon,10/28/17,"Sao Paulo, Sao Paulo, Brazil",Blue,Lightweight,U-DEC,None,3,Jared Gordon,Hacran Dias
Elizeu Zaleski dos Santos,Max Griffin,10/28/17,"Sao Paulo, Sao Paulo, Brazil",Red,Welterweight,U-DEC,None,3,Elizeu Zaleski dos Santos,Max Griffin
Deiveson Figueiredo,Jarred Brooks,10/28/17,"Sao Paulo, Sao Paulo, Brazil",Red,Flyweight,S-DEC,None,3,Deiveson Figueiredo,Jarred Brooks
Marcelo Golm,Christian Colombo,10/28/17,"Sao Paulo, Sao Paulo, Brazil",Red,Heavyweight,SUB,Rear Naked Choke,1,Marcelo Golm,Christian Colombo
Donald Cerrone,Darren Till,10/21/17,"Gdansk, Poland",Blue,Welterweight,KO/TKO,Punch,1,Darren Till,Donald Cerrone
Karolina Kowalkiewicz,Jodie Esquibel,10/21/17,"Gdansk, Poland",Red,Women's Strawweight,U-DEC,None,3,Karolina Kowalkiewicz,Jodie Esquibel
Jan Blachowicz,Devin Clark,10/21/17,"Gdansk, Poland",Red,Light Heavyweight,SUB,Rear Naked Choke,2,Jan Blachowicz,Devin Clark
Oskar Piechota,Jonathan Wilson,10/21/17,"Gdansk, Poland",Red,Middleweight,U-DEC,None,3,Oskar Piechota,Jonathan Wilson
Marcin Held,Nasrat Haqparast,10/21/17,"Gdansk, Poland",Red,Lightweight,U-DEC,None,3,Marcin Held,Nasrat Haqparast
Damian Stasiak,Brian Kelleher,10/21/17,"Gdansk, Poland",Blue,Bantamweight,KO/TKO,Punch,3,Brian Kelleher,Damian Stasiak
Sam Alvey,Ramazan Emeev,10/21/17,"Gdansk, Poland",Blue,Middleweight,U-DEC,None,3,Ramazan Emeev,Sam Alvey
Artem Lobov,Andre Fili,10/21/17,"Gdansk, Poland",Blue,Featherweight,U-DEC,None,3,Andre Fili,Artem Lobov
Salim Touahri,Warlley Alves,10/21/17,"Gdansk, Poland",Blue,Welterweight,U-DEC,None,3,Warlley Alves,Salim Touahri
Lina Lansberg,Aspen Ladd,10/21/17,"Gdansk, Poland",Blue,Women's Bantamweight,KO/TKO,Punches,2,Aspen Ladd,Lina Lansberg
Felipe Arantes,Josh Emmett,10/21/17,"Gdansk, Poland",Blue,Featherweight,U-DEC,None,3,Josh Emmett,Felipe Arantes
Tony Ferguson,Kevin Lee,10/7/17,"Las Vegas, Nevada, USA",Red,Lightweight,SUB,Triangle Choke,3,Tony Ferguson,Kevin Lee
Demetrious Johnson,Ray Borg,10/7/17,"Las Vegas, Nevada, USA",Red,Flyweight,SUB,Armbar,5,Demetrious Johnson,Ray Borg
Fabricio Werdum,Walt Harris,10/7/17,"Las Vegas, Nevada, USA",Red,Heavyweight,SUB,Armbar,1,Fabricio Werdum,Walt Harris
Mara Romero Borella,Kalindra Faria,10/7/17,"Las Vegas, Nevada, USA",Red,Women's Flyweight,SUB,Rear Naked Choke,1,Mara Romero Borella,Kalindra Faria
Tom Duquesnoy,Cody Stamann,10/7/17,"Las Vegas, Nevada, USA",Blue,Bantamweight,S-DEC,None,3,Cody Stamann,Tom Duquesnoy
Pearl Gonzalez,Poliana Botelho,10/7/17,"Las Vegas, Nevada, USA",Blue,Women's Strawweight,U-DEC,None,3,Poliana Botelho,Pearl Gonzalez
Matt Schnell,Marco Beltran,10/7/17,"Las Vegas, Nevada, USA",Red,Flyweight,U-DEC,None,3,Matt Schnell,Marco Beltran
John Moraga,Magomed Bibulatov,10/7/17,"Las Vegas, Nevada, USA",Red,Flyweight,KO/TKO,Punch,1,John Moraga,Magomed Bibulatov
Thales Leites,Brad Tavares,10/7/17,"Las Vegas, Nevada, USA",Blue,Middleweight,U-DEC,None,3,Brad Tavares,Thales Leites
Ovince Saint Preux,Yushin Okami,9/22/17,"Saitama, Saitama, Japan",Red,Light Heavyweight,SUB,Other - Choke,1,Ovince Saint Preux,Yushin Okami
Claudia Gadelha,Jessica Andrade,9/22/17,"Saitama, Saitama, Japan",Blue,Women's Strawweight,U-DEC,None,3,Jessica Andrade,Claudia Gadelha
Takanori Gomi,Dong Hyun Ma,9/22/17,"Saitama, Saitama, Japan",Blue,Lightweight,KO/TKO,Punch,1,Dong Hyun Ma,Takanori Gomi
Gokhan Saki,Henrique da Silva,9/22/17,"Saitama, Saitama, Japan",Red,Light Heavyweight,KO/TKO,Punch,1,Gokhan Saki,Henrique da Silva
Teruto Ishihara,Rolando Dy,9/22/17,"Saitama, Saitama, Japan",Red,Featherweight,U-DEC,None,3,Teruto Ishihara,Rolando Dy
Jussier Formiga,Ulka Sasaki,9/22/17,"Saitama, Saitama, Japan",Red,Flyweight,,None,,Jussier Formiga,Ulka Sasaki
Keita Nakamura,Alex Morono,9/22/17,"Saitama, Saitama, Japan",Red,Welterweight,S-DEC,None,3,Keita Nakamura,Alex Morono
Syuri Kondo,Chanmi Jeon,9/22/17,"Saitama, Saitama, Japan",Red,Women's Strawweight,,None,,Syuri Kondo,Chanmi Jeon
Shinsho Anzai,Luke Jumeau,9/22/17,"Saitama, Saitama, Japan",Red,Welterweight,U-DEC,None,3,Shinsho Anzai,Luke Jumeau
Daichi Abe,Hyun Gyu Lim,9/22/17,"Saitama, Saitama, Japan",Red,Welterweight,U-DEC,None,3,Daichi Abe,Hyun Gyu Lim
Luke Rockhold,David Branch,9/16/17,"Pittsburgh, Pennsylvania, USA",Red,Middleweight,KO/TKO,Punches,2,Luke Rockhold,David Branch
Mike Perry,Alex Reyes,9/16/17,"Pittsburgh, Pennsylvania, USA",Red,Welterweight,KO/TKO,Knee,1,Mike Perry,Alex Reyes
Hector Lombard,Anthony Smith,9/16/17,"Pittsburgh, Pennsylvania, USA",Blue,Middleweight,KO/TKO,Punches,3,Anthony Smith,Hector Lombard
Gregor Gillespie,Jason Gonzalez,9/16/17,"Pittsburgh, Pennsylvania, USA",Red,Lightweight,SUB,Arm Triangle,2,Gregor Gillespie,Jason Gonzalez
Kamaru Usman,Sergio Moraes,9/16/17,"Pittsburgh, Pennsylvania, USA",Red,Welterweight,KO/TKO,Punch,1,Kamaru Usman,Sergio Moraes
Justin Ledet,Zu Anyanwu,9/16/17,"Pittsburgh, Pennsylvania, USA",Red,Heavyweight,,None,,Justin Ledet,Zu Anyanwu
Anthony Rocco Martin,Olivier Aubin-Mercier,9/16/17,"Pittsburgh, Pennsylvania, USA",Blue,Lightweight,S-DEC,None,3,Olivier Aubin-Mercier,Anthony Rocco Martin
Anthony Hamilton,Daniel Spitz,9/16/17,"Pittsburgh, Pennsylvania, USA",Blue,Heavyweight,KO/TKO,Punches,1,Daniel Spitz,Anthony Hamilton
Krzysztof Jotko,Uriah Hall,9/16/17,"Pittsburgh, Pennsylvania, USA",Blue,Middleweight,KO/TKO,Punches,2,Uriah Hall,Krzysztof Jotko
Jason Saggo,Gilbert Burns,9/16/17,"Pittsburgh, Pennsylvania, USA",Blue,Lightweight,KO/TKO,Punch,2,Gilbert Burns,Jason Saggo
Amanda Nunes,Valentina Shevchenko,9/9/17,"Edmonton, Alberta, Canada",Red,Women's Bantamweight,S-DEC,None,5,Amanda Nunes,Valentina Shevchenko
Neil Magny,Rafael Dos Anjos,9/9/17,"Edmonton, Alberta, Canada",Blue,Welterweight,SUB,Arm Triangle,1,Rafael Dos Anjos,Neil Magny
Henry Cejudo,Wilson Reis,9/9/17,"Edmonton, Alberta, Canada",Red,Flyweight,KO/TKO,Punch,2,Henry Cejudo,Wilson Reis
Ilir Latifi,Tyson Pedro,9/9/17,"Edmonton, Alberta, Canada",Red,Light Heavyweight,U-DEC,None,3,Ilir Latifi,Tyson Pedro
Jeremy Stephens,Gilbert Melendez,9/9/17,"Edmonton, Alberta, Canada",Red,Featherweight,U-DEC,None,3,Jeremy Stephens,Gilbert Melendez
Sara McMann,Ketlen Vieira,9/9/17,"Edmonton, Alberta, Canada",Blue,Women's Bantamweight,SUB,Arm Triangle,2,Ketlen Vieira,Sara McMann
Sarah Moras,Ashlee Evans-Smith,9/9/17,"Edmonton, Alberta, Canada",Red,Women's Bantamweight,SUB,Armbar,1,Sarah Moras,Ashlee Evans-Smith
Gavin Tucker,Rick Glenn,9/9/17,"Edmonton, Alberta, Canada",Blue,Featherweight,U-DEC,None,3,Rick Glenn,Gavin Tucker
Mitch Clarke,Alex White,9/9/17,"Edmonton, Alberta, Canada",Blue,Lightweight,KO/TKO,Punch,2,Alex White,Mitch Clarke
Luis Henrique,Arjan Bhullar,9/9/17,"Edmonton, Alberta, Canada",Blue,Heavyweight,U-DEC,None,3,Arjan Bhullar,Luis Henrique
Kajan Johnson,Adriano Martins,9/9/17,"Edmonton, Alberta, Canada",Red,Lightweight,KO/TKO,Punch,3,Kajan Johnson,Adriano Martins
Alexander Volkov,Stefan Struve,9/2/17,"Rotterdam, Zuid-Holland, Netherlands",Red,Heavyweight,KO/TKO,Punch,3,Alexander Volkov,Stefan Struve
Siyar Bahadurzada,Rob Wilkinson,9/2/17,"Rotterdam, Zuid-Holland, Netherlands",Red,Middleweight,KO/TKO,Punch,2,Siyar Bahadurzada,Rob Wilkinson
Marion Reneau,Talita Bernardo,9/2/17,"Rotterdam, Zuid-Holland, Netherlands",Red,Women's Bantamweight,KO/TKO,Punches,3,Marion Reneau,Talita Bernardo
Leon Edwards,Bryan Barberena,9/2/17,"Rotterdam, Zuid-Holland, Netherlands",Red,Welterweight,U-DEC,None,3,Leon Edwards,Bryan Barberena
Darren Till,Bojan Velickovic,9/2/17,"Rotterdam, Zuid-Holland, Netherlands",Red,Welterweight,U-DEC,None,3,Darren Till,Bojan Velickovic
Mairbek Taisumov,Felipe Silva,9/2/17,"Rotterdam, Zuid-Holland, Netherlands",Red,Lightweight,KO/TKO,Punch,1,Mairbek Taisumov,Felipe Silva
Michel Prazeres,Mads Burnell,9/2/17,"Rotterdam, Zuid-Holland, Netherlands",Red,Lightweight,SUB,North-South Choke,3,Michel Prazeres,Mads Burnell
Rustam Khabilov,Desmond Green,9/2/17,"Rotterdam, Zuid-Holland, Netherlands",Red,Lightweight,U-DEC,None,3,Rustam Khabilov,Desmond Green
Francimar Barroso,Aleksandar Rakic,9/2/17,"Rotterdam, Zuid-Holland, Netherlands",Blue,Light Heavyweight,U-DEC,None,3,Aleksandar Rakic,Francimar Barroso
Mike Santiago,Zabit Magomedsharipov,9/2/17,"Rotterdam, Zuid-Holland, Netherlands",Blue,Featherweight,SUB,Rear Naked Choke,2,Zabit Magomedsharipov,Mike Santiago
Bojan Mihajlovic,Abdul-Kerim Edilov,9/2/17,"Rotterdam, Zuid-Holland, Netherlands",Blue,Light Heavyweight,KO/TKO,Punches,2,Abdul-Kerim Edilov,Bojan Mihajlovic
Thibault Gouti,Andrew Holbrook,9/2/17,"Rotterdam, Zuid-Holland, Netherlands",Red,Lightweight,KO/TKO,Punches,1,Thibault Gouti,Andrew Holbrook
Sergio Pettis,Brandon Moreno,8/5/17,"Mexico City, Distrito Federal, Mexico",Red,Flyweight,U-DEC,None,5,Sergio Pettis,Brandon Moreno
Randa Markos,Alexa Grasso,8/5/17,"Mexico City, Distrito Federal, Mexico",Blue,Women's Strawweight,S-DEC,None,3,Alexa Grasso,Randa Markos
Alan Jouban,Niko Price,8/5/17,"Mexico City, Distrito Federal, Mexico",Blue,Welterweight,KO/TKO,Punch,1,Niko Price,Alan Jouban
Martin Bravo,Humberto Bandenay,8/5/17,"Mexico City, Distrito Federal, Mexico",Blue,Featherweight,KO/TKO,Kick,1,Humberto Bandenay,Martin Bravo
Sam Alvey,Rashad Evans,8/5/17,"Mexico City, Distrito Federal, Mexico",Red,Middleweight,S-DEC,None,3,Sam Alvey,Rashad Evans
Alejandro Perez,Andre Soukhamthath,8/5/17,"Mexico City, Distrito Federal, Mexico",Red,Bantamweight,S-DEC,None,3,Alejandro Perez,Andre Soukhamthath
Bradley Scott,Jack Hermansson,8/5/17,"Mexico City, Distrito Federal, Mexico",Blue,Middleweight,,None,,Jack Hermansson,Bradley Scott
Dustin Ortiz,Hector Sandoval,8/5/17,"Mexico City, Distrito Federal, Mexico",Red,Flyweight,KO/TKO,Punch,1,Dustin Ortiz,Hector Sandoval
Henry Briones,Rani Yahya,8/5/17,"Mexico City, Distrito Federal, Mexico",Blue,Bantamweight,SUB,Kimura,1,Rani Yahya,Henry Briones
Jose Quinonez,Diego Rivas,8/5/17,"Mexico City, Distrito Federal, Mexico",Red,Bantamweight,U-DEC,None,3,Jose Quinonez,Diego Rivas
Joseph Morales,Roberto Sanchez,8/5/17,"Mexico City, Distrito Federal, Mexico",Red,Flyweight,,None,,Joseph Morales,Roberto Sanchez
Alvaro Herrera,Jordan Rinaldi,8/5/17,"Mexico City, Distrito Federal, Mexico",Blue,Lightweight,,None,,Jordan Rinaldi,Alvaro Herrera
Tyron Woodley,Demian Maia,7/29/17,"Anaheim, California, USA",Red,Welterweight,U-DEC,None,5,Tyron Woodley,Demian Maia
Cris Cyborg,Tonya Evinger,7/29/17,"Anaheim, California, USA",Red,Women's Featherweight,,None,,Cris Cyborg,Tonya Evinger
Robbie Lawler,Donald Cerrone,7/29/17,"Anaheim, California, USA",Red,Welterweight,U-DEC,None,3,Robbie Lawler,Donald Cerrone
Jimi Manuwa,Volkan Oezdemir,7/29/17,"Anaheim, California, USA",Blue,Light Heavyweight,KO/TKO,Punches,1,Volkan Oezdemir,Jimi Manuwa
Ricardo Lamas,Jason Knight,7/29/17,"Anaheim, California, USA",Red,Featherweight,KO/TKO,Punches,1,Ricardo Lamas,Jason Knight
Aljamain Sterling,Renan Barao,7/29/17,"Anaheim, California, USA",Red,Catch Weight,U-DEC,None,3,Aljamain Sterling,Renan Barao
Brian Ortega,Renato Moicano,7/29/17,"Anaheim, California, USA",Red,Featherweight,SUB,Guillotine Choke,3,Brian Ortega,Renato Moicano
Andre Fili,Calvin Kattar,7/29/17,"Anaheim, California, USA",Blue,Featherweight,U-DEC,None,3,Calvin Kattar,Andre Fili
Kailin Curran,Alexandra Albu,7/29/17,"Anaheim, California, USA",Blue,Women's Strawweight,,None,,Alexandra Albu,Kailin Curran
Eric Shelton,Jarred Brooks,7/29/17,"Anaheim, California, USA",Blue,Flyweight,S-DEC,None,3,Jarred Brooks,Eric Shelton
Joshua Burkman,Drew Dober,7/29/17,"Anaheim, California, USA",Blue,Lightweight,KO/TKO,Punch,1,Drew Dober,Joshua Burkman
Chris Weidman,Kelvin Gastelum,7/22/17,"Uniondale, New York, USA",Red,Middleweight,SUB,Arm Triangle,3,Chris Weidman,Kelvin Gastelum
Dennis Bermudez,Darren Elkins,7/22/17,"Uniondale, New York, USA",Blue,Featherweight,S-DEC,None,3,Darren Elkins,Dennis Bermudez
Patrick Cummins,Gian Villante,7/22/17,"Uniondale, New York, USA",Red,Light Heavyweight,S-DEC,None,3,Patrick Cummins,Gian Villante
Jimmie Rivera,Thomas Almeida,7/22/17,"Uniondale, New York, USA",Red,Bantamweight,U-DEC,None,3,Jimmie Rivera,Thomas Almeida
Lyman Good,Elizeu Zaleski dos Santos,7/22/17,"Uniondale, New York, USA",Blue,Welterweight,S-DEC,None,3,Elizeu Zaleski dos Santos,Lyman Good
Rafael Natal,Eryk Anders,7/22/17,"Uniondale, New York, USA",Blue,Middleweight,KO/TKO,Punch,1,Eryk Anders,Rafael Natal
Ryan LaFlare,Alex Oliveira,7/22/17,"Uniondale, New York, USA",Blue,Welterweight,KO/TKO,Punch,2,Alex Oliveira,Ryan LaFlare
Damian Grabowski,Chase Sherman,7/22/17,"Uniondale, New York, USA",Blue,Heavyweight,U-DEC,None,3,Chase Sherman,Damian Grabowski
Kyle Bochniak,Jeremy Kennedy,7/22/17,"Uniondale, New York, USA",Blue,Featherweight,U-DEC,None,3,Jeremy Kennedy,Kyle Bochniak
Brian Kelleher,Marlon Vera,7/22/17,"Uniondale, New York, USA",Blue,Bantamweight,SUB,Armbar,1,Marlon Vera,Brian Kelleher
Tim Johnson,Junior Albini,7/22/17,"Uniondale, New York, USA",Blue,Heavyweight,,None,,Junior Albini,Tim Johnson
Shane Burgos,Godofredo Pepey,7/22/17,"Uniondale, New York, USA",Red,Featherweight,U-DEC,None,3,Shane Burgos,Godofredo Pepey
Frankie Perez,Chris Wade,7/22/17,"Uniondale, New York, USA",Blue,Lightweight,U-DEC,None,3,Chris Wade,Frankie Perez
Gunnar Nelson,Santiago Ponzinibbio,7/16/17,"Glasgow, Scotland, United Kingdom",Blue,Welterweight,KO/TKO,Punches,1,Santiago Ponzinibbio,Gunnar Nelson
Joanne Calderwood,Cynthia Calvillo,7/16/17,"Glasgow, Scotland, United Kingdom",Blue,Women's Strawweight,U-DEC,None,3,Cynthia Calvillo,Joanne Calderwood
Stevie Ray,Paul Felder,7/16/17,"Glasgow, Scotland, United Kingdom",Blue,Lightweight,KO/TKO,Elbow,1,Paul Felder,Stevie Ray
Jack Marshman,Ryan Janes,7/16/17,"Glasgow, Scotland, United Kingdom",Red,Middleweight,U-DEC,None,3,Jack Marshman,Ryan Janes
Khalil Rountree Jr.,Paul Craig,7/16/17,"Glasgow, Scotland, United Kingdom",Red,Light Heavyweight,KO/TKO,Punch,1,Khalil Rountree Jr.,Paul Craig
James Mulheron,Justin Willis,7/16/17,"Glasgow, Scotland, United Kingdom",Blue,Heavyweight,U-DEC,None,3,Justin Willis,James Mulheron
Danny Roberts,Bobby Nash,7/16/17,"Glasgow, Scotland, United Kingdom",Red,Welterweight,KO/TKO,Punch,2,Danny Roberts,Bobby Nash
Alexandre Pantoja,Neil Seery,7/16/17,"Glasgow, Scotland, United Kingdom",Red,Flyweight,SUB,Rear Naked Choke,3,Alexandre Pantoja,Neil Seery
Charlie Ward,Galore Bofando,7/16/17,"Glasgow, Scotland, United Kingdom",Blue,Welterweight,KO/TKO,Slam,1,Galore Bofando,Charlie Ward
Danny Henry,Daniel Teymur,7/16/17,"Glasgow, Scotland, United Kingdom",Red,Lightweight,U-DEC,None,3,Danny Henry,Daniel Teymur
Brett Johns,Albert Morales,7/16/17,"Glasgow, Scotland, United Kingdom",Red,Bantamweight,U-DEC,None,3,Brett Johns,Albert Morales
Leslie Smith,Amanda Lemos,7/16/17,"Glasgow, Scotland, United Kingdom",Red,Women's Bantamweight,KO/TKO,Elbows,2,Leslie Smith,Amanda Lemos
Yoel Romero,Robert Whittaker,7/8/17,"Las Vegas, Nevada, USA",Blue,Middleweight,U-DEC,None,5,Robert Whittaker,Yoel Romero
Fabricio Werdum,Alistair Overeem,7/8/17,"Las Vegas, Nevada, USA",Blue,Heavyweight,M-DEC,None,3,Alistair Overeem,Fabricio Werdum
Daniel Omielanczuk,Curtis Blaydes,7/8/17,"Las Vegas, Nevada, USA",Blue,Heavyweight,U-DEC,None,3,Curtis Blaydes,Daniel Omielanczuk
Anthony Pettis,Jim Miller,7/8/17,"Las Vegas, Nevada, USA",Red,Lightweight,U-DEC,None,3,Anthony Pettis,Jim Miller
Rob Font,Douglas Silva de Andrade,7/8/17,"Las Vegas, Nevada, USA",Red,Bantamweight,SUB,Guillotine Choke,2,Rob Font,Douglas Silva de Andrade
Travis Browne,Aleksei Oleinik,7/8/17,"Las Vegas, Nevada, USA",Blue,Heavyweight,SUB,Rear Naked Choke,2,Aleksei Oleinik,Travis Browne
Chad Laprise,Brian Camozzi,7/8/17,"Las Vegas, Nevada, USA",Red,Welterweight,KO/TKO,Punch,3,Chad Laprise,Brian Camozzi
Thiago Santos,Gerald Meerschaert,7/8/17,"Las Vegas, Nevada, USA",Red,Middleweight,KO/TKO,Punches,2,Thiago Santos,Gerald Meerschaert
Jordan Mein,Belal Muhammad,7/8/17,"Las Vegas, Nevada, USA",Blue,Welterweight,U-DEC,None,3,Belal Muhammad,Jordan Mein
Cody Stamann,Terrion Ware,7/8/17,"Las Vegas, Nevada, USA",Red,Featherweight,U-DEC,None,3,Cody Stamann,Terrion Ware
Trevin Giles,James Bochnovic,7/8/17,"Las Vegas, Nevada, USA",Red,Light Heavyweight,KO/TKO,Punch,2,Trevin Giles,James Bochnovic
Michael Johnson,Justin Gaethje,7/7/17,"Las Vegas, Nevada, USA",Blue,Lightweight,KO/TKO,Knees,2,Justin Gaethje,Michael Johnson
Dhiego Lima,Jesse Taylor,7/7/17,"Las Vegas, Nevada, USA",Blue,Welterweight,SUB,Rear Naked Choke,2,Jesse Taylor,Dhiego Lima
Jared Cannonier,Nick Roehrick,7/7/17,"Las Vegas, Nevada, USA",Red,Light Heavyweight,KO/TKO,Elbows,3,Jared Cannonier,Nick Roehrick
Brad Tavares,Elias Theodorou,7/7/17,"Las Vegas, Nevada, USA",Red,Middleweight,U-DEC,None,3,Brad Tavares,Elias Theodorou
Jordan Johnson,Marcel Fortuna,7/7/17,"Las Vegas, Nevada, USA",Red,Light Heavyweight,U-DEC,None,3,Jordan Johnson,Marcel Fortuna
Angela Hill,Ashley Yoder,7/7/17,"Las Vegas, Nevada, USA",Red,Women's Strawweight,U-DEC,None,3,Angela Hill,Ashley Yoder
James Krause,Tom Gallicchio,7/7/17,"Las Vegas, Nevada, USA",Red,Welterweight,U-DEC,None,3,James Krause,Tom Gallicchio
Ed Herman,CB Dollaway,7/7/17,"Las Vegas, Nevada, USA",Blue,Light Heavyweight,U-DEC,None,3,CB Dollaway,Ed Herman
Tecia Torres,Juliana Lima,7/7/17,"Las Vegas, Nevada, USA",Red,Women's Strawweight,SUB,Rear Naked Choke,2,Tecia Torres,Juliana Lima
Gray Maynard,Teruto Ishihara,7/7/17,"Las Vegas, Nevada, USA",Red,Featherweight,U-DEC,None,3,Gray Maynard,Teruto Ishihara
Michael Chiesa,Kevin Lee,6/25/17,"Oklahoma City, Oklahoma, USA",Blue,Lightweight,SUB,Rear Naked Choke,1,Kevin Lee,Michael Chiesa
Tim Boetsch,Johny Hendricks,6/25/17,"Oklahoma City, Oklahoma, USA",Red,Middleweight,KO/TKO,Punches,2,Tim Boetsch,Johny Hendricks
Felice Herrig,Justine Kish,6/25/17,"Oklahoma City, Oklahoma, USA",Red,Women's Strawweight,U-DEC,None,3,Felice Herrig,Justine Kish
Tim Means,Alex Garcia,6/25/17,"Oklahoma City, Oklahoma, USA",Red,Welterweight,U-DEC,None,3,Tim Means,Alex Garcia
BJ Penn,Dennis Siver,6/25/17,"Oklahoma City, Oklahoma, USA",Blue,Featherweight,M-DEC,None,3,Dennis Siver,BJ Penn
Clay Guida,Erik Koch,6/25/17,"Oklahoma City, Oklahoma, USA",Red,Lightweight,U-DEC,None,3,Clay Guida,Erik Koch
Vitor Miranda,Marvin Vettori,6/25/17,"Oklahoma City, Oklahoma, USA",Blue,Middleweight,U-DEC,None,3,Marvin Vettori,Vitor Miranda
Devin Powell,Darrell Horcher,6/25/17,"Oklahoma City, Oklahoma, USA",Blue,Lightweight,S-DEC,None,3,Darrell Horcher,Devin Powell
Jared Gordon,Michel Quinones,6/25/17,"Oklahoma City, Oklahoma, USA",Red,Featherweight,KO/TKO,Punches,2,Jared Gordon,Michel Quinones
Anthony Rocco Martin,Johnny Case,6/25/17,"Oklahoma City, Oklahoma, USA",Red,Lightweight,U-DEC,None,3,Anthony Rocco Martin,Johnny Case
Josh Stansbury,Jeremy Kimball,6/25/17,"Oklahoma City, Oklahoma, USA",Blue,Light Heavyweight,KO/TKO,Punches,1,Jeremy Kimball,Josh Stansbury
Holly Holm,Bethe Correia,6/17/17,"Kallang, Singapore",Red,Women's Bantamweight,KO/TKO,Kick,3,Holly Holm,Bethe Correia
Andrei Arlovski,Marcin Tybura,6/17/17,"Kallang, Singapore",Blue,Heavyweight,U-DEC,None,3,Marcin Tybura,Andrei Arlovski
Dong Hyun Kim,Colby Covington,6/17/17,"Kallang, Singapore",Blue,Welterweight,U-DEC,None,3,Colby Covington,Dong Hyun Kim
Tarec Saffiedine,Rafael Dos Anjos,6/17/17,"Kallang, Singapore",Blue,Welterweight,U-DEC,None,3,Rafael Dos Anjos,Tarec Saffiedine
Takanori Gomi,Jon Tuck,6/17/17,"Kallang, Singapore",Blue,Lightweight,SUB,Rear Naked Choke,1,Jon Tuck,Takanori Gomi
Cyril Asker,Walt Harris,6/17/17,"Kallang, Singapore",Blue,Heavyweight,KO/TKO,Elbows,1,Walt Harris,Cyril Asker
Alex Caceres,Rolando Dy,6/17/17,"Kallang, Singapore",Red,Featherweight,KO/TKO,None,2,Alex Caceres,Rolando Dy
Justin Scoggins,Ulka Sasaki,6/17/17,"Kallang, Singapore",Blue,Flyweight,,None,,Ulka Sasaki,Justin Scoggins
Kwan Ho Kwak,Russell Doane,6/17/17,"Kallang, Singapore",Blue,Bantamweight,KO/TKO,Punches,1,Russell Doane,Kwan Ho Kwak
Naoki Inoue,Carls John De Tomas,6/17/17,"Kallang, Singapore",Red,Flyweight,U-DEC,None,3,Naoki Inoue,Carls John De Tomas
Ji Yeon Kim,Lucie Pudilova,6/17/17,"Kallang, Singapore",Blue,Women's Bantamweight,U-DEC,None,3,Lucie Pudilova,Ji Yeon Kim
Derrick Lewis,Mark Hunt,6/10/17,"Auckland, New Zealand",Blue,Heavyweight,KO/TKO,Punches,4,Mark Hunt,Derrick Lewis
Derek Brunson,Daniel Kelly,6/10/17,"Auckland, New Zealand",Red,Middleweight,KO/TKO,Punch,1,Derek Brunson,Daniel Kelly
Dan Hooker,Ross Pearson,6/10/17,"Auckland, New Zealand",Red,Lightweight,KO/TKO,Knee,2,Dan Hooker,Ross Pearson
Ion Cutelaba,Henrique da Silva,6/10/17,"Auckland, New Zealand",Red,Light Heavyweight,KO/TKO,Punch,1,Ion Cutelaba,Henrique da Silva
Tim Elliott,Ben Nguyen,6/10/17,"Auckland, New Zealand",Blue,Flyweight,SUB,Rear Naked Choke,1,Ben Nguyen,Tim Elliott
Alexander Volkanovski,Mizuto Hirota,6/10/17,"Auckland, New Zealand",Red,Featherweight,U-DEC,None,3,Alexander Volkanovski,Mizuto Hirota
Damien Brown,Vinc Pichel,6/10/17,"Auckland, New Zealand",Blue,Lightweight,KO/TKO,Punch,1,Vinc Pichel,Damien Brown
Luke Jumeau,Dominique Steele,6/10/17,"Auckland, New Zealand",Red,Welterweight,U-DEC,None,3,Luke Jumeau,Dominique Steele
John Moraga,Ashkan Mokhtarian,6/10/17,"Auckland, New Zealand",Red,Flyweight,U-DEC,None,3,John Moraga,Ashkan Mokhtarian
Kiichi Kunimoto,Zak Ottow,6/10/17,"Auckland, New Zealand",Blue,Welterweight,S-DEC,None,3,Zak Ottow,Kiichi Kunimoto
JJ Aldrich,Chanmi Jeon,6/10/17,"Auckland, New Zealand",Red,Women's Strawweight,,None,,JJ Aldrich,Chanmi Jeon
Jose Aldo,Max Holloway,6/3/17,"Rio de Janeiro, Rio de Janeiro, Brazil",Blue,Featherweight,KO/TKO,Punches,3,Max Holloway,Jose Aldo
Claudia Gadelha,Karolina Kowalkiewicz,6/3/17,"Rio de Janeiro, Rio de Janeiro, Brazil",Red,Women's Strawweight,SUB,Rear Naked Choke,1,Claudia Gadelha,Karolina Kowalkiewicz
Vitor Belfort,Nate Marquardt,6/3/17,"Rio de Janeiro, Rio de Janeiro, Brazil",Red,Middleweight,U-DEC,None,3,Vitor Belfort,Nate Marquardt
Paulo Costa,Oluwale Bamgbose,6/3/17,"Rio de Janeiro, Rio de Janeiro, Brazil",Red,Middleweight,KO/TKO,Punches,2,Paulo Costa,Oluwale Bamgbose
Erick Silva,Yancy Medeiros,6/3/17,"Rio de Janeiro, Rio de Janeiro, Brazil",Blue,Welterweight,KO/TKO,Punch,2,Yancy Medeiros,Erick Silva
Raphael Assuncao,Marlon Moraes,6/3/17,"Rio de Janeiro, Rio de Janeiro, Brazil",Red,Bantamweight,S-DEC,None,3,Raphael Assuncao,Marlon Moraes
Johnny Eduardo,Matthew Lopez,6/3/17,"Rio de Janeiro, Rio de Janeiro, Brazil",Blue,Bantamweight,KO/TKO,Punches,1,Matthew Lopez,Johnny Eduardo
Iuri Alcantara,Brian Kelleher,6/3/17,"Rio de Janeiro, Rio de Janeiro, Brazil",Blue,Bantamweight,SUB,Guillotine Choke,1,Brian Kelleher,Iuri Alcantara
Viviane Pereira,Jamie Moyle,6/3/17,"Rio de Janeiro, Rio de Janeiro, Brazil",Red,Women's Strawweight,U-DEC,None,3,Viviane Pereira,Jamie Moyle
Luan Chagas,Jimmy Wallhead,6/3/17,"Rio de Janeiro, Rio de Janeiro, Brazil",Red,Welterweight,,None,,Luan Chagas,Jimmy Wallhead
Alexander Gustafsson,Glover Teixeira,5/28/17,"Stockholm, Sweden",Red,Light Heavyweight,KO/TKO,Punches,5,Alexander Gustafsson,Glover Teixeira
Volkan Oezdemir,Misha Cirkunov,5/28/17,"Stockholm, Sweden",Red,Light Heavyweight,KO/TKO,Punch,1,Volkan Oezdemir,Misha Cirkunov
Peter Sobotta,Ben Saunders,5/28/17,"Stockholm, Sweden",Red,Welterweight,KO/TKO,Knee,2,Peter Sobotta,Ben Saunders
Abdul Razak Alhassan,Omari Akhmedov,5/28/17,"Stockholm, Sweden",Blue,Welterweight,S-DEC,None,3,Omari Akhmedov,Abdul Razak Alhassan
Oliver Enkamp,Nordine Taleb,5/28/17,"Stockholm, Sweden",Blue,Welterweight,U-DEC,None,3,Nordine Taleb,Oliver Enkamp
Jack Hermansson,Alex Nicholson,5/28/17,"Stockholm, Sweden",Red,Middleweight,KO/TKO,Punches,1,Jack Hermansson,Alex Nicholson
Pedro Munhoz,Damian Stasiak,5/28/17,"Stockholm, Sweden",Red,Bantamweight,U-DEC,None,3,Pedro Munhoz,Damian Stasiak
Trevor Smith,Chris Camozzi,5/28/17,"Stockholm, Sweden",Red,Middleweight,U-DEC,None,3,Trevor Smith,Chris Camozzi
Reza Madadi,Joaquim Silva,5/28/17,"Stockholm, Sweden",Blue,Lightweight,S-DEC,None,3,Joaquim Silva,Reza Madadi
Nico Musoke,Bojan Velickovic,5/28/17,"Stockholm, Sweden",Blue,Welterweight,,None,,Bojan Velickovic,Nico Musoke
Darren Till,Jessin Ayari,5/28/17,"Stockholm, Sweden",Red,Welterweight,U-DEC,None,3,Darren Till,Jessin Ayari
Marcin Held,Damir Hadzovic,5/28/17,"Stockholm, Sweden",Blue,Lightweight,KO/TKO,Knee,3,Damir Hadzovic,Marcin Held
Stipe Miocic,Junior Dos Santos,5/13/17,"Dallas, Texas, USA",Red,Heavyweight,KO/TKO,Punch,1,Stipe Miocic,Junior Dos Santos
Joanna Jedrzejczyk,Jessica Andrade,5/13/17,"Dallas, Texas, USA",Red,Women's Strawweight,U-DEC,None,5,Joanna Jedrzejczyk,Jessica Andrade
Demian Maia,Jorge Masvidal,5/13/17,"Dallas, Texas, USA",Red,Welterweight,S-DEC,None,3,Demian Maia,Jorge Masvidal
Frankie Edgar,Yair Rodriguez,5/13/17,"Dallas, Texas, USA",Red,Featherweight,KO/TKO,None,2,Frankie Edgar,Yair Rodriguez
Krzysztof Jotko,David Branch,5/13/17,"Dallas, Texas, USA",Blue,Middleweight,S-DEC,None,3,David Branch,Krzysztof Jotko
Chas Skelly,Jason Knight,5/13/17,"Dallas, Texas, USA",Blue,Featherweight,KO/TKO,Punch,3,Jason Knight,Chas Skelly
Chase Sherman,Rashad Coulter,5/13/17,"Dallas, Texas, USA",Red,Heavyweight,KO/TKO,Elbow,2,Chase Sherman,Rashad Coulter
James Vick,Polo Reyes,5/13/17,"Dallas, Texas, USA",Red,Lightweight,,None,,James Vick,Polo Reyes
Jessica Aguilar,Cortney Casey,5/13/17,"Dallas, Texas, USA",Blue,Women's Strawweight,U-DEC,None,3,Cortney Casey,Jessica Aguilar
Gabriel Benitez,Enrique Barzola,5/13/17,"Dallas, Texas, USA",Blue,Featherweight,U-DEC,None,3,Enrique Barzola,Gabriel Benitez
Joachim Christensen,Gadzhimurad Antigulov,5/13/17,"Dallas, Texas, USA",Blue,Light Heavyweight,SUB,Rear Naked Choke,1,Gadzhimurad Antigulov,Joachim Christensen
Cub Swanson,Artem Lobov,4/22/17,"Nashville, Tennessee, USA",Red,Featherweight,U-DEC,None,5,Cub Swanson,Artem Lobov
Al Iaquinta,Diego Sanchez,4/22/17,"Nashville, Tennessee, USA",Red,Lightweight,KO/TKO,Punch,1,Al Iaquinta,Diego Sanchez
Ovince Saint Preux,Marcos Rogerio de Lima,4/22/17,"Nashville, Tennessee, USA",Red,Light Heavyweight,SUB,Other - Choke,2,Ovince Saint Preux,Marcos Rogerio de Lima
John Dodson,Eddie Wineland,4/22/17,"Nashville, Tennessee, USA",Red,Bantamweight,U-DEC,None,3,John Dodson,Eddie Wineland
Joe Lauzon,Stevie Ray,4/22/17,"Nashville, Tennessee, USA",Blue,Lightweight,M-DEC,None,3,Stevie Ray,Joe Lauzon
Jake Ellenberger,Mike Perry,4/22/17,"Nashville, Tennessee, USA",Blue,Welterweight,KO/TKO,Elbow,2,Mike Perry,Jake Ellenberger
Thales Leites,Sam Alvey,4/22/17,"Nashville, Tennessee, USA",Red,Middleweight,U-DEC,None,3,Thales Leites,Sam Alvey
Dustin Ortiz,Brandon Moreno,4/22/17,"Nashville, Tennessee, USA",Blue,Flyweight,SUB,Rear Naked Choke,2,Brandon Moreno,Dustin Ortiz
Scott Holtzman,Michael McBride,4/22/17,"Nashville, Tennessee, USA",Red,Lightweight,U-DEC,None,3,Scott Holtzman,Michael McBride
Jessica Penne,Danielle Taylor,4/22/17,"Nashville, Tennessee, USA",Blue,Women's Strawweight,U-DEC,None,3,Danielle Taylor,Jessica Penne
Alexis Davis,Cindy Dandois,4/22/17,"Nashville, Tennessee, USA",Red,Women's Bantamweight,U-DEC,None,3,Alexis Davis,Cindy Dandois
Bryan Barberena,Joe Proctor,4/22/17,"Nashville, Tennessee, USA",Red,Welterweight,KO/TKO,Punch,1,Bryan Barberena,Joe Proctor
Hector Sandoval,Matt Schnell,4/22/17,"Nashville, Tennessee, USA",Red,Flyweight,KO/TKO,Punch,1,Hector Sandoval,Matt Schnell
Demetrious Johnson,Wilson Reis,4/15/17,"Kansas City, Missouri, USA",Red,Flyweight,SUB,Armbar,3,Demetrious Johnson,Wilson Reis
Rose Namajunas,Michelle Waterson,4/15/17,"Kansas City, Missouri, USA",Red,Women's Strawweight,SUB,Rear Naked Choke,2,Rose Namajunas,Michelle Waterson
Jacare Souza,Robert Whittaker,4/15/17,"Kansas City, Missouri, USA",Blue,Middleweight,KO/TKO,Kick,2,Robert Whittaker,Jacare Souza
Jeremy Stephens,Renato Moicano,4/15/17,"Kansas City, Missouri, USA",Blue,Featherweight,S-DEC,None,3,Renato Moicano,Jeremy Stephens
Alexander Volkov,Roy Nelson,4/15/17,"Kansas City, Missouri, USA",Red,Heavyweight,U-DEC,None,3,Alexander Volkov,Roy Nelson
Patrick Williams,Tom Duquesnoy,4/15/17,"Kansas City, Missouri, USA",Blue,Bantamweight,KO/TKO,Elbows,2,Tom Duquesnoy,Patrick Williams
Bobby Green,Rashid Magomedov,4/15/17,"Kansas City, Missouri, USA",Blue,Lightweight,S-DEC,None,3,Rashid Magomedov,Bobby Green
Louis Smolka,Tim Elliott,4/15/17,"Kansas City, Missouri, USA",Blue,Flyweight,U-DEC,None,3,Tim Elliott,Louis Smolka
Aljamain Sterling,Augusto Mendes,4/15/17,"Kansas City, Missouri, USA",Red,Bantamweight,U-DEC,None,3,Aljamain Sterling,Augusto Mendes
Devin Clark,Jake Collier,4/15/17,"Kansas City, Missouri, USA",Red,Light Heavyweight,U-DEC,None,3,Devin Clark,Jake Collier
Anthony Smith,Andrew Sanchez,4/15/17,"Kansas City, Missouri, USA",Red,Middleweight,KO/TKO,Kick,3,Anthony Smith,Andrew Sanchez
Zak Cummings,Nathan Coy,4/15/17,"Kansas City, Missouri, USA",Red,Welterweight,SUB,Guillotine Choke,1,Zak Cummings,Nathan Coy
Ashlee Evans-Smith,Ketlen Vieira,4/15/17,"Kansas City, Missouri, USA",Blue,Women's Bantamweight,U-DEC,None,3,Ketlen Vieira,Ashlee Evans-Smith
Daniel Cormier,Anthony Johnson,4/8/17,"Buffalo, New York, USA",Red,Light Heavyweight,SUB,Rear Naked Choke,2,Daniel Cormier,Anthony Johnson
Chris Weidman,Gegard Mousasi,4/8/17,"Buffalo, New York, USA",Blue,Middleweight,KO/TKO,Knee,2,Gegard Mousasi,Chris Weidman
Cynthia Calvillo,Pearl Gonzalez,4/8/17,"Buffalo, New York, USA",Red,Women's Strawweight,SUB,Rear Naked Choke,3,Cynthia Calvillo,Pearl Gonzalez
Thiago Alves,Patrick Cote,4/8/17,"Buffalo, New York, USA",Red,Welterweight,U-DEC,None,3,Thiago Alves,Patrick Cote
Will Brooks,Charles Oliveira,4/8/17,"Buffalo, New York, USA",Blue,Lightweight,SUB,Rear Naked Choke,1,Charles Oliveira,Will Brooks
Myles Jury,Mike de la Torre,4/8/17,"Buffalo, New York, USA",Red,Featherweight,KO/TKO,Punches,1,Myles Jury,Mike de la Torre
Kamaru Usman,Sean Strickland,4/8/17,"Buffalo, New York, USA",Red,Welterweight,U-DEC,None,3,Kamaru Usman,Sean Strickland
Shane Burgos,Charles Rosa,4/8/17,"Buffalo, New York, USA",Red,Featherweight,KO/TKO,Punch,3,Shane Burgos,Charles Rosa
Patrick Cummins,Jan Blachowicz,4/8/17,"Buffalo, New York, USA",Red,Light Heavyweight,U-DEC,None,3,Patrick Cummins,Jan Blachowicz
Gregor Gillespie,Andrew Holbrook,4/8/17,"Buffalo, New York, USA",Red,Lightweight,KO/TKO,Punch,1,Gregor Gillespie,Andrew Holbrook
Josh Emmett,Desmond Green,4/8/17,"Buffalo, New York, USA",Blue,Lightweight,S-DEC,None,3,Desmond Green,Josh Emmett
Katlyn Chookagian,Irene Aldana,4/8/17,"Buffalo, New York, USA",Red,Women's Bantamweight,S-DEC,None,3,Katlyn Chookagian,Irene Aldana
Jenel Lausa,Magomed Bibulatov,4/8/17,"Buffalo, New York, USA",Blue,Flyweight,U-DEC,None,3,Magomed Bibulatov,Jenel Lausa
Jimi Manuwa,Corey Anderson,3/18/17,"London, England, United Kingdom",Red,Light Heavyweight,KO/TKO,Punch,1,Jimi Manuwa,Corey Anderson
Gunnar Nelson,Alan Jouban,3/18/17,"London, England, United Kingdom",Red,Welterweight,SUB,Guillotine Choke,2,Gunnar Nelson,Alan Jouban
Brad Pickett,Marlon Vera,3/18/17,"London, England, United Kingdom",Blue,Catch Weight,KO/TKO,Kick,3,Marlon Vera,Brad Pickett
Arnold Allen,Makwan Amirkhani,3/18/17,"London, England, United Kingdom",Red,Featherweight,S-DEC,None,3,Arnold Allen,Makwan Amirkhani
Joe Duffy,Reza Madadi,3/18/17,"London, England, United Kingdom",Red,Lightweight,U-DEC,None,3,Joe Duffy,Reza Madadi
Darren Stewart,Francimar Barroso,3/18/17,"London, England, United Kingdom",Blue,Light Heavyweight,U-DEC,None,3,Francimar Barroso,Darren Stewart
Daniel Omielanczuk,Tim Johnson,3/18/17,"London, England, United Kingdom",Blue,Heavyweight,,None,,Tim Johnson,Daniel Omielanczuk
Leon Edwards,Vicente Luque,3/18/17,"London, England, United Kingdom",Red,Welterweight,U-DEC,None,3,Leon Edwards,Vicente Luque
Marc Diakiese,Teemu Packalen,3/18/17,"London, England, United Kingdom",Red,Lightweight,KO/TKO,Punch,1,Marc Diakiese,Teemu Packalen
Bradley Scott,Scott Askham,3/18/17,"London, England, United Kingdom",Red,Middleweight,,None,,Bradley Scott,Scott Askham
Lina Lansberg,Lucie Pudilova,3/18/17,"London, England, United Kingdom",Red,Women's Bantamweight,U-DEC,None,3,Lina Lansberg,Lucie Pudilova
Mauricio Rua,Gian Villante,3/11/17,"Fortaleza, Ceara, Brazil",Red,Light Heavyweight,KO/TKO,Punch,3,Mauricio Rua,Gian Villante
Edson Barboza,Beneil Dariush,3/11/17,"Fortaleza, Ceara, Brazil",Red,Lightweight,KO/TKO,Flying Knee,2,Edson Barboza,Beneil Dariush
Jussier Formiga,Ray Borg,3/11/17,"Fortaleza, Ceara, Brazil",Blue,Flyweight,U-DEC,None,3,Ray Borg,Jussier Formiga
Alex Oliveira,Tim Means,3/11/17,"Fortaleza, Ceara, Brazil",Red,Welterweight,SUB,Rear Naked Choke,2,Alex Oliveira,Tim Means
Francisco Trinaldo,Kevin Lee,3/11/17,"Fortaleza, Ceara, Brazil",Blue,Lightweight,SUB,Rear Naked Choke,2,Kevin Lee,Francisco Trinaldo
Sergio Moraes,Davi Ramos,3/11/17,"Fortaleza, Ceara, Brazil",Red,Welterweight,U-DEC,None,3,Sergio Moraes,Davi Ramos
Rani Yahya,Joe Soto,3/11/17,"Fortaleza, Ceara, Brazil",Blue,Bantamweight,U-DEC,None,3,Joe Soto,Rani Yahya
Michel Prazeres,Joshua Burkman,3/11/17,"Fortaleza, Ceara, Brazil",Red,Lightweight,SUB,North-South Choke,1,Michel Prazeres,Joshua Burkman
Rony Jason,Jeremy Kennedy,3/11/17,"Fortaleza, Ceara, Brazil",Blue,Featherweight,U-DEC,None,3,Jeremy Kennedy,Rony Jason
Garreth McLellan,Paulo Costa,3/11/17,"Fortaleza, Ceara, Brazil",Blue,Middleweight,KO/TKO,Punch,1,Paulo Costa,Garreth McLellan
Tyron Woodley,Stephen Thompson,3/4/17,"Las Vegas, Nevada, USA",Red,Welterweight,M-DEC,None,5,Tyron Woodley,Stephen Thompson
Lando Vannata,David Teymur,3/4/17,"Las Vegas, Nevada, USA",Blue,Lightweight,U-DEC,None,3,David Teymur,Lando Vannata
Rashad Evans,Daniel Kelly,3/4/17,"Las Vegas, Nevada, USA",Blue,Middleweight,S-DEC,None,3,Daniel Kelly,Rashad Evans
Amanda Cooper,Cynthia Calvillo,3/4/17,"Las Vegas, Nevada, USA",Blue,Women's Strawweight,SUB,Rear Naked Choke,1,Cynthia Calvillo,Amanda Cooper
Alistair Overeem,Mark Hunt,3/4/17,"Las Vegas, Nevada, USA",Red,Heavyweight,KO/TKO,Knees,3,Alistair Overeem,Mark Hunt
Marcin Tybura,Luis Henrique,3/4/17,"Las Vegas, Nevada, USA",Red,Heavyweight,KO/TKO,Punches,3,Marcin Tybura,Luis Henrique
Mirsad Bektic,Darren Elkins,3/4/17,"Las Vegas, Nevada, USA",Blue,Featherweight,KO/TKO,Kick,3,Darren Elkins,Mirsad Bektic
Iuri Alcantara,Luke Sanders,3/4/17,"Las Vegas, Nevada, USA",Red,Bantamweight,SUB,Kneebar,2,Iuri Alcantara,Luke Sanders
Mark Godbeer,Daniel Spitz,3/4/17,"Las Vegas, Nevada, USA",Red,Heavyweight,U-DEC,None,3,Mark Godbeer,Daniel Spitz
Tyson Pedro,Paul Craig,3/4/17,"Las Vegas, Nevada, USA",Red,Light Heavyweight,KO/TKO,Elbows,1,Tyson Pedro,Paul Craig
Albert Morales,Andre Soukhamthath,3/4/17,"Las Vegas, Nevada, USA",Red,Bantamweight,S-DEC,None,3,Albert Morales,Andre Soukhamthath
Derrick Lewis,Travis Browne,2/19/17,"Halifax, Nova Scotia, Canada",Red,Heavyweight,KO/TKO,Punch,2,Derrick Lewis,Travis Browne
Johny Hendricks,Hector Lombard,2/19/17,"Halifax, Nova Scotia, Canada",Red,Middleweight,U-DEC,None,3,Johny Hendricks,Hector Lombard
Sam Sicilia,Gavin Tucker,2/19/17,"Halifax, Nova Scotia, Canada",Blue,Featherweight,U-DEC,None,3,Gavin Tucker,Sam Sicilia
Elias Theodorou,Cezar Ferreira,2/19/17,"Halifax, Nova Scotia, Canada",Red,Middleweight,U-DEC,None,3,Elias Theodorou,Cezar Ferreira
Sara McMann,Gina Mazany,2/19/17,"Halifax, Nova Scotia, Canada",Red,Women's Bantamweight,SUB,Arm Triangle,1,Sara McMann,Gina Mazany
Paul Felder,Alessandro Ricci,2/19/17,"Halifax, Nova Scotia, Canada",Red,Lightweight,,None,,Paul Felder,Alessandro Ricci
Nordine Taleb,Santiago Ponzinibbio,2/19/17,"Halifax, Nova Scotia, Canada",Blue,Welterweight,U-DEC,None,3,Santiago Ponzinibbio,Nordine Taleb
Carla Esparza,Randa Markos,2/19/17,"Halifax, Nova Scotia, Canada",Blue,Women's Strawweight,S-DEC,None,3,Randa Markos,Carla Esparza
Aiemann Zahabi,Reginaldo Vieira,2/19/17,"Halifax, Nova Scotia, Canada",Red,Bantamweight,U-DEC,None,3,Aiemann Zahabi,Reginaldo Vieira
Jack Marshman,Thiago Santos,2/19/17,"Halifax, Nova Scotia, Canada",Blue,Middleweight,KO/TKO,Kick,2,Thiago Santos,Jack Marshman
Gerald Meerschaert,Ryan Janes,2/19/17,"Halifax, Nova Scotia, Canada",Red,Middleweight,SUB,Armbar,1,Gerald Meerschaert,Ryan Janes
Holly Holm,Germaine de Randamie,2/11/17,"Brooklyn, New York, USA",Blue,Women's Featherweight,U-DEC,None,5,Germaine de Randamie,Holly Holm
Anderson Silva,Derek Brunson,2/11/17,"Brooklyn, New York, USA",Red,Middleweight,U-DEC,None,3,Anderson Silva,Derek Brunson
Jacare Souza,Tim Boetsch,2/11/17,"Brooklyn, New York, USA",Red,Middleweight,SUB,Kimura,1,Jacare Souza,Tim Boetsch
Glover Teixeira,Jared Cannonier,2/11/17,"Brooklyn, New York, USA",Red,Light Heavyweight,U-DEC,None,3,Glover Teixeira,Jared Cannonier
Dustin Poirier,Jim Miller,2/11/17,"Brooklyn, New York, USA",Red,Lightweight,M-DEC,None,3,Dustin Poirier,Jim Miller
Randy Brown,Belal Muhammad,2/11/17,"Brooklyn, New York, USA",Blue,Welterweight,U-DEC,None,3,Belal Muhammad,Randy Brown
Wilson Reis,Ulka Sasaki,2/11/17,"Brooklyn, New York, USA",Red,Flyweight,,None,,Wilson Reis,Ulka Sasaki
Nik Lentz,Islam Makhachev,2/11/17,"Brooklyn, New York, USA",Blue,Lightweight,U-DEC,None,3,Islam Makhachev,Nik Lentz
Rick Glenn,Phillipe Nover,2/11/17,"Brooklyn, New York, USA",Red,Featherweight,S-DEC,None,3,Rick Glenn,Phillipe Nover
Ryan LaFlare,Roan Carneiro,2/11/17,"Brooklyn, New York, USA",Red,Welterweight,U-DEC,None,3,Ryan LaFlare,Roan Carneiro
Dennis Bermudez,Chan Sung Jung,2/4/17,"Houston, Texas, USA",Blue,Featherweight,KO/TKO,Punch,1,Chan Sung Jung,Dennis Bermudez
Alexa Grasso,Felice Herrig,2/4/17,"Houston, Texas, USA",Blue,Women's Strawweight,U-DEC,None,3,Felice Herrig,Alexa Grasso
Abel Trujillo,James Vick,2/4/17,"Houston, Texas, USA",Blue,Lightweight,SUB,D'Arce Choke,3,James Vick,Abel Trujillo
Ovince Saint Preux,Volkan Oezdemir,2/4/17,"Houston, Texas, USA",Blue,Light Heavyweight,S-DEC,None,3,Volkan Oezdemir,Ovince Saint Preux
Anthony Hamilton,Marcel Fortuna,2/4/17,"Houston, Texas, USA",Blue,Heavyweight,KO/TKO,Punch,1,Marcel Fortuna,Anthony Hamilton
Jessica Andrade,Angela Hill,2/4/17,"Houston, Texas, USA",Red,Women's Strawweight,U-DEC,None,3,Jessica Andrade,Angela Hill
Chas Skelly,Chris Gruetzemacher,2/4/17,"Houston, Texas, USA",Red,Featherweight,SUB,Rear Naked Choke,2,Chas Skelly,Chris Gruetzemacher
Ricardo Ramos,Michinori Tanaka,2/4/17,"Houston, Texas, USA",Red,Bantamweight,U-DEC,None,3,Ricardo Ramos,Michinori Tanaka
Tecia Torres,Bec Rawlings,2/4/17,"Houston, Texas, USA",Red,Women's Strawweight,U-DEC,None,3,Tecia Torres,Bec Rawlings
Daniel Jolly,Khalil Rountree Jr.,2/4/17,"Houston, Texas, USA",Blue,Light Heavyweight,KO/TKO,Knees,1,Khalil Rountree Jr.,Daniel Jolly
Valentina Shevchenko,Julianna Pena,1/28/17,"Denver, Colorado, USA",Red,Women's Bantamweight,SUB,Armbar,2,Valentina Shevchenko,Julianna Pena
Donald Cerrone,Jorge Masvidal,1/28/17,"Denver, Colorado, USA",Blue,Welterweight,KO/TKO,Punches,2,Jorge Masvidal,Donald Cerrone
Andrei Arlovski,Francis Ngannou,1/28/17,"Denver, Colorado, USA",Blue,Heavyweight,KO/TKO,Punch,1,Francis Ngannou,Andrei Arlovski
Alex Caceres,Jason Knight,1/28/17,"Denver, Colorado, USA",Blue,Featherweight,SUB,Rear Naked Choke,2,Jason Knight,Alex Caceres
Nate Marquardt,Sam Alvey,1/28/17,"Denver, Colorado, USA",Blue,Middleweight,U-DEC,None,3,Sam Alvey,Nate Marquardt
Raphael Assuncao,Aljamain Sterling,1/28/17,"Denver, Colorado, USA",Red,Bantamweight,S-DEC,None,3,Raphael Assuncao,Aljamain Sterling
Bobby Nash,Li Jingliang,1/28/17,"Denver, Colorado, USA",Blue,Welterweight,,None,,Li Jingliang,Bobby Nash
Henrique da Silva,Jordan Johnson,1/28/17,"Denver, Colorado, USA",Blue,Light Heavyweight,U-DEC,None,3,Jordan Johnson,Henrique da Silva
Eric Spicely,Alessio Di Chirico,1/28/17,"Denver, Colorado, USA",Red,Middleweight,SUB,Triangle Choke,1,Eric Spicely,Alessio Di Chirico
Marcos Rogerio de Lima,Jeremy Kimball,1/28/17,"Denver, Colorado, USA",Red,Light Heavyweight,KO/TKO,Punches,1,Marcos Rogerio de Lima,Jeremy Kimball
Alexandre Pantoja,Eric Shelton,1/28/17,"Denver, Colorado, USA",Red,Flyweight,S-DEC,None,3,Alexandre Pantoja,Eric Shelton
Jason Gonzalez,JC Cottrell,1/28/17,"Denver, Colorado, USA",Red,Lightweight,SUB,D'Arce Choke,1,Jason Gonzalez,JC Cottrell
Yair Rodriguez,BJ Penn,1/15/17,"Phoenix, Arizona, USA",Red,Featherweight,KO/TKO,Punches,2,Yair Rodriguez,BJ Penn
Joe Lauzon,Marcin Held,1/15/17,"Phoenix, Arizona, USA",Red,Lightweight,S-DEC,None,3,Joe Lauzon,Marcin Held
Court McGee,Ben Saunders,1/15/17,"Phoenix, Arizona, USA",Blue,Welterweight,U-DEC,None,3,Ben Saunders,Court McGee
John Moraga,Sergio Pettis,1/15/17,"Phoenix, Arizona, USA",Blue,Flyweight,U-DEC,None,3,Sergio Pettis,John Moraga
Devin Powell,Drakkar Klose,1/15/17,"Phoenix, Arizona, USA",Blue,Lightweight,U-DEC,None,3,Drakkar Klose,Devin Powell
Frankie Saenz,Augusto Mendes,1/15/17,"Phoenix, Arizona, USA",Blue,Bantamweight,S-DEC,None,3,Augusto Mendes,Frankie Saenz
Aleksei Oleinik,Viktor Pesta,1/15/17,"Phoenix, Arizona, USA",Red,Heavyweight,SUB,Other - Choke,1,Aleksei Oleinik,Viktor Pesta
Anthony Rocco Martin,Alex White,1/15/17,"Phoenix, Arizona, USA",Red,Lightweight,U-DEC,None,3,Anthony Rocco Martin,Alex White
Jocelyn Jones-Lybarger,Nina Ansaroff,1/15/17,"Phoenix, Arizona, USA",Blue,Women's Strawweight,SUB,Rear Naked Choke,3,Nina Ansaroff,Jocelyn Jones-Lybarger
Walt Harris,Chase Sherman,1/15/17,"Phoenix, Arizona, USA",Red,Heavyweight,KO/TKO,Knee,2,Walt Harris,Chase Sherman
Bojan Mihajlovic,Joachim Christensen,1/15/17,"Phoenix, Arizona, USA",Blue,Light Heavyweight,KO/TKO,Punches,3,Joachim Christensen,Bojan Mihajlovic
Dmitrii Smoliakov,Cyril Asker,1/15/17,"Phoenix, Arizona, USA",Blue,Heavyweight,KO/TKO,Punches,1,Cyril Asker,Dmitrii Smoliakov
Amanda Nunes,Ronda Rousey,12/30/16,"Las Vegas, Nevada, USA",Red,Women's Bantamweight,KO/TKO,Punches,1,Amanda Nunes,Ronda Rousey
Dominick Cruz,Cody Garbrandt,12/30/16,"Las Vegas, Nevada, USA",Blue,Bantamweight,U-DEC,None,5,Cody Garbrandt,Dominick Cruz
TJ Dillashaw,John Lineker,12/30/16,"Las Vegas, Nevada, USA",Red,Bantamweight,U-DEC,None,3,TJ Dillashaw,John Lineker
Dong Hyun Kim,Tarec Saffiedine,12/30/16,"Las Vegas, Nevada, USA",Red,Welterweight,S-DEC,None,3,Dong Hyun Kim,Tarec Saffiedine
Louis Smolka,Ray Borg,12/30/16,"Las Vegas, Nevada, USA",Blue,Flyweight,U-DEC,None,3,Ray Borg,Louis Smolka
Johny Hendricks,Neil Magny,12/30/16,"Las Vegas, Nevada, USA",Blue,Welterweight,U-DEC,None,3,Neil Magny,Johny Hendricks
Antonio Carlos Junior,Marvin Vettori,12/30/16,"Las Vegas, Nevada, USA",Red,Middleweight,U-DEC,None,3,Antonio Carlos Junior,Marvin Vettori
Mike Pyle,Alex Garcia,12/30/16,"Las Vegas, Nevada, USA",Blue,Welterweight,KO/TKO,Punch,1,Alex Garcia,Mike Pyle
Brandon Thatch,Niko Price,12/30/16,"Las Vegas, Nevada, USA",Blue,Welterweight,SUB,Arm Triangle,1,Niko Price,Brandon Thatch
Paige VanZant,Michelle Waterson,12/17/16,"Sacramento, California, USA",Blue,Women's Strawweight,SUB,Rear Naked Choke,1,Michelle Waterson,Paige VanZant
Sage Northcutt,Mickey Gall,12/17/16,"Sacramento, California, USA",Blue,Welterweight,SUB,Rear Naked Choke,2,Mickey Gall,Sage Northcutt
Urijah Faber,Brad Pickett,12/17/16,"Sacramento, California, USA",Red,Bantamweight,U-DEC,None,3,Urijah Faber,Brad Pickett
Alan Jouban,Mike Perry,12/17/16,"Sacramento, California, USA",Red,Welterweight,U-DEC,None,3,Alan Jouban,Mike Perry
Henrique da Silva,Paul Craig,12/17/16,"Sacramento, California, USA",Blue,Light Heavyweight,SUB,Armbar,2,Paul Craig,Henrique da Silva
Cole Miller,Mizuto Hirota,12/17/16,"Sacramento, California, USA",Blue,Featherweight,U-DEC,None,3,Mizuto Hirota,Cole Miller
Bryan Barberena,Colby Covington,12/17/16,"Sacramento, California, USA",Blue,Welterweight,U-DEC,None,3,Colby Covington,Bryan Barberena
James Moontasri,Alex Morono,12/17/16,"Sacramento, California, USA",Blue,Welterweight,U-DEC,None,3,Alex Morono,James Moontasri
Josh Emmett,Scott Holtzman,12/17/16,"Sacramento, California, USA",Red,Lightweight,U-DEC,None,3,Josh Emmett,Scott Holtzman
Leslie Smith,Irene Aldana,12/17/16,"Sacramento, California, USA",Red,Women's Bantamweight,U-DEC,None,3,Leslie Smith,Irene Aldana
Eddie Wineland,Takeya Mizugaki,12/17/16,"Sacramento, California, USA",Red,Bantamweight,KO/TKO,Punches,1,Eddie Wineland,Takeya Mizugaki
Hector Sandoval,Fredy Serrano,12/17/16,"Sacramento, California, USA",Red,Flyweight,U-DEC,None,3,Hector Sandoval,Fredy Serrano
Bojan Velickovic,Sultan Aliev,12/17/16,"Sacramento, California, USA",Blue,Welterweight,S-DEC,None,3,Sultan Aliev,Bojan Velickovic
Max Holloway,Anthony Pettis,12/10/16,"Toronto, Ontario, Canada",Red,Featherweight,KO/TKO,Punches,3,Max Holloway,Anthony Pettis
Donald Cerrone,Matt Brown,12/10/16,"Toronto, Ontario, Canada",Red,Welterweight,KO/TKO,Kick,3,Donald Cerrone,Matt Brown
Cub Swanson,Dooho Choi,12/10/16,"Toronto, Ontario, Canada",Red,Featherweight,U-DEC,None,3,Cub Swanson,Dooho Choi
Tim Kennedy,Kelvin Gastelum,12/10/16,"Toronto, Ontario, Canada",Blue,Middleweight,KO/TKO,Punches,3,Kelvin Gastelum,Tim Kennedy
Jordan Mein,Emil Meek,12/10/16,"Toronto, Ontario, Canada",Blue,Welterweight,U-DEC,None,3,Emil Meek,Jordan Mein
Nikita Krylov,Misha Cirkunov,12/10/16,"Toronto, Ontario, Canada",Blue,Light Heavyweight,SUB,Guillotine Choke,1,Misha Cirkunov,Nikita Krylov
Olivier Aubin-Mercier,Drew Dober,12/10/16,"Toronto, Ontario, Canada",Red,Lightweight,SUB,Rear Naked Choke,2,Olivier Aubin-Mercier,Drew Dober
Valerie Letourneau,Viviane Pereira,12/10/16,"Toronto, Ontario, Canada",Blue,Women's Strawweight,S-DEC,None,3,Viviane Pereira,Valerie Letourneau
Mitch Gagnon,Matthew Lopez,12/10/16,"Toronto, Ontario, Canada",Blue,Bantamweight,U-DEC,None,3,Matthew Lopez,Mitch Gagnon
John Makdessi,Lando Vannata,12/10/16,"Toronto, Ontario, Canada",Blue,Lightweight,KO/TKO,Kick,1,Lando Vannata,John Makdessi
Jason Saggo,Rustam Khabilov,12/10/16,"Toronto, Ontario, Canada",Blue,Lightweight,U-DEC,None,3,Rustam Khabilov,Jason Saggo
Zach Makovsky,Dustin Ortiz,12/10/16,"Toronto, Ontario, Canada",Blue,Flyweight,S-DEC,None,3,Dustin Ortiz,Zach Makovsky
Derrick Lewis,Shamil Abdurakhimov,12/9/16,"Albany, New York, USA",Red,Heavyweight,KO/TKO,Punches,4,Derrick Lewis,Shamil Abdurakhimov
Francis Ngannou,Anthony Hamilton,12/9/16,"Albany, New York, USA",Red,Heavyweight,SUB,Kimura,1,Francis Ngannou,Anthony Hamilton
Corey Anderson,Sean O'Connell,12/9/16,"Albany, New York, USA",Red,Light Heavyweight,KO/TKO,Punches,2,Corey Anderson,Sean O'Connell
Gian Villante,Saparbeg Safarov,12/9/16,"Albany, New York, USA",Red,Light Heavyweight,KO/TKO,Punches,2,Gian Villante,Saparbeg Safarov
Justine Kish,Ashley Yoder,12/9/16,"Albany, New York, USA",Red,Women's Strawweight,U-DEC,None,3,Justine Kish,Ashley Yoder
Randy Brown,Brian Camozzi,12/9/16,"Albany, New York, USA",Red,Welterweight,KO/TKO,Knee,2,Randy Brown,Brian Camozzi
Joe Gigliotti,Gerald Meerschaert,12/9/16,"Albany, New York, USA",Blue,Middleweight,,None,,Gerald Meerschaert,Joe Gigliotti
Andrew Sanchez,Trevor Smith,12/9/16,"Albany, New York, USA",Red,Middleweight,U-DEC,None,3,Andrew Sanchez,Trevor Smith
Tiago Trator,Shane Burgos,12/9/16,"Albany, New York, USA",Blue,Featherweight,,None,,Shane Burgos,Tiago Trator
Frankie Perez,Marc Diakiese,12/9/16,"Albany, New York, USA",Blue,Lightweight,U-DEC,None,3,Marc Diakiese,Frankie Perez
Keith Berish,Ryan Janes,12/9/16,"Albany, New York, USA",Blue,Middleweight,U-DEC,None,3,Ryan Janes,Keith Berish
Juliana Lima,JJ Aldrich,12/9/16,"Albany, New York, USA",Red,Women's Strawweight,U-DEC,None,3,Juliana Lima,JJ Aldrich
Demetrious Johnson,Tim Elliott,12/3/16,"Las Vegas, Nevada, USA",Red,Flyweight,U-DEC,None,5,Demetrious Johnson,Tim Elliott
Joseph Benavidez,Henry Cejudo,12/3/16,"Las Vegas, Nevada, USA",Red,Flyweight,S-DEC,None,3,Joseph Benavidez,Henry Cejudo
Jake Ellenberger,Jorge Masvidal,12/3/16,"Las Vegas, Nevada, USA",Blue,Welterweight,KO/TKO,Punches,1,Jorge Masvidal,Jake Ellenberger
Ion Cutelaba,Jared Cannonier,12/3/16,"Las Vegas, Nevada, USA",Blue,Light Heavyweight,U-DEC,None,3,Jared Cannonier,Ion Cutelaba
Sara McMann,Alexis Davis,12/3/16,"Las Vegas, Nevada, USA",Red,Women's Bantamweight,SUB,Arm Triangle,2,Sara McMann,Alexis Davis
Brandon Moreno,Ryan Benoit,12/3/16,"Las Vegas, Nevada, USA",Red,Flyweight,S-DEC,None,3,Brandon Moreno,Ryan Benoit
Gray Maynard,Ryan Hall,12/3/16,"Las Vegas, Nevada, USA",Blue,Featherweight,U-DEC,None,3,Ryan Hall,Gray Maynard
Rob Font,Matt Schnell,12/3/16,"Las Vegas, Nevada, USA",Red,Bantamweight,KO/TKO,Punch,1,Rob Font,Matt Schnell
Dong Hyun Ma,Brendan O'Reilly,12/3/16,"Las Vegas, Nevada, USA",Red,Lightweight,U-DEC,None,3,Dong Hyun Ma,Brendan O'Reilly
Kailin Curran,Jamie Moyle,12/3/16,"Las Vegas, Nevada, USA",Blue,Women's Strawweight,U-DEC,None,3,Jamie Moyle,Kailin Curran
Elvis Mutapcic,Anthony Smith,12/3/16,"Las Vegas, Nevada, USA",Blue,Middleweight,KO/TKO,Elbow,2,Anthony Smith,Elvis Mutapcic
Josh Stansbury,Devin Clark,12/3/16,"Las Vegas, Nevada, USA",Blue,Light Heavyweight,U-DEC,None,3,Devin Clark,Josh Stansbury
Robert Whittaker,Derek Brunson,11/26/16,"Melbourne, Victoria, Australia",Red,Middleweight,KO/TKO,Kick,1,Robert Whittaker,Derek Brunson
Jake Matthews,Andrew Holbrook,11/26/16,"Melbourne, Victoria, Australia",Blue,Lightweight,S-DEC,None,3,Andrew Holbrook,Jake Matthews
Kyle Noke,Omari Akhmedov,11/26/16,"Melbourne, Victoria, Australia",Blue,Welterweight,U-DEC,None,3,Omari Akhmedov,Kyle Noke
Yusuke Kasuya,Alexander Volkanovski,11/26/16,"Melbourne, Victoria, Australia",Blue,Lightweight,KO/TKO,Punches,2,Alexander Volkanovski,Yusuke Kasuya
Khalil Rountree Jr.,Tyson Pedro,11/26/16,"Melbourne, Victoria, Australia",Blue,Light Heavyweight,SUB,Rear Naked Choke,1,Tyson Pedro,Khalil Rountree Jr.
Seohee Ham,Danielle Taylor,11/26/16,"Melbourne, Victoria, Australia",Blue,Women's Strawweight,,None,,Danielle Taylor,Seohee Ham
Daniel Kelly,Chris Camozzi,11/26/16,"Melbourne, Victoria, Australia",Red,Middleweight,U-DEC,None,3,Daniel Kelly,Chris Camozzi
Damien Brown,Jon Tuck,11/26/16,"Melbourne, Victoria, Australia",Red,Lightweight,S-DEC,None,3,Damien Brown,Jon Tuck
Richard Walsh,Jonathan Meunier,11/26/16,"Melbourne, Victoria, Australia",Blue,Welterweight,U-DEC,None,3,Jonathan Meunier,Richard Walsh
Ben Nguyen,Geane Herrera,11/26/16,"Melbourne, Victoria, Australia",Red,Flyweight,U-DEC,None,3,Ben Nguyen,Geane Herrera
Dan Hooker,Jason Knight,11/26/16,"Melbourne, Victoria, Australia",Blue,Featherweight,U-DEC,None,3,Jason Knight,Dan Hooker
Marlon Vera,Ning Guangyou,11/26/16,"Melbourne, Victoria, Australia",Red,Featherweight,,None,,Marlon Vera,Ning Guangyou
Yao Zhikui,Jenel Lausa,11/26/16,"Melbourne, Victoria, Australia",Blue,Flyweight,U-DEC,None,3,Jenel Lausa,Yao Zhikui
Ryan Bader,Rogerio Nogueira,11/19/16,"Sao Paulo, Sao Paulo, Brazil",Red,Light Heavyweight,KO/TKO,Punches,3,Ryan Bader,Rogerio Nogueira
Thomas Almeida,Albert Morales,11/19/16,"Sao Paulo, Sao Paulo, Brazil",Red,Bantamweight,KO/TKO,Punches,2,Thomas Almeida,Albert Morales
Claudia Gadelha,Cortney Casey,11/19/16,"Sao Paulo, Sao Paulo, Brazil",Red,Women's Strawweight,U-DEC,None,3,Claudia Gadelha,Cortney Casey
Thales Leites,Krzysztof Jotko,11/19/16,"Sao Paulo, Sao Paulo, Brazil",Blue,Middleweight,U-DEC,None,3,Krzysztof Jotko,Thales Leites
Warlley Alves,Kamaru Usman,11/19/16,"Sao Paulo, Sao Paulo, Brazil",Blue,Welterweight,U-DEC,None,3,Kamaru Usman,Warlley Alves
Sergio Moraes,Zak Ottow,11/19/16,"Sao Paulo, Sao Paulo, Brazil",Red,Welterweight,S-DEC,None,3,Sergio Moraes,Zak Ottow
Cezar Ferreira,Jack Hermansson,11/19/16,"Sao Paulo, Sao Paulo, Brazil",Red,Middleweight,SUB,Arm Triangle,2,Cezar Ferreira,Jack Hermansson
Marcos Rogerio de Lima,Gadzhimurad Antigulov,11/19/16,"Sao Paulo, Sao Paulo, Brazil",Blue,Light Heavyweight,SUB,Guillotine Choke,1,Gadzhimurad Antigulov,Marcos Rogerio de Lima
Johnny Eduardo,Manvel Gamburyan,11/19/16,"Sao Paulo, Sao Paulo, Brazil",Red,Bantamweight,KO/TKO,Punch,2,Johnny Eduardo,Manvel Gamburyan
Luis Henrique,Christian Colombo,11/19/16,"Sao Paulo, Sao Paulo, Brazil",Red,Heavyweight,SUB,Guillotine Choke,3,Luis Henrique,Christian Colombo
Pedro Munhoz,Justin Scoggins,11/19/16,"Sao Paulo, Sao Paulo, Brazil",Red,Bantamweight,SUB,Guillotine Choke,2,Pedro Munhoz,Justin Scoggins
Gegard Mousasi,Uriah Hall,11/19/16,"Belfast, Northern Ireland, United Kingdom",Red,Middleweight,KO/TKO,Punches,1,Gegard Mousasi,Uriah Hall
Ross Pearson,Stevie Ray,11/19/16,"Belfast, Northern Ireland, United Kingdom",Blue,Lightweight,S-DEC,None,3,Stevie Ray,Ross Pearson
Tim Johnson,Alexander Volkov,11/19/16,"Belfast, Northern Ireland, United Kingdom",Blue,Heavyweight,,None,,Alexander Volkov,Tim Johnson
Artem Lobov,Teruto Ishihara,11/19/16,"Belfast, Northern Ireland, United Kingdom",Red,Featherweight,U-DEC,None,3,Artem Lobov,Teruto Ishihara
Magnus Cedenblad,Jack Marshman,11/19/16,"Belfast, Northern Ireland, United Kingdom",Blue,Middleweight,KO/TKO,Punch,2,Jack Marshman,Magnus Cedenblad
Kyoji Horiguchi,Ali Bagautinov,11/19/16,"Belfast, Northern Ireland, United Kingdom",Red,Flyweight,U-DEC,None,3,Kyoji Horiguchi,Ali Bagautinov
Kevin Lee,Magomed Mustafaev,11/19/16,"Belfast, Northern Ireland, United Kingdom",Red,Lightweight,SUB,Rear Naked Choke,2,Kevin Lee,Magomed Mustafaev
Anna Elmose,Amanda Cooper,11/19/16,"Belfast, Northern Ireland, United Kingdom",Blue,Women's Strawweight,U-DEC,None,3,Amanda Cooper,Anna Elmose
Justin Ledet,Mark Godbeer,11/19/16,"Belfast, Northern Ireland, United Kingdom",Red,Heavyweight,SUB,Rear Naked Choke,1,Justin Ledet,Mark Godbeer
Zak Cummings,Alexander Yakovlev,11/19/16,"Belfast, Northern Ireland, United Kingdom",Red,Welterweight,SUB,Armbar,2,Zak Cummings,Alexander Yakovlev
Marion Reneau,Milana Dudieva,11/19/16,"Belfast, Northern Ireland, United Kingdom",Red,Women's Bantamweight,KO/TKO,Elbows,3,Marion Reneau,Milana Dudieva
Brett Johns,Kwan Ho Kwak,11/19/16,"Belfast, Northern Ireland, United Kingdom",Red,Bantamweight,U-DEC,None,3,Brett Johns,Kwan Ho Kwak
Charlie Ward,Abdul Razak Alhassan,11/19/16,"Belfast, Northern Ireland, United Kingdom",Blue,Welterweight,KO/TKO,Punch,1,Abdul Razak Alhassan,Charlie Ward
Eddie Alvarez,Conor McGregor,11/12/16,"New York City, New York, USA",Blue,Lightweight,KO/TKO,Punches,2,Conor McGregor,Eddie Alvarez
Joanna Jedrzejczyk,Karolina Kowalkiewicz,11/12/16,"New York City, New York, USA",Red,Women's Strawweight,U-DEC,None,5,Joanna Jedrzejczyk,Karolina Kowalkiewicz
Chris Weidman,Yoel Romero,11/12/16,"New York City, New York, USA",Blue,Middleweight,KO/TKO,Flying Knee,3,Yoel Romero,Chris Weidman
Miesha Tate,Raquel Pennington,11/12/16,"New York City, New York, USA",Blue,Women's Bantamweight,U-DEC,None,3,Raquel Pennington,Miesha Tate
Frankie Edgar,Jeremy Stephens,11/12/16,"New York City, New York, USA",Red,Featherweight,U-DEC,None,3,Frankie Edgar,Jeremy Stephens
Khabib Nurmagomedov,Michael Johnson,11/12/16,"New York City, New York, USA",Red,Lightweight,SUB,Kimura,3,Khabib Nurmagomedov,Michael Johnson
Rafael Natal,Tim Boetsch,11/12/16,"New York City, New York, USA",Blue,Middleweight,KO/TKO,Punches,1,Tim Boetsch,Rafael Natal
Vicente Luque,Belal Muhammad,11/12/16,"New York City, New York, USA",Red,Welterweight,KO/TKO,Punches,1,Vicente Luque,Belal Muhammad
Jim Miller,Thiago Alves,11/12/16,"New York City, New York, USA",Red,Catch Weight,U-DEC,None,3,Jim Miller,Thiago Alves
Liz Carmouche,Katlyn Chookagian,11/12/16,"New York City, New York, USA",Red,Women's Bantamweight,S-DEC,None,3,Liz Carmouche,Katlyn Chookagian
Rafael Dos Anjos,Tony Ferguson,11/5/16,"Mexico City, Distrito Federal, Mexico",Blue,Lightweight,U-DEC,None,5,Tony Ferguson,Rafael Dos Anjos
Diego Sanchez,Marcin Held,11/5/16,"Mexico City, Distrito Federal, Mexico",Red,Lightweight,U-DEC,None,3,Diego Sanchez,Marcin Held
Ricardo Lamas,Charles Oliveira,11/5/16,"Mexico City, Distrito Federal, Mexico",Red,Featherweight,SUB,Guillotine Choke,2,Ricardo Lamas,Charles Oliveira
Martin Bravo,Claudio Puelles,11/5/16,"Mexico City, Distrito Federal, Mexico",Red,Lightweight,KO/TKO,Punch,2,Martin Bravo,Claudio Puelles
Beneil Dariush,Rashid Magomedov,11/5/16,"Mexico City, Distrito Federal, Mexico",Red,Lightweight,U-DEC,None,3,Beneil Dariush,Rashid Magomedov
Alexa Grasso,Heather Jo Clark,11/5/16,"Mexico City, Distrito Federal, Mexico",Red,Women's Strawweight,,None,,Alexa Grasso,Heather Jo Clark
Erik Perez,Felipe Arantes,11/5/16,"Mexico City, Distrito Federal, Mexico",Red,Bantamweight,S-DEC,None,3,Erik Perez,Felipe Arantes
Marco Beltran,Joe Soto,11/5/16,"Mexico City, Distrito Federal, Mexico",Blue,Catch Weight,SUB,Heel Hook,1,Joe Soto,Marco Beltran
Erick Montano,Max Griffin,11/5/16,"Mexico City, Distrito Federal, Mexico",Blue,Welterweight,KO/TKO,Punch,1,Max Griffin,Erick Montano
Henry Briones,Douglas Silva de Andrade,11/5/16,"Mexico City, Distrito Federal, Mexico",Blue,Bantamweight,KO/TKO,Spinning Back Fist,3,Douglas Silva de Andrade,Henry Briones
Sam Alvey,Alex Nicholson,11/5/16,"Mexico City, Distrito Federal, Mexico",Red,Middleweight,U-DEC,None,3,Sam Alvey,Alex Nicholson
Polo Reyes,Jason Novelli,11/5/16,"Mexico City, Distrito Federal, Mexico",Red,Lightweight,,None,,Polo Reyes,Jason Novelli
Enrique Barzola,Chris Avila,11/5/16,"Mexico City, Distrito Federal, Mexico",Red,Featherweight,U-DEC,None,3,Enrique Barzola,Chris Avila
Michael Bisping,Dan Henderson,10/8/16,"Manchester, England, United Kingdom",Red,Middleweight,U-DEC,None,5,Michael Bisping,Dan Henderson
Vitor Belfort,Gegard Mousasi,10/8/16,"Manchester, England, United Kingdom",Blue,Middleweight,KO/TKO,Punches,2,Gegard Mousasi,Vitor Belfort
Ovince Saint Preux,Jimi Manuwa,10/8/16,"Manchester, England, United Kingdom",Blue,Light Heavyweight,KO/TKO,Punch,2,Jimi Manuwa,Ovince Saint Preux
Stefan Struve,Daniel Omielanczuk,10/8/16,"Manchester, England, United Kingdom",Red,Heavyweight,SUB,D'Arce Choke,2,Stefan Struve,Daniel Omielanczuk
Mirsad Bektic,Russell Doane,10/8/16,"Manchester, England, United Kingdom",Red,Featherweight,SUB,Rear Naked Choke,1,Mirsad Bektic,Russell Doane
Brad Pickett,Iuri Alcantara,10/8/16,"Manchester, England, United Kingdom",Blue,Bantamweight,SUB,Triangle Choke,1,Iuri Alcantara,Brad Pickett
Davey Grant,Damian Stasiak,10/8/16,"Manchester, England, United Kingdom",Blue,Bantamweight,SUB,Armbar,3,Damian Stasiak,Davey Grant
Leon Edwards,Albert Tumenov,10/8/16,"Manchester, England, United Kingdom",Red,Welterweight,SUB,Rear Naked Choke,3,Leon Edwards,Albert Tumenov
Lukasz Sajewski,Marc Diakiese,10/8/16,"Manchester, England, United Kingdom",Blue,Lightweight,KO/TKO,Punches,2,Marc Diakiese,Lukasz Sajewski
Danny Roberts,Mike Perry,10/8/16,"Manchester, England, United Kingdom",Blue,Welterweight,KO/TKO,Knee,3,Mike Perry,Danny Roberts
Leonardo Santos,Adriano Martins,10/8/16,"Manchester, England, United Kingdom",Red,Lightweight,S-DEC,None,3,Leonardo Santos,Adriano Martins
John Lineker,John Dodson,10/1/16,"Portland, Oregon, USA",Red,Bantamweight,S-DEC,None,5,John Lineker,John Dodson
Will Brooks,Alex Oliveira,10/1/16,"Portland, Oregon, USA",Blue,Lightweight,KO/TKO,Punches,3,Alex Oliveira,Will Brooks
Joshua Burkman,Zak Ottow,10/1/16,"Portland, Oregon, USA",Blue,Welterweight,S-DEC,None,3,Zak Ottow,Joshua Burkman
Louis Smolka,Brandon Moreno,10/1/16,"Portland, Oregon, USA",Blue,Flyweight,SUB,Guillotine Choke,1,Brandon Moreno,Louis Smolka
Henrique da Silva,Joachim Christensen,10/1/16,"Portland, Oregon, USA",Red,Light Heavyweight,SUB,Armbar,2,Henrique da Silva,Joachim Christensen
Hacran Dias,Andre Fili,10/1/16,"Portland, Oregon, USA",Blue,Featherweight,U-DEC,None,3,Andre Fili,Hacran Dias
Shamil Abdurakhimov,Walt Harris,10/1/16,"Portland, Oregon, USA",Red,Heavyweight,S-DEC,None,3,Shamil Abdurakhimov,Walt Harris
Keita Nakamura,Elizeu Zaleski dos Santos,10/1/16,"Portland, Oregon, USA",Blue,Welterweight,U-DEC,None,3,Elizeu Zaleski dos Santos,Keita Nakamura
Nate Marquardt,Tamdan McCrory,10/1/16,"Portland, Oregon, USA",Red,Middleweight,KO/TKO,Kick,2,Nate Marquardt,Tamdan McCrory
Jonathan Wilson,Ion Cutelaba,10/1/16,"Portland, Oregon, USA",Blue,Light Heavyweight,U-DEC,None,3,Ion Cutelaba,Jonathan Wilson
Cody East,Curtis Blaydes,10/1/16,"Portland, Oregon, USA",Blue,Heavyweight,KO/TKO,Elbows,2,Curtis Blaydes,Cody East
Kelly Faszholz,Ketlen Vieira,10/1/16,"Portland, Oregon, USA",Blue,Women's Bantamweight,S-DEC,None,3,Ketlen Vieira,Kelly Faszholz
Cris Cyborg,Lina Lansberg,9/24/16,"Brasilia, Distrito Federal, Brazil",Red,Catch Weight,,None,,Cris Cyborg,Lina Lansberg
Renan Barao,Phillipe Nover,9/24/16,"Brasilia, Distrito Federal, Brazil",Red,Featherweight,U-DEC,None,3,Renan Barao,Phillipe Nover
Roy Nelson,Antonio Silva,9/24/16,"Brasilia, Distrito Federal, Brazil",Red,Heavyweight,KO/TKO,Punch,2,Roy Nelson,Antonio Silva
Francisco Trinaldo,Paul Felder,9/24/16,"Brasilia, Distrito Federal, Brazil",Red,Lightweight,KO/TKO,None,3,Francisco Trinaldo,Paul Felder
Thiago Santos,Eric Spicely,9/24/16,"Brasilia, Distrito Federal, Brazil",Blue,Middleweight,SUB,Rear Naked Choke,1,Eric Spicely,Thiago Santos
Godofredo Pepey,Mike de la Torre,9/24/16,"Brasilia, Distrito Federal, Brazil",Red,Featherweight,SUB,Rear Naked Choke,1,Godofredo Pepey,Mike de la Torre
Gilbert Burns,Michel Prazeres,9/24/16,"Brasilia, Distrito Federal, Brazil",Blue,Lightweight,U-DEC,None,3,Michel Prazeres,Gilbert Burns
Rani Yahya,Michinori Tanaka,9/24/16,"Brasilia, Distrito Federal, Brazil",Red,Bantamweight,U-DEC,None,3,Rani Yahya,Michinori Tanaka
Jussier Formiga,Dustin Ortiz,9/24/16,"Brasilia, Distrito Federal, Brazil",Red,Flyweight,U-DEC,None,3,Jussier Formiga,Dustin Ortiz
Erick Silva,Luan Chagas,9/24/16,"Brasilia, Distrito Federal, Brazil",Red,Welterweight,SUB,Rear Naked Choke,3,Erick Silva,Luan Chagas
Alan Patrick,Stevie Ray,9/24/16,"Brasilia, Distrito Federal, Brazil",Red,Lightweight,U-DEC,None,3,Alan Patrick,Stevie Ray
Vicente Luque,Hector Urbina,9/24/16,"Brasilia, Distrito Federal, Brazil",Red,Welterweight,KO/TKO,Punch,1,Vicente Luque,Hector Urbina
Glaico Franca,Gregor Gillespie,9/24/16,"Brasilia, Distrito Federal, Brazil",Blue,Lightweight,,None,,Gregor Gillespie,Glaico Franca
Dustin Poirier,Michael Johnson,9/17/16,"Hidalgo, Texas, USA",Blue,Lightweight,KO/TKO,Punches,1,Michael Johnson,Dustin Poirier
Uriah Hall,Derek Brunson,9/17/16,"Hidalgo, Texas, USA",Blue,Middleweight,KO/TKO,Punches,1,Derek Brunson,Uriah Hall
Evan Dunham,Rick Glenn,9/17/16,"Hidalgo, Texas, USA",Red,Lightweight,U-DEC,None,3,Evan Dunham,Rick Glenn
Roan Carneiro,Kenny Robertson,9/17/16,"Hidalgo, Texas, USA",Red,Welterweight,S-DEC,None,3,Roan Carneiro,Kenny Robertson
Chris Wade,Islam Makhachev,9/17/16,"Hidalgo, Texas, USA",Blue,Lightweight,U-DEC,None,3,Islam Makhachev,Chris Wade
Chas Skelly,Maximo Blanco,9/17/16,"Hidalgo, Texas, USA",Red,Featherweight,SUB,D'Arce Choke,1,Chas Skelly,Maximo Blanco
Gabriel Benitez,Sam Sicilia,9/17/16,"Hidalgo, Texas, USA",Red,Featherweight,SUB,Guillotine Choke,2,Gabriel Benitez,Sam Sicilia
Augusto Montano,Belal Muhammad,9/17/16,"Hidalgo, Texas, USA",Blue,Welterweight,KO/TKO,Punches,3,Belal Muhammad,Augusto Montano
Antonio Carlos Junior,Leonardo Augusto Leleco,9/17/16,"Hidalgo, Texas, USA",Red,Middleweight,,None,,Antonio Carlos Junior,Leonardo Augusto Leleco
Jose Quinonez,Joey Gomez,9/17/16,"Hidalgo, Texas, USA",Red,Bantamweight,U-DEC,None,3,Jose Quinonez,Joey Gomez
Erick Montano,Randy Brown,9/17/16,"Hidalgo, Texas, USA",Blue,Welterweight,SUB,Guillotine Choke,3,Randy Brown,Erick Montano
Stipe Miocic,Alistair Overeem,9/10/16,"Cleveland, Ohio, USA",Red,Heavyweight,KO/TKO,Punch,1,Stipe Miocic,Alistair Overeem
Fabricio Werdum,Travis Browne,9/10/16,"Cleveland, Ohio, USA",Red,Heavyweight,U-DEC,None,3,Fabricio Werdum,Travis Browne
CM Punk,Mickey Gall,9/10/16,"Cleveland, Ohio, USA",Blue,Welterweight,SUB,Rear Naked Choke,1,Mickey Gall,CM Punk
Urijah Faber,Jimmie Rivera,9/10/16,"Cleveland, Ohio, USA",Blue,Bantamweight,U-DEC,None,3,Jimmie Rivera,Urijah Faber
Jessica Andrade,Joanne Calderwood,9/10/16,"Cleveland, Ohio, USA",Red,Women's Strawweight,SUB,Guillotine Choke,1,Jessica Andrade,Joanne Calderwood
Jessica Eye,Bethe Correia,9/10/16,"Cleveland, Ohio, USA",Blue,Women's Bantamweight,S-DEC,None,3,Bethe Correia,Jessica Eye
Brad Tavares,Caio Magalhaes,9/10/16,"Cleveland, Ohio, USA",Red,Middleweight,S-DEC,None,3,Brad Tavares,Caio Magalhaes
Nik Lentz,Michael McBride,9/10/16,"Cleveland, Ohio, USA",Red,Lightweight,KO/TKO,Punches,2,Nik Lentz,Michael McBride
Drew Dober,Jason Gonzalez,9/10/16,"Cleveland, Ohio, USA",Red,Lightweight,KO/TKO,Punch,1,Drew Dober,Jason Gonzalez
Yancy Medeiros,Sean Spencer,9/10/16,"Cleveland, Ohio, USA",Red,Welterweight,SUB,Rear Naked Choke,2,Yancy Medeiros,Sean Spencer
Andrei Arlovski,Josh Barnett,9/3/16,"Hamburg, Hamburg, Germany",Blue,Heavyweight,SUB,Rear Naked Choke,3,Josh Barnett,Andrei Arlovski
Alexander Gustafsson,Jan Blachowicz,9/3/16,"Hamburg, Hamburg, Germany",Red,Light Heavyweight,U-DEC,None,3,Alexander Gustafsson,Jan Blachowicz
Ryan Bader,Ilir Latifi,9/3/16,"Hamburg, Hamburg, Germany",Red,Light Heavyweight,KO/TKO,Knee,2,Ryan Bader,Ilir Latifi
Nick Hein,Tae Hyun Bang,9/3/16,"Hamburg, Hamburg, Germany",Red,Lightweight,U-DEC,None,3,Nick Hein,Tae Hyun Bang
Jessin Ayari,Jimmy Wallhead,9/3/16,"Hamburg, Hamburg, Germany",Red,Welterweight,,None,,Jessin Ayari,Jimmy Wallhead
Peter Sobotta,Nicolas Dalby,9/3/16,"Hamburg, Hamburg, Germany",Red,Welterweight,U-DEC,None,3,Peter Sobotta,Nicolas Dalby
Ashlee Evans-Smith,Veronica Macedo,9/3/16,"Hamburg, Hamburg, Germany",Red,Women's Bantamweight,KO/TKO,Elbows,3,Ashlee Evans-Smith,Veronica Macedo
Taylor Lapilus,Leandro Issa,9/3/16,"Hamburg, Hamburg, Germany",Red,Bantamweight,U-DEC,None,3,Taylor Lapilus,Leandro Issa
Scott Askham,Jack Hermansson,9/3/16,"Hamburg, Hamburg, Germany",Blue,Middleweight,U-DEC,None,3,Jack Hermansson,Scott Askham
Rustam Khabilov,Leandro Silva,9/3/16,"Hamburg, Hamburg, Germany",Red,Lightweight,U-DEC,None,3,Rustam Khabilov,Leandro Silva
Demian Maia,Carlos Condit,8/27/16,"Vancouver, British Columbia, Canada",Red,Welterweight,SUB,Rear Naked Choke,1,Demian Maia,Carlos Condit
Anthony Pettis,Charles Oliveira,8/27/16,"Vancouver, British Columbia, Canada",Red,Featherweight,SUB,Guillotine Choke,3,Anthony Pettis,Charles Oliveira
Paige VanZant,Bec Rawlings,8/27/16,"Vancouver, British Columbia, Canada",Red,Women's Strawweight,KO/TKO,Kick,2,Paige VanZant,Bec Rawlings
Joe Lauzon,Jim Miller,8/27/16,"Vancouver, British Columbia, Canada",Blue,Lightweight,S-DEC,None,3,Jim Miller,Joe Lauzon
Sam Alvey,Kevin Casey,8/27/16,"Vancouver, British Columbia, Canada",Red,Middleweight,KO/TKO,Punches,2,Sam Alvey,Kevin Casey
Enrique Barzola,Kyle Bochniak,8/27/16,"Vancouver, British Columbia, Canada",Blue,Featherweight,S-DEC,None,3,Kyle Bochniak,Enrique Barzola
Garreth McLellan,Alessio Di Chirico,8/27/16,"Vancouver, British Columbia, Canada",Blue,Middleweight,S-DEC,None,3,Alessio Di Chirico,Garreth McLellan
Shane Campbell,Felipe Silva,8/27/16,"Vancouver, British Columbia, Canada",Blue,Lightweight,KO/TKO,Punch,1,Felipe Silva,Shane Campbell
Chad Laprise,Thibault Gouti,8/27/16,"Vancouver, British Columbia, Canada",Red,Lightweight,KO/TKO,Punch,1,Chad Laprise,Thibault Gouti
Jeremy Kennedy,Alessandro Ricci,8/27/16,"Vancouver, British Columbia, Canada",Red,Lightweight,,None,,Jeremy Kennedy,Alessandro Ricci
Nate Diaz,Conor McGregor,8/20/16,"Las Vegas, Nevada, USA",Blue,Welterweight,M-DEC,None,5,Conor McGregor,Nate Diaz
Anthony Johnson,Glover Teixeira,8/20/16,"Las Vegas, Nevada, USA",Red,Light Heavyweight,KO/TKO,Punch,1,Anthony Johnson,Glover Teixeira
Rick Story,Donald Cerrone,8/20/16,"Las Vegas, Nevada, USA",Blue,Welterweight,KO/TKO,Kick,2,Donald Cerrone,Rick Story
Hyun Gyu Lim,Mike Perry,8/20/16,"Las Vegas, Nevada, USA",Blue,Welterweight,KO/TKO,Punch,1,Mike Perry,Hyun Gyu Lim
Tim Means,Sabah Homasi,8/20/16,"Las Vegas, Nevada, USA",Red,Welterweight,KO/TKO,Punches,2,Tim Means,Sabah Homasi
Cody Garbrandt,Takeya Mizugaki,8/20/16,"Las Vegas, Nevada, USA",Red,Bantamweight,KO/TKO,Punch,1,Cody Garbrandt,Takeya Mizugaki
Raquel Pennington,Elizabeth Phillips,8/20/16,"Las Vegas, Nevada, USA",Red,Women's Bantamweight,U-DEC,None,3,Raquel Pennington,Elizabeth Phillips
Artem Lobov,Chris Avila,8/20/16,"Las Vegas, Nevada, USA",Red,Featherweight,U-DEC,None,3,Artem Lobov,Chris Avila
Randa Markos,Cortney Casey,8/20/16,"Las Vegas, Nevada, USA",Blue,Women's Strawweight,SUB,Armbar,1,Cortney Casey,Randa Markos
Neil Magny,Lorenz Larkin,8/20/16,"Las Vegas, Nevada, USA",Blue,Welterweight,KO/TKO,Elbows,1,Lorenz Larkin,Neil Magny
Colby Covington,Max Griffin,8/20/16,"Las Vegas, Nevada, USA",Red,Welterweight,KO/TKO,Punches,3,Colby Covington,Max Griffin
Alberto Uda,Marvin Vettori,8/20/16,"Las Vegas, Nevada, USA",Blue,Middleweight,SUB,Guillotine Choke,1,Marvin Vettori,Alberto Uda
Yair Rodriguez,Alex Caceres,8/6/16,"Salt Lake City, Utah, USA",Red,Featherweight,S-DEC,None,5,Yair Rodriguez,Alex Caceres
Dennis Bermudez,Rony Jason,8/6/16,"Salt Lake City, Utah, USA",Red,Featherweight,U-DEC,None,3,Dennis Bermudez,Rony Jason
Thales Leites,Chris Camozzi,8/6/16,"Salt Lake City, Utah, USA",Red,Middleweight,SUB,Rear Naked Choke,3,Thales Leites,Chris Camozzi
Santiago Ponzinibbio,Zak Cummings,8/6/16,"Salt Lake City, Utah, USA",Red,Welterweight,U-DEC,None,3,Santiago Ponzinibbio,Zak Cummings
Trevor Smith,Joe Gigliotti,8/6/16,"Salt Lake City, Utah, USA",Red,Middleweight,,None,,Trevor Smith,Joe Gigliotti
Maryna Moroz,Danielle Taylor,8/6/16,"Salt Lake City, Utah, USA",Red,Women's Strawweight,S-DEC,None,3,Maryna Moroz,Danielle Taylor
Court McGee,Dominique Steele,8/6/16,"Salt Lake City, Utah, USA",Red,Welterweight,U-DEC,None,3,Court McGee,Dominique Steele
Viktor Pesta,Marcin Tybura,8/6/16,"Salt Lake City, Utah, USA",Blue,Heavyweight,KO/TKO,Kick,2,Marcin Tybura,Viktor Pesta
David Teymur,Jason Novelli,8/6/16,"Salt Lake City, Utah, USA",Red,Lightweight,KO/TKO,Punches,2,David Teymur,Jason Novelli
Teruto Ishihara,Horacio Gutierrez,8/6/16,"Salt Lake City, Utah, USA",Red,Featherweight,KO/TKO,Punches,1,Teruto Ishihara,Horacio Gutierrez
Cub Swanson,Tatsuya Kawajiri,8/6/16,"Salt Lake City, Utah, USA",Red,Featherweight,U-DEC,None,3,Cub Swanson,Tatsuya Kawajiri
Chase Sherman,Justin Ledet,8/6/16,"Salt Lake City, Utah, USA",Blue,Heavyweight,U-DEC,None,3,Justin Ledet,Chase Sherman
Robbie Lawler,Tyron Woodley,7/30/16,"Atlanta, Georgia, USA",Blue,Welterweight,KO/TKO,Punch,1,Tyron Woodley,Robbie Lawler
Rose Namajunas,Karolina Kowalkiewicz,7/30/16,"Atlanta, Georgia, USA",Blue,Women's Strawweight,S-DEC,None,3,Karolina Kowalkiewicz,Rose Namajunas
Matt Brown,Jake Ellenberger,7/30/16,"Atlanta, Georgia, USA",Blue,Welterweight,KO/TKO,Kick,1,Jake Ellenberger,Matt Brown
Francisco Rivera,Erik Perez,7/30/16,"Atlanta, Georgia, USA",Blue,Bantamweight,U-DEC,None,3,Erik Perez,Francisco Rivera
Ryan Benoit,Fredy Serrano,7/30/16,"Atlanta, Georgia, USA",Red,Flyweight,S-DEC,None,3,Ryan Benoit,Fredy Serrano
Nikita Krylov,Ed Herman,7/30/16,"Atlanta, Georgia, USA",Red,Light Heavyweight,KO/TKO,Kick,2,Nikita Krylov,Ed Herman
Ross Pearson,Jorge Masvidal,7/30/16,"Atlanta, Georgia, USA",Blue,Welterweight,U-DEC,None,3,Jorge Masvidal,Ross Pearson
Anthony Hamilton,Damian Grabowski,7/30/16,"Atlanta, Georgia, USA",Red,Heavyweight,KO/TKO,Punches,1,Anthony Hamilton,Damian Grabowski
Wilson Reis,Hector Sandoval,7/30/16,"Atlanta, Georgia, USA",Red,Flyweight,SUB,Rear Naked Choke,1,Wilson Reis,Hector Sandoval
Cesar Arzamendia,Damien Brown,7/30/16,"Atlanta, Georgia, USA",Blue,Lightweight,KO/TKO,Punches,1,Damien Brown,Cesar Arzamendia
Holly Holm,Valentina Shevchenko,7/23/16,"Chicago, Illinois, USA",Blue,Women's Bantamweight,U-DEC,None,5,Valentina Shevchenko,Holly Holm
Edson Barboza,Gilbert Melendez,7/23/16,"Chicago, Illinois, USA",Red,Lightweight,U-DEC,None,3,Edson Barboza,Gilbert Melendez
Francis Ngannou,Bojan Mihajlovic,7/23/16,"Chicago, Illinois, USA",Red,Heavyweight,KO/TKO,Punches,1,Francis Ngannou,Bojan Mihajlovic
Felice Herrig,Kailin Curran,7/23/16,"Chicago, Illinois, USA",Red,Women's Strawweight,SUB,Rear Naked Choke,1,Felice Herrig,Kailin Curran
Frankie Saenz,Eddie Wineland,7/23/16,"Chicago, Illinois, USA",Blue,Bantamweight,KO/TKO,Punches,3,Eddie Wineland,Frankie Saenz
Darren Elkins,Godofredo Pepey,7/23/16,"Chicago, Illinois, USA",Red,Featherweight,U-DEC,None,3,Darren Elkins,Godofredo Pepey
Kamaru Usman,Alexander Yakovlev,7/23/16,"Chicago, Illinois, USA",Red,Welterweight,U-DEC,None,3,Kamaru Usman,Alexander Yakovlev
Michel Prazeres,JC Cottrell,7/23/16,"Chicago, Illinois, USA",Red,Lightweight,U-DEC,None,3,Michel Prazeres,JC Cottrell
Alex Oliveira,James Moontasri,7/23/16,"Chicago, Illinois, USA",Red,Welterweight,U-DEC,None,3,Alex Oliveira,James Moontasri
Jim Alers,Jason Knight,7/23/16,"Chicago, Illinois, USA",Blue,Featherweight,S-DEC,None,3,Jason Knight,Jim Alers
Luis Henrique,Dmitrii Smoliakov,7/23/16,"Chicago, Illinois, USA",Red,Heavyweight,SUB,Rear Naked Choke,2,Luis Henrique,Dmitrii Smoliakov
Michael McDonald,John Lineker,7/13/16,"Sioux Falls, South Dakota, USA",Blue,Bantamweight,KO/TKO,Punch,1,John Lineker,Michael McDonald
Tony Ferguson,Lando Vannata,7/13/16,"Sioux Falls, South Dakota, USA",Red,Lightweight,SUB,D'Arce Choke,2,Tony Ferguson,Lando Vannata
Tim Boetsch,Josh Samman,7/13/16,"Sioux Falls, South Dakota, USA",Red,Middleweight,KO/TKO,Punches,2,Tim Boetsch,Josh Samman
Aleksei Oleinik,Daniel Omielanczuk,7/13/16,"Sioux Falls, South Dakota, USA",Blue,Heavyweight,M-DEC,None,3,Daniel Omielanczuk,Aleksei Oleinik
Kyle Noke,Keita Nakamura,7/13/16,"Sioux Falls, South Dakota, USA",Blue,Welterweight,SUB,Rear Naked Choke,2,Keita Nakamura,Kyle Noke
Louis Smolka,Ben Nguyen,7/13/16,"Sioux Falls, South Dakota, USA",Red,Flyweight,KO/TKO,Elbows,2,Louis Smolka,Ben Nguyen
Lauren Murphy,Katlyn Chookagian,7/13/16,"Sioux Falls, South Dakota, USA",Blue,Women's Bantamweight,U-DEC,None,3,Katlyn Chookagian,Lauren Murphy
Eric Spicely,Sam Alvey,7/13/16,"Sioux Falls, South Dakota, USA",Blue,Middleweight,SUB,Guillotine Choke,1,Sam Alvey,Eric Spicely
Cortney Casey,Cristina Stanciu,7/13/16,"Sioux Falls, South Dakota, USA",Red,Women's Strawweight,KO/TKO,Elbows,1,Cortney Casey,Cristina Stanciu
Scott Holtzman,Cody Pfister,7/13/16,"Sioux Falls, South Dakota, USA",Red,Lightweight,U-DEC,None,3,Scott Holtzman,Cody Pfister
Rani Yahya,Matthew Lopez,7/13/16,"Sioux Falls, South Dakota, USA",Red,Bantamweight,SUB,Arm Triangle,3,Rani Yahya,Matthew Lopez
Devin Clark,Alex Nicholson,7/13/16,"Sioux Falls, South Dakota, USA",Blue,Middleweight,KO/TKO,Punch,1,Alex Nicholson,Devin Clark
Miesha Tate,Amanda Nunes,7/9/16,"Las Vegas, Nevada, USA",Blue,Women's Bantamweight,SUB,Rear Naked Choke,1,Amanda Nunes,Miesha Tate
Daniel Cormier,Anderson Silva,7/9/16,"Las Vegas, Nevada, USA",Red,Light Heavyweight,U-DEC,None,3,Daniel Cormier,Anderson Silva
Jose Aldo,Frankie Edgar,7/9/16,"Las Vegas, Nevada, USA",Red,Featherweight,U-DEC,None,5,Jose Aldo,Frankie Edgar
Cain Velasquez,Travis Browne,7/9/16,"Las Vegas, Nevada, USA",Red,Heavyweight,KO/TKO,Punches,1,Cain Velasquez,Travis Browne
Cat Zingano,Julianna Pena,7/9/16,"Las Vegas, Nevada, USA",Blue,Women's Bantamweight,U-DEC,None,3,Julianna Pena,Cat Zingano
Johny Hendricks,Kelvin Gastelum,7/9/16,"Las Vegas, Nevada, USA",Blue,Welterweight,U-DEC,None,3,Kelvin Gastelum,Johny Hendricks
TJ Dillashaw,Raphael Assuncao,7/9/16,"Las Vegas, Nevada, USA",Red,Bantamweight,U-DEC,None,3,TJ Dillashaw,Raphael Assuncao
Sage Northcutt,Enrique Marin,7/9/16,"Las Vegas, Nevada, USA",Red,Lightweight,U-DEC,None,3,Sage Northcutt,Enrique Marin
Diego Sanchez,Joe Lauzon,7/9/16,"Las Vegas, Nevada, USA",Blue,Lightweight,KO/TKO,Punches,1,Joe Lauzon,Diego Sanchez
Gegard Mousasi,Thiago Santos,7/9/16,"Las Vegas, Nevada, USA",Red,Middleweight,KO/TKO,Punch,1,Gegard Mousasi,Thiago Santos
Jim Miller,Takanori Gomi,7/9/16,"Las Vegas, Nevada, USA",Red,Lightweight,KO/TKO,Punches,1,Jim Miller,Takanori Gomi
Joanna Jedrzejczyk,Claudia Gadelha,7/8/16,"Las Vegas, Nevada, USA",Red,Women's Strawweight,U-DEC,None,5,Joanna Jedrzejczyk,Claudia Gadelha
Andrew Sanchez,Khalil Rountree Jr.,7/8/16,"Las Vegas, Nevada, USA",Red,Light Heavyweight,U-DEC,None,3,Andrew Sanchez,Khalil Rountree Jr.
Tatiana Suarez,Amanda Cooper,7/8/16,"Las Vegas, Nevada, USA",Red,Women's Strawweight,SUB,D'Arce Choke,1,Tatiana Suarez,Amanda Cooper
Ross Pearson,Will Brooks,7/8/16,"Las Vegas, Nevada, USA",Blue,Lightweight,U-DEC,None,3,Will Brooks,Ross Pearson
Dooho Choi,Thiago Tavares,7/8/16,"Las Vegas, Nevada, USA",Red,Featherweight,KO/TKO,Punch,1,Dooho Choi,Thiago Tavares
Joaquim Silva,Andrew Holbrook,7/8/16,"Las Vegas, Nevada, USA",Red,Lightweight,KO/TKO,Punch,1,Joaquim Silva,Andrew Holbrook
Gray Maynard,Fernando Bruno,7/8/16,"Las Vegas, Nevada, USA",Red,Featherweight,U-DEC,None,3,Gray Maynard,Fernando Bruno
John Moraga,Matheus Nicolau,7/8/16,"Las Vegas, Nevada, USA",Blue,Flyweight,,None,,Matheus Nicolau,John Moraga
Cory Hendricks,Josh Stansbury,7/8/16,"Las Vegas, Nevada, USA",Blue,Light Heavyweight,M-DEC,None,3,Josh Stansbury,Cory Hendricks
Cezar Ferreira,Anthony Smith,7/8/16,"Las Vegas, Nevada, USA",Red,Middleweight,U-DEC,None,3,Cezar Ferreira,Anthony Smith
Jake Matthews,Kevin Lee,7/8/16,"Las Vegas, Nevada, USA",Blue,Lightweight,KO/TKO,Punches,1,Kevin Lee,Jake Matthews
Li Jingliang,Anton Zafir,7/8/16,"Las Vegas, Nevada, USA",Red,Welterweight,,None,,Li Jingliang,Anton Zafir
Rafael Dos Anjos,Eddie Alvarez,7/7/16,"Las Vegas, Nevada, USA",Blue,Lightweight,KO/TKO,Punches,1,Eddie Alvarez,Rafael Dos Anjos
Roy Nelson,Derrick Lewis,7/7/16,"Las Vegas, Nevada, USA",Blue,Heavyweight,S-DEC,None,3,Derrick Lewis,Roy Nelson
Alan Jouban,Belal Muhammad,7/7/16,"Las Vegas, Nevada, USA",Red,Welterweight,U-DEC,None,3,Alan Jouban,Belal Muhammad
Joe Duffy,Mitch Clarke,7/7/16,"Las Vegas, Nevada, USA",Red,Lightweight,SUB,Rear Naked Choke,1,Joe Duffy,Mitch Clarke
Mike Pyle,Alberto Mina,7/7/16,"Las Vegas, Nevada, USA",Blue,Welterweight,KO/TKO,Flying Knee,2,Alberto Mina,Mike Pyle
John Makdessi,Mehdi Baghdad,7/7/16,"Las Vegas, Nevada, USA",Red,Lightweight,S-DEC,None,3,John Makdessi,Mehdi Baghdad
Anthony Birchak,Dileno Lopes,7/7/16,"Las Vegas, Nevada, USA",Red,Bantamweight,S-DEC,None,3,Anthony Birchak,Dileno Lopes
Russell Doane,Pedro Munhoz,7/7/16,"Las Vegas, Nevada, USA",Blue,Bantamweight,SUB,Guillotine Choke,1,Pedro Munhoz,Russell Doane
Felipe Arantes,Jerrod Sanders,7/7/16,"Las Vegas, Nevada, USA",Red,Bantamweight,SUB,Armbar,2,Felipe Arantes,Jerrod Sanders
Gilbert Burns,Lukasz Sajewski,7/7/16,"Las Vegas, Nevada, USA",Red,Lightweight,SUB,Armbar,1,Gilbert Burns,Lukasz Sajewski
Marco Beltran,Reginaldo Vieira,7/7/16,"Las Vegas, Nevada, USA",Red,Bantamweight,SUB,Rear Naked Choke,2,Marco Beltran,Reginaldo Vieira
Vicente Luque,Alvaro Herrera,7/7/16,"Las Vegas, Nevada, USA",Red,Welterweight,,None,,Vicente Luque,Alvaro Herrera
Rory MacDonald,Stephen Thompson,6/18/16,"Ottawa, Ontario, Canada",Blue,Welterweight,U-DEC,None,5,Stephen Thompson,Rory MacDonald
Donald Cerrone,Patrick Cote,6/18/16,"Ottawa, Ontario, Canada",Red,Welterweight,KO/TKO,Punches,3,Donald Cerrone,Patrick Cote
Steve Bosse,Sean O'Connell,6/18/16,"Ottawa, Ontario, Canada",Red,Light Heavyweight,U-DEC,None,3,Steve Bosse,Sean O'Connell
Olivier Aubin-Mercier,Thibault Gouti,6/18/16,"Ottawa, Ontario, Canada",Red,Lightweight,SUB,Rear Naked Choke,3,Olivier Aubin-Mercier,Thibault Gouti
Valerie Letourneau,Joanne Calderwood,6/18/16,"Ottawa, Ontario, Canada",Blue,Women's Flyweight,KO/TKO,Kick,3,Joanne Calderwood,Valerie Letourneau
Jason Saggo,Leandro Silva,6/18/16,"Ottawa, Ontario, Canada",Red,Lightweight,S-DEC,None,3,Jason Saggo,Leandro Silva
Misha Cirkunov,Ion Cutelaba,6/18/16,"Ottawa, Ontario, Canada",Red,Light Heavyweight,SUB,Arm Triangle,3,Misha Cirkunov,Ion Cutelaba
Tamdan McCrory,Krzysztof Jotko,6/18/16,"Ottawa, Ontario, Canada",Blue,Middleweight,KO/TKO,Punch,1,Krzysztof Jotko,Tamdan McCrory
Chris Beal,Joe Soto,6/18/16,"Ottawa, Ontario, Canada",Blue,Bantamweight,SUB,Rear Naked Choke,3,Joe Soto,Chris Beal
Elias Theodorou,Sam Alvey,6/18/16,"Ottawa, Ontario, Canada",Red,Middleweight,U-DEC,None,3,Elias Theodorou,Sam Alvey
Randa Markos,Jocelyn Jones-Lybarger,6/18/16,"Ottawa, Ontario, Canada",Red,Women's Strawweight,U-DEC,None,3,Randa Markos,Jocelyn Jones-Lybarger
Colby Covington,Jonathan Meunier,6/18/16,"Ottawa, Ontario, Canada",Red,Welterweight,SUB,Rear Naked Choke,3,Colby Covington,Jonathan Meunier
Ali Bagautinov,Geane Herrera,6/18/16,"Ottawa, Ontario, Canada",Red,Flyweight,U-DEC,None,3,Ali Bagautinov,Geane Herrera
Luke Rockhold,Michael Bisping,6/4/16,"Los Angeles, California, USA",Blue,Middleweight,KO/TKO,Punch,1,Michael Bisping,Luke Rockhold
Dominick Cruz,Urijah Faber,6/4/16,"Los Angeles, California, USA",Red,Bantamweight,U-DEC,None,5,Dominick Cruz,Urijah Faber
Max Holloway,Ricardo Lamas,6/4/16,"Los Angeles, California, USA",Red,Featherweight,U-DEC,None,3,Max Holloway,Ricardo Lamas
Dan Henderson,Hector Lombard,6/4/16,"Los Angeles, California, USA",Red,Middleweight,KO/TKO,Elbow,2,Dan Henderson,Hector Lombard
Dustin Poirier,Bobby Green,6/4/16,"Los Angeles, California, USA",Red,Lightweight,KO/TKO,Punch,1,Dustin Poirier,Bobby Green
Brian Ortega,Clay Guida,6/4/16,"Los Angeles, California, USA",Red,Featherweight,KO/TKO,Knee,3,Brian Ortega,Clay Guida
Beneil Dariush,James Vick,6/4/16,"Los Angeles, California, USA",Red,Lightweight,KO/TKO,Punch,1,Beneil Dariush,James Vick
Jessica Penne,Jessica Andrade,6/4/16,"Los Angeles, California, USA",Blue,Women's Strawweight,KO/TKO,Punches,2,Jessica Andrade,Jessica Penne
Cole Miller,Alex Caceres,6/4/16,"Los Angeles, California, USA",Blue,Featherweight,U-DEC,None,3,Alex Caceres,Cole Miller
Sean Strickland,Tom Breese,6/4/16,"Los Angeles, California, USA",Red,Welterweight,S-DEC,None,3,Sean Strickland,Tom Breese
Jonathan Wilson,Henrique da Silva,6/4/16,"Los Angeles, California, USA",Blue,Light Heavyweight,KO/TKO,Punches,2,Henrique da Silva,Jonathan Wilson
Polo Reyes,Dong Hyun Ma,6/4/16,"Los Angeles, California, USA",Red,Lightweight,,None,,Polo Reyes,Dong Hyun Ma
Thomas Almeida,Cody Garbrandt,5/29/16,"Las Vegas, Nevada, USA",Blue,Bantamweight,KO/TKO,Punches,1,Cody Garbrandt,Thomas Almeida
Renan Barao,Jeremy Stephens,5/29/16,"Las Vegas, Nevada, USA",Blue,Featherweight,U-DEC,None,3,Jeremy Stephens,Renan Barao
Tarec Saffiedine,Rick Story,5/29/16,"Las Vegas, Nevada, USA",Blue,Welterweight,U-DEC,None,3,Rick Story,Tarec Saffiedine
Chris Camozzi,Vitor Miranda,5/29/16,"Las Vegas, Nevada, USA",Red,Middleweight,U-DEC,None,3,Chris Camozzi,Vitor Miranda
Jorge Masvidal,Lorenz Larkin,5/29/16,"Las Vegas, Nevada, USA",Blue,Welterweight,S-DEC,None,3,Lorenz Larkin,Jorge Masvidal
Joshua Burkman,Paul Felder,5/29/16,"Las Vegas, Nevada, USA",Blue,Lightweight,U-DEC,None,3,Paul Felder,Joshua Burkman
Sara McMann,Jessica Eye,5/29/16,"Las Vegas, Nevada, USA",Red,Women's Bantamweight,U-DEC,None,3,Sara McMann,Jessica Eye
Abel Trujillo,Jordan Rinaldi,5/29/16,"Las Vegas, Nevada, USA",Red,Lightweight,U-DEC,None,3,Abel Trujillo,Jordan Rinaldi
Jake Collier,Alberto Uda,5/29/16,"Las Vegas, Nevada, USA",Red,Middleweight,KO/TKO,Spinning Back Kick,2,Jake Collier,Alberto Uda
Erik Koch,Shane Campbell,5/29/16,"Las Vegas, Nevada, USA",Red,Lightweight,SUB,Rear Naked Choke,2,Erik Koch,Shane Campbell
Aljamain Sterling,Bryan Caraway,5/29/16,"Las Vegas, Nevada, USA",Blue,Bantamweight,S-DEC,None,3,Bryan Caraway,Aljamain Sterling
Chris de la Rocha,Adam Milstead,5/29/16,"Las Vegas, Nevada, USA",Blue,Heavyweight,KO/TKO,Punches,2,Adam Milstead,Chris de la Rocha
Fabricio Werdum,Stipe Miocic,5/14/16,"Curitiba, Parana, Brazil",Blue,Heavyweight,KO/TKO,Punch,1,Stipe Miocic,Fabricio Werdum
Jacare Souza,Vitor Belfort,5/14/16,"Curitiba, Parana, Brazil",Red,Middleweight,KO/TKO,Punches,1,Jacare Souza,Vitor Belfort
Cris Cyborg,Leslie Smith,5/14/16,"Curitiba, Parana, Brazil",Red,Catch Weight,,None,,Cris Cyborg,Leslie Smith
Mauricio Rua,Corey Anderson,5/14/16,"Curitiba, Parana, Brazil",Red,Light Heavyweight,S-DEC,None,3,Mauricio Rua,Corey Anderson
Warlley Alves,Bryan Barberena,5/14/16,"Curitiba, Parana, Brazil",Blue,Welterweight,U-DEC,None,3,Bryan Barberena,Warlley Alves
Demian Maia,Matt Brown,5/14/16,"Curitiba, Parana, Brazil",Red,Welterweight,SUB,Rear Naked Choke,3,Demian Maia,Matt Brown
Thiago Santos,Nate Marquardt,5/14/16,"Curitiba, Parana, Brazil",Red,Middleweight,KO/TKO,Punch,1,Thiago Santos,Nate Marquardt
Francisco Trinaldo,Yancy Medeiros,5/14/16,"Curitiba, Parana, Brazil",Red,Lightweight,U-DEC,None,3,Francisco Trinaldo,Yancy Medeiros
John Lineker,Rob Font,5/14/16,"Curitiba, Parana, Brazil",Red,Bantamweight,U-DEC,None,3,John Lineker,Rob Font
Rogerio Nogueira,Patrick Cummins,5/14/16,"Curitiba, Parana, Brazil",Red,Light Heavyweight,KO/TKO,Punches,1,Rogerio Nogueira,Patrick Cummins
Renato Moicano,Zubaira Tukhugov,5/14/16,"Curitiba, Parana, Brazil",Red,Featherweight,S-DEC,None,3,Renato Moicano,Zubaira Tukhugov
Alistair Overeem,Andrei Arlovski,5/8/16,"Rotterdam, Zuid-Holland, Netherlands",Red,Heavyweight,KO/TKO,Punch,2,Alistair Overeem,Andrei Arlovski
Antonio Silva,Stefan Struve,5/8/16,"Rotterdam, Zuid-Holland, Netherlands",Blue,Heavyweight,KO/TKO,Punch,1,Stefan Struve,Antonio Silva
Albert Tumenov,Gunnar Nelson,5/8/16,"Rotterdam, Zuid-Holland, Netherlands",Blue,Welterweight,SUB,Rear Naked Choke,2,Gunnar Nelson,Albert Tumenov
Germaine de Randamie,Anna Elmose,5/8/16,"Rotterdam, Zuid-Holland, Netherlands",Red,Women's Bantamweight,KO/TKO,Knee,1,Germaine de Randamie,Anna Elmose
Nikita Krylov,Francimar Barroso,5/8/16,"Rotterdam, Zuid-Holland, Netherlands",Red,Light Heavyweight,SUB,Rear Naked Choke,2,Nikita Krylov,Francimar Barroso
Karolina Kowalkiewicz,Heather Jo Clark,5/8/16,"Rotterdam, Zuid-Holland, Netherlands",Red,Women's Strawweight,,None,,Karolina Kowalkiewicz,Heather Jo Clark
Rustam Khabilov,Chris Wade,5/8/16,"Rotterdam, Zuid-Holland, Netherlands",Red,Lightweight,U-DEC,None,3,Rustam Khabilov,Chris Wade
Magnus Cedenblad,Garreth McLellan,5/8/16,"Rotterdam, Zuid-Holland, Netherlands",Red,Middleweight,KO/TKO,Kick,2,Magnus Cedenblad,Garreth McLellan
Jon Tuck,Josh Emmett,5/8/16,"Rotterdam, Zuid-Holland, Netherlands",Blue,Lightweight,S-DEC,None,3,Josh Emmett,Jon Tuck
Yan Cabral,Reza Madadi,5/8/16,"Rotterdam, Zuid-Holland, Netherlands",Blue,Lightweight,KO/TKO,Punch,3,Reza Madadi,Yan Cabral
Kyoji Horiguchi,Neil Seery,5/8/16,"Rotterdam, Zuid-Holland, Netherlands",Red,Flyweight,U-DEC,None,3,Kyoji Horiguchi,Neil Seery
Leon Edwards,Dominic Waters,5/8/16,"Rotterdam, Zuid-Holland, Netherlands",Red,Welterweight,U-DEC,None,3,Leon Edwards,Dominic Waters
Ulka Sasaki,Willie Gates,5/8/16,"Rotterdam, Zuid-Holland, Netherlands",Red,Flyweight,,None,,Ulka Sasaki,Willie Gates
Jon Jones,Ovince Saint Preux,4/23/16,"Las Vegas, Nevada, USA",Red,Light Heavyweight,U-DEC,None,5,Jon Jones,Ovince Saint Preux
Demetrious Johnson,Henry Cejudo,4/23/16,"Las Vegas, Nevada, USA",Red,Flyweight,KO/TKO,Knees,1,Demetrious Johnson,Henry Cejudo
Anthony Pettis,Edson Barboza,4/23/16,"Las Vegas, Nevada, USA",Blue,Lightweight,U-DEC,None,3,Edson Barboza,Anthony Pettis
Robert Whittaker,Rafael Natal,4/23/16,"Las Vegas, Nevada, USA",Red,Middleweight,U-DEC,None,3,Robert Whittaker,Rafael Natal
Yair Rodriguez,Andre Fili,4/23/16,"Las Vegas, Nevada, USA",Red,Featherweight,KO/TKO,Kick,2,Yair Rodriguez,Andre Fili
Sergio Pettis,Chris Kelades,4/23/16,"Las Vegas, Nevada, USA",Red,Flyweight,U-DEC,None,3,Sergio Pettis,Chris Kelades
Danny Roberts,Dominique Steele,4/23/16,"Las Vegas, Nevada, USA",Red,Welterweight,U-DEC,None,3,Danny Roberts,Dominique Steele
Carla Esparza,Juliana Lima,4/23/16,"Las Vegas, Nevada, USA",Red,Women's Strawweight,U-DEC,None,3,Carla Esparza,Juliana Lima
Glaico Franca,James Vick,4/23/16,"Las Vegas, Nevada, USA",Blue,Lightweight,,None,,James Vick,Glaico Franca
Walt Harris,Cody East,4/23/16,"Las Vegas, Nevada, USA",Red,Heavyweight,KO/TKO,Punches,1,Walt Harris,Cody East
Marcos Rogerio de Lima,Clint Hester,4/23/16,"Las Vegas, Nevada, USA",Red,Light Heavyweight,SUB,Arm Triangle,1,Marcos Rogerio de Lima,Clint Hester
Efrain Escudero,Kevin Lee,4/23/16,"Las Vegas, Nevada, USA",Blue,Lightweight,U-DEC,None,3,Kevin Lee,Efrain Escudero
Glover Teixeira,Rashad Evans,4/16/16,"Tampa, Florida, USA",Red,Light Heavyweight,KO/TKO,Punch,1,Glover Teixeira,Rashad Evans
Rose Namajunas,Tecia Torres,4/16/16,"Tampa, Florida, USA",Red,Women's Strawweight,U-DEC,None,3,Rose Namajunas,Tecia Torres
Khabib Nurmagomedov,Darrell Horcher,4/16/16,"Tampa, Florida, USA",Red,Catch Weight,KO/TKO,Punches,2,Khabib Nurmagomedov,Darrell Horcher
Cub Swanson,Hacran Dias,4/16/16,"Tampa, Florida, USA",Red,Featherweight,U-DEC,None,3,Cub Swanson,Hacran Dias
Beneil Dariush,Michael Chiesa,4/16/16,"Tampa, Florida, USA",Blue,Lightweight,SUB,Rear Naked Choke,2,Michael Chiesa,Beneil Dariush
Bethe Correia,Raquel Pennington,4/16/16,"Tampa, Florida, USA",Blue,Women's Bantamweight,S-DEC,None,3,Raquel Pennington,Bethe Correia
Court McGee,Santiago Ponzinibbio,4/16/16,"Tampa, Florida, USA",Blue,Welterweight,KO/TKO,Punch,1,Santiago Ponzinibbio,Court McGee
Randy Brown,Michael Graves,4/16/16,"Tampa, Florida, USA",Blue,Welterweight,SUB,Rear Naked Choke,2,Michael Graves,Randy Brown
John Dodson,Manvel Gamburyan,4/16/16,"Tampa, Florida, USA",Red,Bantamweight,KO/TKO,Punches,1,John Dodson,Manvel Gamburyan
Oluwale Bamgbose,Cezar Ferreira,4/16/16,"Tampa, Florida, USA",Blue,Middleweight,U-DEC,None,3,Cezar Ferreira,Oluwale Bamgbose
Elizeu Zaleski dos Santos,Omari Akhmedov,4/16/16,"Tampa, Florida, USA",Red,Welterweight,KO/TKO,Knee,3,Elizeu Zaleski dos Santos,Omari Akhmedov
Ben Rothwell,Junior Dos Santos,4/10/16,"Zagreb, Croatia",Blue,Heavyweight,U-DEC,None,5,Junior Dos Santos,Ben Rothwell
Derrick Lewis,Gabriel Gonzaga,4/10/16,"Zagreb, Croatia",Red,Heavyweight,KO/TKO,Punches,1,Derrick Lewis,Gabriel Gonzaga
Francis Ngannou,Curtis Blaydes,4/10/16,"Zagreb, Croatia",Red,Heavyweight,KO/TKO,None,2,Francis Ngannou,Curtis Blaydes
Tim Johnson,Marcin Tybura,4/10/16,"Zagreb, Croatia",Red,Heavyweight,,None,,Tim Johnson,Marcin Tybura
Igor Pokrajac,Jan Blachowicz,4/10/16,"Zagreb, Croatia",Blue,Light Heavyweight,U-DEC,None,3,Jan Blachowicz,Igor Pokrajac
Maryna Moroz,Cristina Stanciu,4/10/16,"Zagreb, Croatia",Red,Women's Strawweight,U-DEC,None,3,Maryna Moroz,Cristina Stanciu
Nicolas Dalby,Zak Cummings,4/10/16,"Zagreb, Croatia",Blue,Welterweight,U-DEC,None,3,Zak Cummings,Nicolas Dalby
Ian Entwistle,Alejandro Perez,4/10/16,"Zagreb, Croatia",Blue,Bantamweight,KO/TKO,Punches,1,Alejandro Perez,Ian Entwistle
Mairbek Taisumov,Damir Hadzovic,4/10/16,"Zagreb, Croatia",Red,Lightweight,KO/TKO,Punch,1,Mairbek Taisumov,Damir Hadzovic
Filip Pejic,Damian Stasiak,4/10/16,"Zagreb, Croatia",Blue,Bantamweight,SUB,Rear Naked Choke,1,Damian Stasiak,Filip Pejic
Rob Whiteford,Lucas Martins,4/10/16,"Zagreb, Croatia",Blue,Featherweight,,None,,Lucas Martins,Rob Whiteford
Jared Cannonier,Cyril Asker,4/10/16,"Zagreb, Croatia",Red,Heavyweight,KO/TKO,Punch,1,Jared Cannonier,Cyril Asker
Alessio Di Chirico,Bojan Velickovic,4/10/16,"Zagreb, Croatia",Blue,Middleweight,U-DEC,None,3,Bojan Velickovic,Alessio Di Chirico
Mark Hunt,Frank Mir,3/19/16,"Brisbane, Queensland, Australia",Red,Heavyweight,KO/TKO,Punch,1,Mark Hunt,Frank Mir
Hector Lombard,Neil Magny,3/19/16,"Brisbane, Queensland, Australia",Blue,Welterweight,KO/TKO,Punches,3,Neil Magny,Hector Lombard
Jake Matthews,Johnny Case,3/19/16,"Brisbane, Queensland, Australia",Red,Lightweight,SUB,Rear Naked Choke,3,Jake Matthews,Johnny Case
Daniel Kelly,Antonio Carlos Junior,3/19/16,"Brisbane, Queensland, Australia",Red,Middleweight,KO/TKO,Punches,3,Daniel Kelly,Antonio Carlos Junior
James Te Huna,Steve Bosse,3/19/16,"Brisbane, Queensland, Australia",Blue,Light Heavyweight,KO/TKO,Punch,1,Steve Bosse,James Te Huna
Bec Rawlings,Seohee Ham,3/19/16,"Brisbane, Queensland, Australia",Red,Women's Strawweight,,None,,Bec Rawlings,Seohee Ham
Brendan O'Reilly,Alan Jouban,3/19/16,"Brisbane, Queensland, Australia",Blue,Welterweight,KO/TKO,Elbow,1,Alan Jouban,Brendan O'Reilly
Dan Hooker,Mark Eddiva,3/19/16,"Brisbane, Queensland, Australia",Red,Featherweight,SUB,Guillotine Choke,1,Dan Hooker,Mark Eddiva
Leslie Smith,Rin Nakai,3/19/16,"Brisbane, Queensland, Australia",Red,Women's Bantamweight,U-DEC,None,3,Leslie Smith,Rin Nakai
Richard Walsh,Viscardi Andrade,3/19/16,"Brisbane, Queensland, Australia",Blue,Welterweight,U-DEC,None,3,Viscardi Andrade,Richard Walsh
Ross Pearson,Chad Laprise,3/19/16,"Brisbane, Queensland, Australia",Red,Lightweight,S-DEC,None,3,Ross Pearson,Chad Laprise
Alan Patrick,Damien Brown,3/19/16,"Brisbane, Queensland, Australia",Red,Lightweight,U-DEC,None,3,Alan Patrick,Damien Brown
Conor McGregor,Nate Diaz,3/5/16,"Las Vegas, Nevada, USA",Blue,Welterweight,SUB,Rear Naked Choke,2,Nate Diaz,Conor McGregor
Holly Holm,Miesha Tate,3/5/16,"Las Vegas, Nevada, USA",Blue,Women's Bantamweight,SUB,Rear Naked Choke,5,Miesha Tate,Holly Holm
Gian Villante,Ilir Latifi,3/5/16,"Las Vegas, Nevada, USA",Blue,Light Heavyweight,U-DEC,None,3,Ilir Latifi,Gian Villante
Corey Anderson,Tom Lawlor,3/5/16,"Las Vegas, Nevada, USA",Red,Light Heavyweight,U-DEC,None,3,Corey Anderson,Tom Lawlor
Amanda Nunes,Valentina Shevchenko,3/5/16,"Las Vegas, Nevada, USA",Red,Women's Bantamweight,U-DEC,None,3,Amanda Nunes,Valentina Shevchenko
Brandon Thatch,Siyar Bahadurzada,3/5/16,"Las Vegas, Nevada, USA",Blue,Welterweight,SUB,Arm Triangle,3,Siyar Bahadurzada,Brandon Thatch
Erick Silva,Nordine Taleb,3/5/16,"Las Vegas, Nevada, USA",Blue,Welterweight,KO/TKO,Punch,2,Nordine Taleb,Erick Silva
Vitor Miranda,Marcelo Guimaraes,3/5/16,"Las Vegas, Nevada, USA",Red,Middleweight,KO/TKO,Kick,2,Vitor Miranda,Marcelo Guimaraes
Darren Elkins,Chas Skelly,3/5/16,"Las Vegas, Nevada, USA",Red,Featherweight,U-DEC,None,3,Darren Elkins,Chas Skelly
Diego Sanchez,Jim Miller,3/5/16,"Las Vegas, Nevada, USA",Red,Lightweight,U-DEC,None,3,Diego Sanchez,Jim Miller
Jason Saggo,Justin Salas,3/5/16,"Las Vegas, Nevada, USA",Red,Lightweight,KO/TKO,Punches,1,Jason Saggo,Justin Salas
Julian Erosa,Teruto Ishihara,3/5/16,"Las Vegas, Nevada, USA",Blue,Featherweight,KO/TKO,Punch,2,Teruto Ishihara,Julian Erosa
Anderson Silva,Michael Bisping,2/27/16,"London, England, United Kingdom",Blue,Middleweight,U-DEC,None,5,Michael Bisping,Anderson Silva
Gegard Mousasi,Thales Leites,2/27/16,"London, England, United Kingdom",Red,Middleweight,U-DEC,None,3,Gegard Mousasi,Thales Leites
Tom Breese,Keita Nakamura,2/27/16,"London, England, United Kingdom",Red,Welterweight,U-DEC,None,3,Tom Breese,Keita Nakamura
Francisco Rivera,Brad Pickett,2/27/16,"London, England, United Kingdom",Blue,Bantamweight,S-DEC,None,3,Brad Pickett,Francisco Rivera
Mike Wilkinson,Makwan Amirkhani,2/27/16,"London, England, United Kingdom",Blue,Featherweight,U-DEC,None,3,Makwan Amirkhani,Mike Wilkinson
Davey Grant,Marlon Vera,2/27/16,"London, England, United Kingdom",Red,Bantamweight,U-DEC,None,3,Davey Grant,Marlon Vera
Scott Askham,Chris Dempsey,2/27/16,"London, England, United Kingdom",Red,Middleweight,KO/TKO,Punch,1,Scott Askham,Chris Dempsey
Arnold Allen,Yaotzin Meza,2/27/16,"London, England, United Kingdom",Red,Featherweight,U-DEC,None,3,Arnold Allen,Yaotzin Meza
Bradley Scott,Krzysztof Jotko,2/27/16,"London, England, United Kingdom",Blue,Middleweight,,None,,Krzysztof Jotko,Bradley Scott
Norman Parke,Rustam Khabilov,2/27/16,"London, England, United Kingdom",Blue,Lightweight,U-DEC,None,3,Rustam Khabilov,Norman Parke
Daniel Omielanczuk,Jarjis Danho,2/27/16,"London, England, United Kingdom",Red,Heavyweight,M-DEC,None,3,Daniel Omielanczuk,Jarjis Danho
Teemu Packalen,Thibault Gouti,2/27/16,"London, England, United Kingdom",Red,Lightweight,SUB,Rear Naked Choke,1,Teemu Packalen,Thibault Gouti
David Teymur,Martin Svensson,2/27/16,"London, England, United Kingdom",Red,Lightweight,KO/TKO,Punch,2,David Teymur,Martin Svensson
Donald Cerrone,Alex Oliveira,2/21/16,"Pittsburgh, Pennsylvania, USA",Red,Welterweight,SUB,Triangle Choke,1,Donald Cerrone,Alex Oliveira
Derek Brunson,Roan Carneiro,2/21/16,"Pittsburgh, Pennsylvania, USA",Red,Middleweight,KO/TKO,Punches,1,Derek Brunson,Roan Carneiro
Cody Garbrandt,Augusto Mendes,2/21/16,"Pittsburgh, Pennsylvania, USA",Red,Catch Weight,KO/TKO,Punches,1,Cody Garbrandt,Augusto Mendes
Dennis Bermudez,Tatsuya Kawajiri,2/21/16,"Pittsburgh, Pennsylvania, USA",Red,Featherweight,U-DEC,None,3,Dennis Bermudez,Tatsuya Kawajiri
Chris Camozzi,Joe Riggs,2/21/16,"Pittsburgh, Pennsylvania, USA",Red,Middleweight,KO/TKO,Knees,1,Chris Camozzi,Joe Riggs
James Krause,Shane Campbell,2/21/16,"Pittsburgh, Pennsylvania, USA",Red,Lightweight,U-DEC,None,3,James Krause,Shane Campbell
Alex Garcia,Sean Strickland,2/21/16,"Pittsburgh, Pennsylvania, USA",Blue,Welterweight,KO/TKO,Punches,3,Sean Strickland,Alex Garcia
Daniel Sarafian,Oluwale Bamgbose,2/21/16,"Pittsburgh, Pennsylvania, USA",Blue,Middleweight,KO/TKO,Kick,1,Oluwale Bamgbose,Daniel Sarafian
Anthony Smith,Leonardo Augusto Leleco,2/21/16,"Pittsburgh, Pennsylvania, USA",Red,Middleweight,,None,,Anthony Smith,Leonardo Augusto Leleco
Jonavin Webb,Nathan Coy,2/21/16,"Pittsburgh, Pennsylvania, USA",Blue,Welterweight,U-DEC,None,3,Nathan Coy,Jonavin Webb
Marion Reneau,Ashlee Evans-Smith,2/21/16,"Pittsburgh, Pennsylvania, USA",Blue,Women's Bantamweight,S-DEC,None,3,Ashlee Evans-Smith,Marion Reneau
Lauren Murphy,Kelly Faszholz,2/21/16,"Pittsburgh, Pennsylvania, USA",Red,Women's Bantamweight,KO/TKO,Punches,3,Lauren Murphy,Kelly Faszholz
Anthony Hamilton,Shamil Abdurakhimov,2/21/16,"Pittsburgh, Pennsylvania, USA",Blue,Heavyweight,U-DEC,None,3,Shamil Abdurakhimov,Anthony Hamilton
Johny Hendricks,Stephen Thompson,2/6/16,"Las Vegas, Nevada, USA",Blue,Welterweight,KO/TKO,Punch,1,Stephen Thompson,Johny Hendricks
Roy Nelson,Jared Rosholt,2/6/16,"Las Vegas, Nevada, USA",Red,Heavyweight,U-DEC,None,3,Roy Nelson,Jared Rosholt
Ovince Saint Preux,Rafael Feijao,2/6/16,"Las Vegas, Nevada, USA",Red,Light Heavyweight,,None,,Ovince Saint Preux,Rafael Feijao
Joseph Benavidez,Zach Makovsky,2/6/16,"Las Vegas, Nevada, USA",Red,Flyweight,U-DEC,None,3,Joseph Benavidez,Zach Makovsky
Misha Cirkunov,Alex Nicholson,2/6/16,"Las Vegas, Nevada, USA",Red,Light Heavyweight,SUB,Neck Crank,2,Misha Cirkunov,Alex Nicholson
Mike Pyle,Sean Spencer,2/6/16,"Las Vegas, Nevada, USA",Red,Welterweight,KO/TKO,Elbow,3,Mike Pyle,Sean Spencer
Joshua Burkman,KJ Noons,2/6/16,"Las Vegas, Nevada, USA",Red,Lightweight,U-DEC,None,3,Joshua Burkman,KJ Noons
Derrick Lewis,Damian Grabowski,2/6/16,"Las Vegas, Nevada, USA",Red,Heavyweight,KO/TKO,Punch,1,Derrick Lewis,Damian Grabowski
Ray Borg,Justin Scoggins,2/6/16,"Las Vegas, Nevada, USA",Blue,Flyweight,U-DEC,None,3,Justin Scoggins,Ray Borg
Noad Lahat,Diego Rivas,2/6/16,"Las Vegas, Nevada, USA",Blue,Featherweight,KO/TKO,Flying Knee,2,Diego Rivas,Noad Lahat
Mickey Gall,Mike Jackson,2/6/16,"Las Vegas, Nevada, USA",Red,Welterweight,SUB,Rear Naked Choke,1,Mickey Gall,Mike Jackson
Artem Lobov,Alex White,2/6/16,"Las Vegas, Nevada, USA",Blue,Featherweight,U-DEC,None,3,Alex White,Artem Lobov
Anthony Johnson,Ryan Bader,1/30/16,"Newark, New Jersey, USA",Red,Light Heavyweight,KO/TKO,Punches,1,Anthony Johnson,Ryan Bader
Josh Barnett,Ben Rothwell,1/30/16,"Newark, New Jersey, USA",Blue,Heavyweight,SUB,Guillotine Choke,2,Ben Rothwell,Josh Barnett
Iuri Alcantara,Jimmie Rivera,1/30/16,"Newark, New Jersey, USA",Blue,Bantamweight,U-DEC,None,3,Jimmie Rivera,Iuri Alcantara
Sage Northcutt,Bryan Barberena,1/30/16,"Newark, New Jersey, USA",Blue,Welterweight,SUB,Arm Triangle,2,Bryan Barberena,Sage Northcutt
Tarec Saffiedine,Jake Ellenberger,1/30/16,"Newark, New Jersey, USA",Red,Welterweight,U-DEC,None,3,Tarec Saffiedine,Jake Ellenberger
Olivier Aubin-Mercier,Diego Ferreira,1/30/16,"Newark, New Jersey, USA",Blue,Lightweight,U-DEC,None,3,Diego Ferreira,Olivier Aubin-Mercier
Rafael Natal,Kevin Casey,1/30/16,"Newark, New Jersey, USA",Red,Middleweight,KO/TKO,Punches,3,Rafael Natal,Kevin Casey
Dustin Ortiz,Wilson Reis,1/30/16,"Newark, New Jersey, USA",Blue,Flyweight,U-DEC,None,3,Wilson Reis,Dustin Ortiz
George Sullivan,Alexander Yakovlev,1/30/16,"Newark, New Jersey, USA",Blue,Welterweight,KO/TKO,Punches,1,Alexander Yakovlev,George Sullivan
Alex Caceres,Masio Fullen,1/30/16,"Newark, New Jersey, USA",Red,Featherweight,U-DEC,None,3,Alex Caceres,Masio Fullen
Matt Dwyer,Randy Brown,1/30/16,"Newark, New Jersey, USA",Blue,Welterweight,U-DEC,None,3,Randy Brown,Matt Dwyer
Anthony Rocco Martin,Felipe Olivieri,1/30/16,"Newark, New Jersey, USA",Red,Lightweight,SUB,Rear Naked Choke,3,Anthony Rocco Martin,Felipe Olivieri
TJ Dillashaw,Dominick Cruz,1/17/16,"Boston, Massachusetts, USA",Blue,Bantamweight,S-DEC,None,5,Dominick Cruz,TJ Dillashaw
Anthony Pettis,Eddie Alvarez,1/17/16,"Boston, Massachusetts, USA",Blue,Lightweight,S-DEC,None,3,Eddie Alvarez,Anthony Pettis
Travis Browne,Matt Mitrione,1/17/16,"Boston, Massachusetts, USA",Red,Heavyweight,KO/TKO,Punches,3,Travis Browne,Matt Mitrione
Ross Pearson,Francisco Trinaldo,1/17/16,"Boston, Massachusetts, USA",Blue,Lightweight,U-DEC,None,3,Francisco Trinaldo,Ross Pearson
Patrick Cote,Ben Saunders,1/17/16,"Boston, Massachusetts, USA",Red,Welterweight,KO/TKO,Punches,2,Patrick Cote,Ben Saunders
Tim Boetsch,Ed Herman,1/17/16,"Boston, Massachusetts, USA",Blue,Light Heavyweight,KO/TKO,Knee,2,Ed Herman,Tim Boetsch
Chris Wade,Mehdi Baghdad,1/17/16,"Boston, Massachusetts, USA",Red,Lightweight,SUB,Rear Naked Choke,1,Chris Wade,Mehdi Baghdad
Maximo Blanco,Luke Sanders,1/17/16,"Boston, Massachusetts, USA",Blue,Featherweight,SUB,Rear Naked Choke,1,Luke Sanders,Maximo Blanco
Paul Felder,Daron Cruickshank,1/17/16,"Boston, Massachusetts, USA",Red,Lightweight,SUB,Rear Naked Choke,3,Paul Felder,Daron Cruickshank
Ilir Latifi,Sean O'Connell,1/17/16,"Boston, Massachusetts, USA",Red,Light Heavyweight,KO/TKO,Punch,1,Ilir Latifi,Sean O'Connell
Charles Rosa,Kyle Bochniak,1/17/16,"Boston, Massachusetts, USA",Red,Featherweight,U-DEC,None,3,Charles Rosa,Kyle Bochniak
Rob Font,Joey Gomez,1/17/16,"Boston, Massachusetts, USA",Red,Bantamweight,KO/TKO,Punches,2,Rob Font,Joey Gomez
Francimar Barroso,Elvis Mutapcic,1/17/16,"Boston, Massachusetts, USA",Red,Light Heavyweight,U-DEC,None,3,Francimar Barroso,Elvis Mutapcic
Robbie Lawler,Carlos Condit,1/2/16,"Las Vegas, Nevada, USA",Red,Welterweight,S-DEC,None,5,Robbie Lawler,Carlos Condit
Stipe Miocic,Andrei Arlovski,1/2/16,"Las Vegas, Nevada, USA",Red,Heavyweight,KO/TKO,Punch,1,Stipe Miocic,Andrei Arlovski
Lorenz Larkin,Albert Tumenov,1/2/16,"Las Vegas, Nevada, USA",Blue,Welterweight,S-DEC,None,3,Albert Tumenov,Lorenz Larkin
Diego Brandao,Brian Ortega,1/2/16,"Las Vegas, Nevada, USA",Blue,Featherweight,SUB,Triangle Choke,3,Brian Ortega,Diego Brandao
Abel Trujillo,Tony Sims,1/2/16,"Las Vegas, Nevada, USA",Red,Lightweight,SUB,Guillotine Choke,1,Abel Trujillo,Tony Sims
Michael McDonald,Masanori Kanehara,1/2/16,"Las Vegas, Nevada, USA",Red,Bantamweight,SUB,Rear Naked Choke,2,Michael McDonald,Masanori Kanehara
Kyle Noke,Alex Morono,1/2/16,"Las Vegas, Nevada, USA",Blue,Welterweight,S-DEC,None,3,Alex Morono,Kyle Noke
Justine Kish,Nina Ansaroff,1/2/16,"Las Vegas, Nevada, USA",Red,Women's Strawweight,U-DEC,None,3,Justine Kish,Nina Ansaroff
Scott Holtzman,Drew Dober,1/2/16,"Las Vegas, Nevada, USA",Blue,Lightweight,U-DEC,None,3,Drew Dober,Scott Holtzman
Dustin Poirier,Joe Duffy,1/2/16,"Las Vegas, Nevada, USA",Red,Lightweight,U-DEC,None,3,Dustin Poirier,Joe Duffy
Joe Soto,Michinori Tanaka,1/2/16,"Las Vegas, Nevada, USA",Blue,Bantamweight,S-DEC,None,3,Michinori Tanaka,Joe Soto
Sheldon Westcott,Edgar Garcia,1/2/16,"Las Vegas, Nevada, USA",Red,Welterweight,KO/TKO,Punches,1,Sheldon Westcott,Edgar Garcia
Rafael Dos Anjos,Donald Cerrone,12/19/15,"Orlando, Florida, USA",Red,Lightweight,KO/TKO,Punches,1,Rafael Dos Anjos,Donald Cerrone
Junior Dos Santos,Alistair Overeem,12/19/15,"Orlando, Florida, USA",Blue,Heavyweight,KO/TKO,Punches,2,Alistair Overeem,Junior Dos Santos
Michael Johnson,Nate Diaz,12/19/15,"Orlando, Florida, USA",Blue,Lightweight,U-DEC,None,3,Nate Diaz,Michael Johnson
Randa Markos,Karolina Kowalkiewicz,12/19/15,"Orlando, Florida, USA",Blue,Women's Strawweight,U-DEC,None,3,Karolina Kowalkiewicz,Randa Markos
Charles Oliveira,Myles Jury,12/19/15,"Orlando, Florida, USA",Red,Featherweight,SUB,Guillotine Choke,1,Charles Oliveira,Myles Jury
CB Dollaway,Nate Marquardt,12/19/15,"Orlando, Florida, USA",Blue,Middleweight,KO/TKO,Punch,2,Nate Marquardt,CB Dollaway
Sarah Kaufman,Valentina Shevchenko,12/19/15,"Orlando, Florida, USA",Blue,Women's Bantamweight,S-DEC,None,3,Valentina Shevchenko,Sarah Kaufman
Josh Samman,Tamdan McCrory,12/19/15,"Orlando, Florida, USA",Blue,Middleweight,SUB,Triangle Choke,3,Tamdan McCrory,Josh Samman
Nik Lentz,Danny Castillo,12/19/15,"Orlando, Florida, USA",Red,Lightweight,S-DEC,None,3,Nik Lentz,Danny Castillo
Kamaru Usman,Leon Edwards,12/19/15,"Orlando, Florida, USA",Red,Welterweight,U-DEC,None,3,Kamaru Usman,Leon Edwards
Hayder Hassan,Vicente Luque,12/19/15,"Orlando, Florida, USA",Blue,Welterweight,SUB,Anaconda Choke,1,Vicente Luque,Hayder Hassan
Francis Ngannou,Luis Henrique,12/19/15,"Orlando, Florida, USA",Red,Heavyweight,KO/TKO,Punch,2,Francis Ngannou,Luis Henrique
Jose Aldo,Conor McGregor,12/12/15,"Las Vegas, Nevada, USA",Blue,Featherweight,KO/TKO,Punch,1,Conor McGregor,Jose Aldo
Chris Weidman,Luke Rockhold,12/12/15,"Las Vegas, Nevada, USA",Blue,Middleweight,KO/TKO,Punches,4,Luke Rockhold,Chris Weidman
Jacare Souza,Yoel Romero,12/12/15,"Las Vegas, Nevada, USA",Blue,Middleweight,S-DEC,None,3,Yoel Romero,Jacare Souza
Demian Maia,Gunnar Nelson,12/12/15,"Las Vegas, Nevada, USA",Red,Welterweight,U-DEC,None,3,Demian Maia,Gunnar Nelson
Max Holloway,Jeremy Stephens,12/12/15,"Las Vegas, Nevada, USA",Red,Featherweight,U-DEC,None,3,Max Holloway,Jeremy Stephens
Urijah Faber,Frankie Saenz,12/12/15,"Las Vegas, Nevada, USA",Red,Bantamweight,U-DEC,None,3,Urijah Faber,Frankie Saenz
Tecia Torres,Jocelyn Jones-Lybarger,12/12/15,"Las Vegas, Nevada, USA",Red,Women's Strawweight,U-DEC,None,3,Tecia Torres,Jocelyn Jones-Lybarger
Warlley Alves,Colby Covington,12/12/15,"Las Vegas, Nevada, USA",Red,Welterweight,SUB,Guillotine Choke,1,Warlley Alves,Colby Covington
Leonardo Santos,Kevin Lee,12/12/15,"Las Vegas, Nevada, USA",Red,Lightweight,KO/TKO,Punches,1,Leonardo Santos,Kevin Lee
Joe Proctor,Magomed Mustafaev,12/12/15,"Las Vegas, Nevada, USA",Blue,Lightweight,KO/TKO,Knee,1,Magomed Mustafaev,Joe Proctor
John Makdessi,Yancy Medeiros,12/12/15,"Las Vegas, Nevada, USA",Blue,Lightweight,S-DEC,None,3,Yancy Medeiros,John Makdessi
Court McGee,Marcio Alexandre Junior,12/12/15,"Las Vegas, Nevada, USA",Red,Welterweight,U-DEC,None,3,Court McGee,Marcio Alexandre Junior
Frankie Edgar,Chad Mendes,12/11/15,"Las Vegas, Nevada, USA",Red,Featherweight,KO/TKO,Punch,1,Frankie Edgar,Chad Mendes
Artem Lobov,Ryan Hall,12/11/15,"Las Vegas, Nevada, USA",Blue,Lightweight,U-DEC,None,3,Ryan Hall,Artem Lobov
Edson Barboza,Tony Ferguson,12/11/15,"Las Vegas, Nevada, USA",Blue,Lightweight,SUB,D'Arce Choke,2,Tony Ferguson,Edson Barboza
Joe Lauzon,Evan Dunham,12/11/15,"Las Vegas, Nevada, USA",Blue,Lightweight,U-DEC,None,3,Evan Dunham,Joe Lauzon
Tatsuya Kawajiri,Jason Knight,12/11/15,"Las Vegas, Nevada, USA",Red,Featherweight,U-DEC,None,3,Tatsuya Kawajiri,Jason Knight
Julian Erosa,Marcin Wrzosek,12/11/15,"Las Vegas, Nevada, USA",Red,Lightweight,S-DEC,None,3,Julian Erosa,Marcin Wrzosek
Gabriel Gonzaga,Konstantin Erokhin,12/11/15,"Las Vegas, Nevada, USA",Red,Heavyweight,U-DEC,None,3,Gabriel Gonzaga,Konstantin Erokhin
Ryan LaFlare,Mike Pierce,12/11/15,"Las Vegas, Nevada, USA",Red,Welterweight,U-DEC,None,3,Ryan LaFlare,Mike Pierce
Joby Sanchez,Geane Herrera,12/11/15,"Las Vegas, Nevada, USA",Blue,Flyweight,KO/TKO,Punch,2,Geane Herrera,Joby Sanchez
Chris Gruetzemacher,Abner Lloveras,12/11/15,"Las Vegas, Nevada, USA",Red,Lightweight,U-DEC,None,3,Chris Gruetzemacher,Abner Lloveras
Rose Namajunas,Paige VanZant,12/10/15,"Las Vegas, Nevada, USA",Red,Women's Strawweight,SUB,Rear Naked Choke,5,Rose Namajunas,Paige VanZant
Jim Miller,Michael Chiesa,12/10/15,"Las Vegas, Nevada, USA",Blue,Lightweight,SUB,Rear Naked Choke,2,Michael Chiesa,Jim Miller
Sage Northcutt,Cody Pfister,12/10/15,"Las Vegas, Nevada, USA",Red,Lightweight,SUB,Guillotine Choke,2,Sage Northcutt,Cody Pfister
Elias Theodorou,Thiago Santos,12/10/15,"Las Vegas, Nevada, USA",Blue,Middleweight,U-DEC,None,3,Thiago Santos,Elias Theodorou
Tim Means,John Howard,12/10/15,"Las Vegas, Nevada, USA",Red,Welterweight,KO/TKO,Punch,2,Tim Means,John Howard
Omari Akhmedov,Sergio Moraes,12/10/15,"Las Vegas, Nevada, USA",Blue,Welterweight,KO/TKO,Punches,3,Sergio Moraes,Omari Akhmedov
Aljamain Sterling,Johnny Eduardo,12/10/15,"Las Vegas, Nevada, USA",Red,Bantamweight,SUB,Guillotine Choke,2,Aljamain Sterling,Johnny Eduardo
Santiago Ponzinibbio,Andreas Stahl,12/10/15,"Las Vegas, Nevada, USA",Red,Welterweight,KO/TKO,Punch,1,Santiago Ponzinibbio,Andreas Stahl
Danny Roberts,Nathan Coy,12/10/15,"Las Vegas, Nevada, USA",Red,Welterweight,SUB,Triangle Choke,1,Danny Roberts,Nathan Coy
Zubaira Tukhugov,Phillipe Nover,12/10/15,"Las Vegas, Nevada, USA",Red,Featherweight,S-DEC,None,3,Zubaira Tukhugov,Phillipe Nover
Kailin Curran,Emily Peters Kagan,12/10/15,"Las Vegas, Nevada, USA",Red,Women's Strawweight,,None,,Kailin Curran,Emily Peters Kagan
Benson Henderson,Jorge Masvidal,11/28/15,"Seoul, South Korea",Red,Welterweight,S-DEC,None,5,Benson Henderson,Jorge Masvidal
Dong Hyun Kim,Dominic Waters,11/28/15,"Seoul, South Korea",Red,Welterweight,KO/TKO,Punches,1,Dong Hyun Kim,Dominic Waters
Yoshihiro Akiyama,Alberto Mina,11/28/15,"Seoul, South Korea",Blue,Welterweight,S-DEC,None,3,Alberto Mina,Yoshihiro Akiyama
Dooho Choi,Sam Sicilia,11/28/15,"Seoul, South Korea",Red,Featherweight,KO/TKO,Punch,1,Dooho Choi,Sam Sicilia
Dongi Yang,Jake Collier,11/28/15,"Seoul, South Korea",Red,Middleweight,KO/TKO,Punches,2,Dongi Yang,Jake Collier
Yui Chul Nam,Mike de la Torre,11/28/15,"Seoul, South Korea",Blue,Featherweight,S-DEC,None,3,Mike de la Torre,Yui Chul Nam
Tae Hyun Bang,Leo Kuntz,11/28/15,"Seoul, South Korea",Red,Lightweight,S-DEC,None,3,Tae Hyun Bang,Leo Kuntz
Seohee Ham,Cortney Casey,11/28/15,"Seoul, South Korea",Red,Women's Strawweight,,None,,Seohee Ham,Cortney Casey
Yao Zhikui,Fredy Serrano,11/28/15,"Seoul, South Korea",Blue,Flyweight,KO/TKO,None,1,Fredy Serrano,Yao Zhikui
Ning Guangyou,Marco Beltran,11/28/15,"Seoul, South Korea",Blue,Bantamweight,,None,,Marco Beltran,Ning Guangyou
Dominique Steele,Dong Hyun Ma,11/28/15,"Seoul, South Korea",Red,Welterweight,KO/TKO,Slam,3,Dominique Steele,Dong Hyun Ma
Neil Magny,Kelvin Gastelum,11/21/15,"Monterrey, Nuevo Leon, Mexico",Red,Welterweight,S-DEC,None,5,Neil Magny,Kelvin Gastelum
Ricardo Lamas,Diego Sanchez,11/21/15,"Monterrey, Nuevo Leon, Mexico",Red,Featherweight,U-DEC,None,3,Ricardo Lamas,Diego Sanchez
Jussier Formiga,Henry Cejudo,11/21/15,"Monterrey, Nuevo Leon, Mexico",Blue,Flyweight,S-DEC,None,3,Henry Cejudo,Jussier Formiga
Erick Montano,Enrique Marin,11/21/15,"Monterrey, Nuevo Leon, Mexico",Red,Welterweight,S-DEC,None,3,Erick Montano,Enrique Marin
Horacio Gutierrez,Enrique Barzola,11/21/15,"Monterrey, Nuevo Leon, Mexico",Blue,Lightweight,U-DEC,None,3,Enrique Barzola,Horacio Gutierrez
Efrain Escudero,Leandro Silva,11/21/15,"Monterrey, Nuevo Leon, Mexico",Blue,Lightweight,U-DEC,None,3,Leandro Silva,Efrain Escudero
Erik Perez,Taylor Lapilus,11/21/15,"Monterrey, Nuevo Leon, Mexico",Red,Bantamweight,U-DEC,None,3,Erik Perez,Taylor Lapilus
Hector Urbina,Bartosz Fabinski,11/21/15,"Monterrey, Nuevo Leon, Mexico",Blue,Welterweight,U-DEC,None,3,Bartosz Fabinski,Hector Urbina
Alejandro Perez,Scott Jorgensen,11/21/15,"Monterrey, Nuevo Leon, Mexico",Red,Bantamweight,KO/TKO,None,2,Alejandro Perez,Scott Jorgensen
Gabriel Benitez,Andre Fili,11/21/15,"Monterrey, Nuevo Leon, Mexico",Blue,Featherweight,KO/TKO,Punches,1,Andre Fili,Gabriel Benitez
Vernon Ramos,Alvaro Herrera,11/21/15,"Monterrey, Nuevo Leon, Mexico",Blue,Welterweight,,None,,Alvaro Herrera,Vernon Ramos
Cesar Arzamendia,Polo Reyes,11/21/15,"Monterrey, Nuevo Leon, Mexico",Blue,Lightweight,,None,,Polo Reyes,Cesar Arzamendia
Valmir Lazaro,Michel Prazeres,11/21/15,"Monterrey, Nuevo Leon, Mexico",Blue,Lightweight,S-DEC,None,3,Michel Prazeres,Valmir Lazaro
Ronda Rousey,Holly Holm,11/14/15,"Melbourne, Victoria, Australia",Blue,Women's Bantamweight,KO/TKO,Kick,2,Holly Holm,Ronda Rousey
Joanna Jedrzejczyk,Valerie Letourneau,11/14/15,"Melbourne, Victoria, Australia",Red,Women's Strawweight,U-DEC,None,5,Joanna Jedrzejczyk,Valerie Letourneau
Mark Hunt,Antonio Silva,11/14/15,"Melbourne, Victoria, Australia",Red,Heavyweight,KO/TKO,Punch,1,Mark Hunt,Antonio Silva
Uriah Hall,Robert Whittaker,11/14/15,"Melbourne, Victoria, Australia",Blue,Middleweight,U-DEC,None,3,Robert Whittaker,Uriah Hall
Stefan Struve,Jared Rosholt,11/14/15,"Melbourne, Victoria, Australia",Blue,Heavyweight,U-DEC,None,3,Jared Rosholt,Stefan Struve
Jake Matthews,Akbarh Arreola,11/14/15,"Melbourne, Victoria, Australia",Red,Lightweight,KO/TKO,None,2,Jake Matthews,Akbarh Arreola
Kyle Noke,Peter Sobotta,11/14/15,"Melbourne, Victoria, Australia",Red,Welterweight,KO/TKO,Kick,1,Kyle Noke,Peter Sobotta
Anthony Perosh,Gian Villante,11/14/15,"Melbourne, Victoria, Australia",Blue,Light Heavyweight,KO/TKO,Punch,1,Gian Villante,Anthony Perosh
Richie Vaculik,Danny Martinez,11/14/15,"Melbourne, Victoria, Australia",Blue,Flyweight,U-DEC,None,3,Danny Martinez,Richie Vaculik
Daniel Kelly,Steve Montgomery,11/14/15,"Melbourne, Victoria, Australia",Red,Middleweight,U-DEC,None,3,Daniel Kelly,Steve Montgomery
Richard Walsh,Steve Kennedy,11/14/15,"Melbourne, Victoria, Australia",Red,Welterweight,U-DEC,None,3,Richard Walsh,Steve Kennedy
James Moontasri,Anton Zafir,11/14/15,"Melbourne, Victoria, Australia",Red,Welterweight,KO/TKO,Spinning Back Kick,1,James Moontasri,Anton Zafir
Ben Nguyen,Ryan Benoit,11/14/15,"Melbourne, Victoria, Australia",Red,Flyweight,SUB,Rear Naked Choke,1,Ben Nguyen,Ryan Benoit
Vitor Belfort,Dan Henderson,11/7/15,"Sao Paulo, Sao Paulo, Brazil",Red,Middleweight,KO/TKO,Kick,1,Vitor Belfort,Dan Henderson
Glover Teixeira,Patrick Cummins,11/7/15,"Sao Paulo, Sao Paulo, Brazil",Red,Light Heavyweight,KO/TKO,Punches,2,Glover Teixeira,Patrick Cummins
Thomas Almeida,Anthony Birchak,11/7/15,"Sao Paulo, Sao Paulo, Brazil",Red,Bantamweight,KO/TKO,Punches,1,Thomas Almeida,Anthony Birchak
Alex Oliveira,Piotr Hallmann,11/7/15,"Sao Paulo, Sao Paulo, Brazil",Red,Lightweight,KO/TKO,Punch,3,Alex Oliveira,Piotr Hallmann
Gilbert Burns,Rashid Magomedov,11/7/15,"Sao Paulo, Sao Paulo, Brazil",Blue,Lightweight,U-DEC,None,3,Rashid Magomedov,Gilbert Burns
Fabio Maldonado,Corey Anderson,11/7/15,"Sao Paulo, Sao Paulo, Brazil",Blue,Light Heavyweight,U-DEC,None,3,Corey Anderson,Fabio Maldonado
Gleison Tibau,Abel Trujillo,11/7/15,"Sao Paulo, Sao Paulo, Brazil",Blue,Lightweight,DQ,Rear Naked Choke,1,Abel Trujillo,Gleison Tibau
Yan Cabral,Johnny Case,11/7/15,"Sao Paulo, Sao Paulo, Brazil",Blue,Lightweight,U-DEC,None,3,Johnny Case,Yan Cabral
Clay Guida,Thiago Tavares,11/7/15,"Sao Paulo, Sao Paulo, Brazil",Blue,Featherweight,SUB,Guillotine Choke,1,Thiago Tavares,Clay Guida
Kevin Souza,Chas Skelly,11/7/15,"Sao Paulo, Sao Paulo, Brazil",Blue,Featherweight,,None,,Chas Skelly,Kevin Souza
Viscardi Andrade,Gasan Umalatov,11/7/15,"Sao Paulo, Sao Paulo, Brazil",Red,Welterweight,U-DEC,None,3,Viscardi Andrade,Gasan Umalatov
Pedro Munhoz,Jimmie Rivera,11/7/15,"Sao Paulo, Sao Paulo, Brazil",Blue,Bantamweight,S-DEC,None,3,Jimmie Rivera,Pedro Munhoz
Bruno Korea,Matheus Nicolau,11/7/15,"Sao Paulo, Sao Paulo, Brazil",Blue,Bantamweight,,None,,Matheus Nicolau,Bruno Korea
Paddy Holohan,Louis Smolka,10/24/15,"Dublin, Leinster, Ireland",Blue,Flyweight,SUB,Rear Naked Choke,2,Louis Smolka,Paddy Holohan
Norman Parke,Reza Madadi,10/24/15,"Dublin, Leinster, Ireland",Red,Lightweight,U-DEC,None,3,Norman Parke,Reza Madadi
Neil Seery,Jon Delos Reyes,10/24/15,"Dublin, Leinster, Ireland",Red,Flyweight,SUB,Guillotine Choke,2,Neil Seery,Jon Delos Reyes
Stevie Ray,Mickael Lebout,10/24/15,"Dublin, Leinster, Ireland",Red,Lightweight,U-DEC,None,3,Stevie Ray,Mickael Lebout
Aisling Daly,Ericka Almeida,10/24/15,"Dublin, Leinster, Ireland",Red,Women's Strawweight,U-DEC,None,3,Aisling Daly,Ericka Almeida
Scott Askham,Krzysztof Jotko,10/24/15,"Dublin, Leinster, Ireland",Blue,Middleweight,S-DEC,None,3,Krzysztof Jotko,Scott Askham
Cathal Pendred,Tom Breese,10/24/15,"Dublin, Leinster, Ireland",Blue,Welterweight,KO/TKO,Punches,1,Tom Breese,Cathal Pendred
Darren Elkins,Rob Whiteford,10/24/15,"Dublin, Leinster, Ireland",Red,Featherweight,,None,,Darren Elkins,Rob Whiteford
Bubba Bush,Garreth McLellan,10/24/15,"Dublin, Leinster, Ireland",Blue,Middleweight,KO/TKO,Punches,3,Garreth McLellan,Bubba Bush
Daniel Cormier,Alexander Gustafsson,10/3/15,"Houston, Texas, USA",Red,Light Heavyweight,S-DEC,None,5,Daniel Cormier,Alexander Gustafsson
Ryan Bader,Rashad Evans,10/3/15,"Houston, Texas, USA",Red,Light Heavyweight,U-DEC,None,3,Ryan Bader,Rashad Evans
Shawn Jordan,Ruslan Magomedov,10/3/15,"Houston, Texas, USA",Blue,Heavyweight,U-DEC,None,3,Ruslan Magomedov,Shawn Jordan
Joseph Benavidez,Ali Bagautinov,10/3/15,"Houston, Texas, USA",Red,Flyweight,U-DEC,None,3,Joseph Benavidez,Ali Bagautinov
Jessica Eye,Julianna Pena,10/3/15,"Houston, Texas, USA",Blue,Women's Bantamweight,U-DEC,None,3,Julianna Pena,Jessica Eye
Yair Rodriguez,Dan Hooker,10/3/15,"Houston, Texas, USA",Red,Featherweight,U-DEC,None,3,Yair Rodriguez,Dan Hooker
Alan Jouban,Albert Tumenov,10/3/15,"Houston, Texas, USA",Blue,Welterweight,KO/TKO,Punches,1,Albert Tumenov,Alan Jouban
Adriano Martins,Islam Makhachev,10/3/15,"Houston, Texas, USA",Red,Lightweight,KO/TKO,Punch,1,Adriano Martins,Islam Makhachev
Rose Namajunas,Angela Hill,10/3/15,"Houston, Texas, USA",Red,Women's Strawweight,SUB,Rear Naked Choke,1,Rose Namajunas,Angela Hill
Francisco Trevino,Sage Northcutt,10/3/15,"Houston, Texas, USA",Blue,Lightweight,KO/TKO,Punches,1,Sage Northcutt,Francisco Trevino
Chris Cariaso,Sergio Pettis,10/3/15,"Houston, Texas, USA",Blue,Flyweight,U-DEC,None,3,Sergio Pettis,Chris Cariaso
Derrick Lewis,Viktor Pesta,10/3/15,"Houston, Texas, USA",Red,Heavyweight,KO/TKO,Punches,3,Derrick Lewis,Viktor Pesta
Josh Barnett,Roy Nelson,9/26/15,"Saitama, Japan",Red,Heavyweight,U-DEC,None,5,Josh Barnett,Roy Nelson
Gegard Mousasi,Uriah Hall,9/26/15,"Saitama, Japan",Blue,Middleweight,KO/TKO,Spinning Back Kick,2,Uriah Hall,Gegard Mousasi
Kyoji Horiguchi,Chico Camus,9/26/15,"Saitama, Japan",Red,Flyweight,U-DEC,None,3,Kyoji Horiguchi,Chico Camus
Takeya Mizugaki,George Roop,9/26/15,"Saitama, Japan",Red,Bantamweight,U-DEC,None,3,Takeya Mizugaki,George Roop
Katsunori Kikuno,Diego Brandao,9/26/15,"Saitama, Japan",Blue,Featherweight,KO/TKO,Punch,1,Diego Brandao,Katsunori Kikuno
Keita Nakamura,Li Jingliang,9/26/15,"Saitama, Japan",Red,Welterweight,,None,,Keita Nakamura,Li Jingliang
Nick Hein,Yusuke Kasuya,9/26/15,"Saitama, Japan",Red,Lightweight,U-DEC,None,3,Nick Hein,Yusuke Kasuya
Naoyuki Kotani,Kajan Johnson,9/26/15,"Saitama, Japan",Blue,Lightweight,U-DEC,None,3,Kajan Johnson,Naoyuki Kotani
Shinsho Anzai,Roger Zapata,9/26/15,"Saitama, Japan",Red,Welterweight,KO/TKO,None,3,Shinsho Anzai,Roger Zapata
Demetrious Johnson,John Dodson,9/5/15,"Las Vegas, Nevada, USA",Red,Flyweight,U-DEC,None,5,Demetrious Johnson,John Dodson
Andrei Arlovski,Frank Mir,9/5/15,"Las Vegas, Nevada, USA",Red,Heavyweight,U-DEC,None,3,Andrei Arlovski,Frank Mir
Anthony Johnson,Jimi Manuwa,9/5/15,"Las Vegas, Nevada, USA",Red,Light Heavyweight,KO/TKO,Punch,2,Anthony Johnson,Jimi Manuwa
Jan Blachowicz,Corey Anderson,9/5/15,"Las Vegas, Nevada, USA",Blue,Light Heavyweight,U-DEC,None,3,Corey Anderson,Jan Blachowicz
Paige VanZant,Alex Chambers,9/5/15,"Las Vegas, Nevada, USA",Red,Women's Strawweight,SUB,Armbar,3,Paige VanZant,Alex Chambers
Ross Pearson,Paul Felder,9/5/15,"Las Vegas, Nevada, USA",Red,Lightweight,S-DEC,None,3,Ross Pearson,Paul Felder
Francisco Rivera,John Lineker,9/5/15,"Las Vegas, Nevada, USA",Blue,Bantamweight,SUB,Guillotine Choke,1,John Lineker,Francisco Rivera
Jessica Andrade,Raquel Pennington,9/5/15,"Las Vegas, Nevada, USA",Blue,Women's Bantamweight,SUB,Rear Naked Choke,2,Raquel Pennington,Jessica Andrade
Clay Collard,Tiago Trator,9/5/15,"Las Vegas, Nevada, USA",Blue,Featherweight,,None,,Tiago Trator,Clay Collard
Joe Riggs,Ron Stallings,9/5/15,"Las Vegas, Nevada, USA",Red,Middleweight,DQ,None,2,Joe Riggs,Ron Stallings
Joaquim Silva,Nazareno Malegarie,9/5/15,"Las Vegas, Nevada, USA",Red,Lightweight,S-DEC,None,3,Joaquim Silva,Nazareno Malegarie
Max Holloway,Charles Oliveira,8/23/15,"Saskatoon, Saskatchewan, Canada",Red,Featherweight,KO/TKO,None,1,Max Holloway,Charles Oliveira
Neil Magny,Erick Silva,8/23/15,"Saskatoon, Saskatchewan, Canada",Red,Welterweight,U-DEC,None,3,Neil Magny,Erick Silva
Patrick Cote,Joshua Burkman,8/23/15,"Saskatoon, Saskatchewan, Canada",Red,Welterweight,KO/TKO,Punches,3,Patrick Cote,Joshua Burkman
Chad Laprise,Francisco Trinaldo,8/23/15,"Saskatoon, Saskatchewan, Canada",Blue,Lightweight,KO/TKO,Punches,1,Francisco Trinaldo,Chad Laprise
Olivier Aubin-Mercier,Tony Sims,8/23/15,"Saskatoon, Saskatchewan, Canada",Red,Lightweight,U-DEC,None,3,Olivier Aubin-Mercier,Tony Sims
Maryna Moroz,Valerie Letourneau,8/23/15,"Saskatoon, Saskatchewan, Canada",Blue,Women's Strawweight,U-DEC,None,3,Valerie Letourneau,Maryna Moroz
Sam Stout,Frankie Perez,8/23/15,"Saskatoon, Saskatchewan, Canada",Blue,Lightweight,KO/TKO,Punches,1,Frankie Perez,Sam Stout
Yves Jabouin,Felipe Arantes,8/23/15,"Saskatoon, Saskatchewan, Canada",Blue,Bantamweight,SUB,Armbar,1,Felipe Arantes,Yves Jabouin
Marcos Rogerio de Lima,Nikita Krylov,8/23/15,"Saskatoon, Saskatchewan, Canada",Blue,Light Heavyweight,SUB,Rear Naked Choke,1,Nikita Krylov,Marcos Rogerio de Lima
Chris Kelades,Chris Beal,8/23/15,"Saskatoon, Saskatchewan, Canada",Red,Flyweight,S-DEC,None,3,Chris Kelades,Chris Beal
Shane Campbell,Elias Silverio,8/23/15,"Saskatoon, Saskatchewan, Canada",Red,Lightweight,U-DEC,None,3,Shane Campbell,Elias Silverio
Misha Cirkunov,Daniel Jolly,8/23/15,"Saskatoon, Saskatchewan, Canada",Red,Light Heavyweight,KO/TKO,Punches,1,Misha Cirkunov,Daniel Jolly
Glover Teixeira,Ovince Saint Preux,8/8/15,"Nashville, Tennessee, USA",Red,Light Heavyweight,SUB,Rear Naked Choke,3,Glover Teixeira,Ovince Saint Preux
Michael Johnson,Beneil Dariush,8/8/15,"Nashville, Tennessee, USA",Blue,Lightweight,S-DEC,None,3,Beneil Dariush,Michael Johnson
Derek Brunson,Sam Alvey,8/8/15,"Nashville, Tennessee, USA",Red,Middleweight,KO/TKO,Punches,1,Derek Brunson,Sam Alvey
Jared Rosholt,Tim Johnson,8/8/15,"Nashville, Tennessee, USA",Red,Heavyweight,,None,,Jared Rosholt,Tim Johnson
Sara McMann,Amanda Nunes,8/8/15,"Nashville, Tennessee, USA",Blue,Women's Bantamweight,SUB,Rear Naked Choke,1,Amanda Nunes,Sara McMann
Ray Borg,Geane Herrera,8/8/15,"Nashville, Tennessee, USA",Red,Flyweight,U-DEC,None,3,Ray Borg,Geane Herrera
Uriah Hall,Oluwale Bamgbose,8/8/15,"Nashville, Tennessee, USA",Red,Middleweight,KO/TKO,Punches,1,Uriah Hall,Oluwale Bamgbose
Chris Camozzi,Tom Watson,8/8/15,"Nashville, Tennessee, USA",Red,Middleweight,U-DEC,None,3,Chris Camozzi,Tom Watson
Dustin Ortiz,Willie Gates,8/8/15,"Nashville, Tennessee, USA",Red,Flyweight,KO/TKO,Punches,3,Dustin Ortiz,Willie Gates
Frankie Saenz,Sirwan Kakai,8/8/15,"Nashville, Tennessee, USA",Red,Bantamweight,S-DEC,None,3,Frankie Saenz,Sirwan Kakai
Chris Dempsey,Jonathan Wilson,8/8/15,"Nashville, Tennessee, USA",Blue,Light Heavyweight,KO/TKO,Punch,1,Jonathan Wilson,Chris Dempsey
Marlon Vera,Roman Salazar,8/8/15,"Nashville, Tennessee, USA",Red,Bantamweight,SUB,Armbar,2,Marlon Vera,Roman Salazar
Anthony Christodoulou,Scott Holtzman,8/8/15,"Nashville, Tennessee, USA",Blue,Lightweight,SUB,Rear Naked Choke,3,Scott Holtzman,Anthony Christodoulou
Ronda Rousey,Bethe Correia,8/1/15,"Rio de Janeiro, Rio de Janeiro, Brazil",Red,Women's Bantamweight,KO/TKO,Punch,1,Ronda Rousey,Bethe Correia
Mauricio Rua,Rogerio Nogueira,8/1/15,"Rio de Janeiro, Rio de Janeiro, Brazil",Red,Light Heavyweight,U-DEC,None,3,Mauricio Rua,Rogerio Nogueira
Glaico Franca,Fernando Bruno,8/1/15,"Rio de Janeiro, Rio de Janeiro, Brazil",Red,Lightweight,,None,,Glaico Franca,Fernando Bruno
Reginaldo Vieira,Dileno Lopes,8/1/15,"Rio de Janeiro, Rio de Janeiro, Brazil",Red,Bantamweight,U-DEC,None,3,Reginaldo Vieira,Dileno Lopes
Stefan Struve,Minotauro Nogueira,8/1/15,"Rio de Janeiro, Rio de Janeiro, Brazil",Red,Heavyweight,,None,,Stefan Struve,Minotauro Nogueira
Antonio Silva,Soa Palelei,8/1/15,"Rio de Janeiro, Rio de Janeiro, Brazil",Red,Heavyweight,KO/TKO,Punches,2,Antonio Silva,Soa Palelei
Claudia Gadelha,Jessica Aguilar,8/1/15,"Rio de Janeiro, Rio de Janeiro, Brazil",Red,Women's Strawweight,U-DEC,None,3,Claudia Gadelha,Jessica Aguilar
Demian Maia,Neil Magny,8/1/15,"Rio de Janeiro, Rio de Janeiro, Brazil",Red,Welterweight,SUB,Rear Naked Choke,2,Demian Maia,Neil Magny
Rafael Feijao,Patrick Cummins,8/1/15,"Rio de Janeiro, Rio de Janeiro, Brazil",Blue,Light Heavyweight,,None,,Patrick Cummins,Rafael Feijao
Warlley Alves,Nordine Taleb,8/1/15,"Rio de Janeiro, Rio de Janeiro, Brazil",Red,Welterweight,SUB,Guillotine Choke,2,Warlley Alves,Nordine Taleb
Iuri Alcantara,Leandro Issa,8/1/15,"Rio de Janeiro, Rio de Janeiro, Brazil",Red,Bantamweight,U-DEC,None,3,Iuri Alcantara,Leandro Issa
Vitor Miranda,Clint Hester,8/1/15,"Rio de Janeiro, Rio de Janeiro, Brazil",Red,Middleweight,KO/TKO,Elbows,2,Vitor Miranda,Clint Hester
Hugo Viana,Guido Cannetti,8/1/15,"Rio de Janeiro, Rio de Janeiro, Brazil",Blue,Bantamweight,U-DEC,None,3,Guido Cannetti,Hugo Viana
TJ Dillashaw,Renan Barao,7/25/15,"Chicago, Illinois, USA",Red,Bantamweight,KO/TKO,Punches,4,TJ Dillashaw,Renan Barao
Miesha Tate,Jessica Eye,7/25/15,"Chicago, Illinois, USA",Red,Women's Bantamweight,U-DEC,None,3,Miesha Tate,Jessica Eye
Edson Barboza,Paul Felder,7/25/15,"Chicago, Illinois, USA",Red,Lightweight,U-DEC,None,3,Edson Barboza,Paul Felder
Joe Lauzon,Takanori Gomi,7/25/15,"Chicago, Illinois, USA",Red,Lightweight,KO/TKO,Punches,1,Joe Lauzon,Takanori Gomi
Gian Villante,Tom Lawlor,7/25/15,"Chicago, Illinois, USA",Blue,Light Heavyweight,KO/TKO,Punch,2,Tom Lawlor,Gian Villante
Jim Miller,Danny Castillo,7/25/15,"Chicago, Illinois, USA",Red,Lightweight,S-DEC,None,3,Jim Miller,Danny Castillo
Kenny Robertson,Ben Saunders,7/25/15,"Chicago, Illinois, USA",Blue,Welterweight,S-DEC,None,3,Ben Saunders,Kenny Robertson
Eddie Wineland,Bryan Caraway,7/25/15,"Chicago, Illinois, USA",Blue,Bantamweight,U-DEC,None,3,Bryan Caraway,Eddie Wineland
Daron Cruickshank,James Krause,7/25/15,"Chicago, Illinois, USA",Blue,Lightweight,SUB,Rear Naked Choke,1,James Krause,Daron Cruickshank
Ramsey Nijem,Andrew Holbrook,7/25/15,"Chicago, Illinois, USA",Blue,Lightweight,S-DEC,None,3,Andrew Holbrook,Ramsey Nijem
Jessamyn Duke,Elizabeth Phillips,7/25/15,"Chicago, Illinois, USA",Blue,Women's Bantamweight,U-DEC,None,3,Elizabeth Phillips,Jessamyn Duke
Zak Cummings,Dominique Steele,7/25/15,"Chicago, Illinois, USA",Red,Middleweight,KO/TKO,Punches,1,Zak Cummings,Dominique Steele
Michael Bisping,Thales Leites,7/18/15,"Glasgow, Scotland, United Kingdom",Red,Middleweight,S-DEC,None,5,Michael Bisping,Thales Leites
Ross Pearson,Evan Dunham,7/18/15,"Glasgow, Scotland, United Kingdom",Blue,Lightweight,U-DEC,None,3,Evan Dunham,Ross Pearson
Joe Duffy,Ivan Jorge,7/18/15,"Glasgow, Scotland, United Kingdom",Red,Lightweight,SUB,Triangle Choke,1,Joe Duffy,Ivan Jorge
Joanne Calderwood,Cortney Casey,7/18/15,"Glasgow, Scotland, United Kingdom",Red,Women's Strawweight,U-DEC,None,3,Joanne Calderwood,Cortney Casey
Leon Edwards,Pawel Pawlak,7/18/15,"Glasgow, Scotland, United Kingdom",Red,Welterweight,U-DEC,None,3,Leon Edwards,Pawel Pawlak
Stevie Ray,Leonardo Mafra,7/18/15,"Glasgow, Scotland, United Kingdom",Red,Lightweight,KO/TKO,Punches,1,Stevie Ray,Leonardo Mafra
Paddy Holohan,Vaughan Lee,7/18/15,"Glasgow, Scotland, United Kingdom",Red,Flyweight,U-DEC,None,3,Paddy Holohan,Vaughan Lee
Ilir Latifi,Hans Stringer,7/18/15,"Glasgow, Scotland, United Kingdom",Red,Light Heavyweight,KO/TKO,Punch,1,Ilir Latifi,Hans Stringer
Mickael Lebout,Teemu Packalen,7/18/15,"Glasgow, Scotland, United Kingdom",Red,Lightweight,U-DEC,None,3,Mickael Lebout,Teemu Packalen
Rob Whiteford,Paul Redmond,7/18/15,"Glasgow, Scotland, United Kingdom",Red,Featherweight,,None,,Rob Whiteford,Paul Redmond
Marcus Brimage,Jimmie Rivera,7/18/15,"Glasgow, Scotland, United Kingdom",Blue,Bantamweight,KO/TKO,Punches,1,Jimmie Rivera,Marcus Brimage
Daniel Omielanczuk,Chris de la Rocha,7/18/15,"Glasgow, Scotland, United Kingdom",Red,Heavyweight,KO/TKO,Punch,1,Daniel Omielanczuk,Chris de la Rocha
Frank Mir,Todd Duffee,7/15/15,"San Diego, California, USA",Red,Heavyweight,KO/TKO,Punch,1,Frank Mir,Todd Duffee
Josh Thomson,Tony Ferguson,7/15/15,"San Diego, California, USA",Blue,Lightweight,U-DEC,None,3,Tony Ferguson,Josh Thomson
Holly Holm,Marion Reneau,7/15/15,"San Diego, California, USA",Red,Women's Bantamweight,U-DEC,None,3,Holly Holm,Marion Reneau
Scott Jorgensen,Manvel Gamburyan,7/15/15,"San Diego, California, USA",Blue,Bantamweight,U-DEC,None,3,Manvel Gamburyan,Scott Jorgensen
Kevin Lee,James Moontasri,7/15/15,"San Diego, California, USA",Red,Lightweight,SUB,Rear Naked Choke,1,Kevin Lee,James Moontasri
Alan Jouban,Matt Dwyer,7/15/15,"San Diego, California, USA",Red,Welterweight,U-DEC,None,3,Alan Jouban,Matt Dwyer
Sam Sicilia,Yaotzin Meza,7/15/15,"San Diego, California, USA",Red,Featherweight,U-DEC,None,3,Sam Sicilia,Yaotzin Meza
Jessica Andrade,Sarah Moras,7/15/15,"San Diego, California, USA",Red,Women's Bantamweight,U-DEC,None,3,Jessica Andrade,Sarah Moras
Rani Yahya,Masanori Kanehara,7/15/15,"San Diego, California, USA",Red,Bantamweight,S-DEC,None,3,Rani Yahya,Masanori Kanehara
Igor Araujo,Sean Strickland,7/15/15,"San Diego, California, USA",Blue,Welterweight,U-DEC,None,3,Sean Strickland,Igor Araujo
Kevin Casey,Ildemar Alcantara,7/15/15,"San Diego, California, USA",Red,Middleweight,U-DEC,None,3,Kevin Casey,Ildemar Alcantara
Andrew Craig,Lyman Good,7/15/15,"San Diego, California, USA",Blue,Welterweight,KO/TKO,Punch,2,Lyman Good,Andrew Craig
Jake Ellenberger,Stephen Thompson,7/12/15,"Las Vegas, Nevada, USA",Blue,Welterweight,KO/TKO,Kick,1,Stephen Thompson,Jake Ellenberger
Kamaru Usman,Hayder Hassan,7/12/15,"Las Vegas, Nevada, USA",Red,Welterweight,SUB,Arm Triangle,2,Kamaru Usman,Hayder Hassan
Michael Graves,Vicente Luque,7/12/15,"Las Vegas, Nevada, USA",Red,Welterweight,U-DEC,None,3,Michael Graves,Vicente Luque
Jorge Masvidal,Cezar Ferreira,7/12/15,"Las Vegas, Nevada, USA",Red,Welterweight,KO/TKO,Elbow,1,Jorge Masvidal,Cezar Ferreira
Angela Magana,Michelle Waterson,7/12/15,"Las Vegas, Nevada, USA",Blue,Women's Strawweight,SUB,Rear Naked Choke,3,Michelle Waterson,Angela Magana
Maximo Blanco,Mike de la Torre,7/12/15,"Las Vegas, Nevada, USA",Red,Featherweight,KO/TKO,Punch,1,Maximo Blanco,Mike de la Torre
Josh Samman,Caio Magalhaes,7/12/15,"Las Vegas, Nevada, USA",Red,Middleweight,SUB,Rear Naked Choke,1,Josh Samman,Caio Magalhaes
Russell Doane,Jerrod Sanders,7/12/15,"Las Vegas, Nevada, USA",Blue,Bantamweight,U-DEC,None,3,Jerrod Sanders,Russell Doane
Dan Miller,Trevor Smith,7/12/15,"Las Vegas, Nevada, USA",Blue,Middleweight,U-DEC,None,3,Trevor Smith,Dan Miller
George Sullivan,Dominic Waters,7/12/15,"Las Vegas, Nevada, USA",Red,Welterweight,U-DEC,None,3,George Sullivan,Dominic Waters
Darrell Montague,Willie Gates,7/12/15,"Las Vegas, Nevada, USA",Blue,Flyweight,KO/TKO,Punches,1,Willie Gates,Darrell Montague
Chad Mendes,Conor McGregor,7/11/15,"Las Vegas, Nevada, USA",Blue,Featherweight,KO/TKO,Punch,2,Conor McGregor,Chad Mendes
Robbie Lawler,Rory MacDonald,7/11/15,"Las Vegas, Nevada, USA",Red,Welterweight,KO/TKO,Punch,5,Robbie Lawler,Rory MacDonald
Dennis Bermudez,Jeremy Stephens,7/11/15,"Las Vegas, Nevada, USA",Blue,Featherweight,KO/TKO,Flying Knee,3,Jeremy Stephens,Dennis Bermudez
Gunnar Nelson,Brandon Thatch,7/11/15,"Las Vegas, Nevada, USA",Red,Welterweight,SUB,Rear Naked Choke,1,Gunnar Nelson,Brandon Thatch
Brad Pickett,Thomas Almeida,7/11/15,"Las Vegas, Nevada, USA",Blue,Bantamweight,KO/TKO,Flying Knee,2,Thomas Almeida,Brad Pickett
Matt Brown,Tim Means,7/11/15,"Las Vegas, Nevada, USA",Red,Welterweight,SUB,Guillotine Choke,1,Matt Brown,Tim Means
Mike Swick,Alex Garcia,7/11/15,"Las Vegas, Nevada, USA",Blue,Welterweight,U-DEC,None,3,Alex Garcia,Mike Swick
Cathal Pendred,John Howard,7/11/15,"Las Vegas, Nevada, USA",Blue,Welterweight,S-DEC,None,3,John Howard,Cathal Pendred
Cody Garbrandt,Henry Briones,7/11/15,"Las Vegas, Nevada, USA",Red,Bantamweight,U-DEC,None,3,Cody Garbrandt,Henry Briones
Neil Seery,Louis Smolka,7/11/15,"Las Vegas, Nevada, USA",Blue,Flyweight,U-DEC,None,3,Louis Smolka,Neil Seery
Yosdenis Cedeno,Cody Pfister,7/11/15,"Las Vegas, Nevada, USA",Blue,Lightweight,U-DEC,None,3,Cody Pfister,Yosdenis Cedeno
Lyoto Machida,Yoel Romero,6/27/15,"Hollywood, Florida, USA",Blue,Middleweight,KO/TKO,Elbows,3,Yoel Romero,Lyoto Machida
Santiago Ponzinibbio,Lorenz Larkin,6/27/15,"Hollywood, Florida, USA",Blue,Welterweight,KO/TKO,Punches,2,Lorenz Larkin,Santiago Ponzinibbio
Antonio Carlos Junior,Eddie Gordon,6/27/15,"Hollywood, Florida, USA",Red,Middleweight,SUB,Rear Naked Choke,3,Antonio Carlos Junior,Eddie Gordon
Thiago Santos,Steve Bosse,6/27/15,"Hollywood, Florida, USA",Red,Middleweight,KO/TKO,Kick,1,Thiago Santos,Steve Bosse
Hacran Dias,Levan Makashvili,6/27/15,"Hollywood, Florida, USA",Red,Featherweight,S-DEC,None,3,Hacran Dias,Levan Makashvili
Alex Oliveira,Joe Merritt,6/27/15,"Hollywood, Florida, USA",Red,Welterweight,U-DEC,None,3,Alex Oliveira,Joe Merritt
Leandro Silva,Lewis Gonzalez,6/27/15,"Hollywood, Florida, USA",Red,Welterweight,U-DEC,None,3,Leandro Silva,Lewis Gonzalez
Steve Montgomery,Tony Sims,6/27/15,"Hollywood, Florida, USA",Blue,Welterweight,KO/TKO,Punch,1,Tony Sims,Steve Montgomery
Danny Martinez,Sirwan Kakai,6/27/15,"Hollywood, Florida, USA",Blue,Bantamweight,U-DEC,None,3,Sirwan Kakai,Danny Martinez
Joanna Jedrzejczyk,Jessica Penne,6/20/15,"Berlin, Berlin, Germany",Red,Women's Strawweight,KO/TKO,Punches,3,Joanna Jedrzejczyk,Jessica Penne
Dennis Siver,Tatsuya Kawajiri,6/20/15,"Berlin, Berlin, Germany",Blue,Featherweight,U-DEC,None,3,Tatsuya Kawajiri,Dennis Siver
Peter Sobotta,Steve Kennedy,6/20/15,"Berlin, Berlin, Germany",Red,Welterweight,SUB,Rear Naked Choke,1,Peter Sobotta,Steve Kennedy
Nick Hein,Lukasz Sajewski,6/20/15,"Berlin, Berlin, Germany",Red,Lightweight,U-DEC,None,3,Nick Hein,Lukasz Sajewski
Makwan Amirkhani,Masio Fullen,6/20/15,"Berlin, Berlin, Germany",Red,Featherweight,SUB,Rear Naked Choke,1,Makwan Amirkhani,Masio Fullen
Mairbek Taisumov,Alan Patrick,6/20/15,"Berlin, Berlin, Germany",Red,Lightweight,KO/TKO,Kick,2,Mairbek Taisumov,Alan Patrick
Alan Omer,Arnold Allen,6/20/15,"Berlin, Berlin, Germany",Blue,Featherweight,SUB,Guillotine Choke,3,Arnold Allen,Alan Omer
Niklas Backstrom,Noad Lahat,6/20/15,"Berlin, Berlin, Germany",Blue,Featherweight,M-DEC,None,3,Noad Lahat,Niklas Backstrom
Scott Askham,Antonio Dos Santos,6/20/15,"Berlin, Berlin, Germany",Red,Middleweight,KO/TKO,Punch,1,Scott Askham,Antonio Dos Santos
Piotr Hallmann,Magomed Mustafaev,6/20/15,"Berlin, Berlin, Germany",Blue,Lightweight,KO/TKO,None,2,Magomed Mustafaev,Piotr Hallmann
Taylor Lapilus,Ulka Sasaki,6/20/15,"Berlin, Berlin, Germany",Red,Bantamweight,,None,,Taylor Lapilus,Ulka Sasaki
Cain Velasquez,Fabricio Werdum,6/13/15,"Mexico City, Distrito Federal, Mexico",Blue,Heavyweight,SUB,Guillotine Choke,3,Fabricio Werdum,Cain Velasquez
Gilbert Melendez,Eddie Alvarez,6/13/15,"Mexico City, Distrito Federal, Mexico",Blue,Lightweight,S-DEC,None,3,Eddie Alvarez,Gilbert Melendez
Kelvin Gastelum,Nate Marquardt,6/13/15,"Mexico City, Distrito Federal, Mexico",Red,Middleweight,KO/TKO,None,2,Kelvin Gastelum,Nate Marquardt
Yair Rodriguez,Charles Rosa,6/13/15,"Mexico City, Distrito Federal, Mexico",Red,Featherweight,S-DEC,None,3,Yair Rodriguez,Charles Rosa
Tecia Torres,Angela Hill,6/13/15,"Mexico City, Distrito Federal, Mexico",Red,Women's Strawweight,U-DEC,None,3,Tecia Torres,Angela Hill
Henry Cejudo,Chico Camus,6/13/15,"Mexico City, Distrito Federal, Mexico",Red,Flyweight,U-DEC,None,3,Henry Cejudo,Chico Camus
Efrain Escudero,Drew Dober,6/13/15,"Mexico City, Distrito Federal, Mexico",Red,Lightweight,SUB,Guillotine Choke,1,Efrain Escudero,Drew Dober
Alejandro Perez,Patrick Williams,6/13/15,"Mexico City, Distrito Federal, Mexico",Blue,Bantamweight,SUB,Guillotine Choke,1,Patrick Williams,Alejandro Perez
Francisco Trevino,Johnny Case,6/13/15,"Mexico City, Distrito Federal, Mexico",Blue,Lightweight,U-DEC,None,3,Johnny Case,Francisco Trevino
Augusto Montano,Cathal Pendred,6/13/15,"Mexico City, Distrito Federal, Mexico",Blue,Welterweight,U-DEC,None,3,Cathal Pendred,Augusto Montano
Gabriel Benitez,Clay Collard,6/13/15,"Mexico City, Distrito Federal, Mexico",Red,Featherweight,U-DEC,None,3,Gabriel Benitez,Clay Collard
Tim Boetsch,Dan Henderson,6/6/15,"New Orleans, Louisiana, USA",Blue,Middleweight,KO/TKO,Punch,1,Dan Henderson,Tim Boetsch
Ben Rothwell,Matt Mitrione,6/6/15,"New Orleans, Louisiana, USA",Red,Heavyweight,SUB,Guillotine Choke,1,Ben Rothwell,Matt Mitrione
Dustin Poirier,Yancy Medeiros,6/6/15,"New Orleans, Louisiana, USA",Red,Lightweight,KO/TKO,Punches,1,Dustin Poirier,Yancy Medeiros
Thiago Tavares,Brian Ortega,6/6/15,"New Orleans, Louisiana, USA",Blue,Featherweight,KO/TKO,Punch,3,Brian Ortega,Thiago Tavares
Joe Soto,Anthony Birchak,6/6/15,"New Orleans, Louisiana, USA",Blue,Bantamweight,KO/TKO,Punch,1,Anthony Birchak,Joe Soto
Francisco Rivera,Alex Caceres,6/6/15,"New Orleans, Louisiana, USA",Red,Bantamweight,KO/TKO,Punch,1,Francisco Rivera,Alex Caceres
Shawn Jordan,Derrick Lewis,6/6/15,"New Orleans, Louisiana, USA",Red,Heavyweight,KO/TKO,Kick,2,Shawn Jordan,Derrick Lewis
Brian Ebersole,Omari Akhmedov,6/6/15,"New Orleans, Louisiana, USA",Blue,Welterweight,KO/TKO,None,1,Omari Akhmedov,Brian Ebersole
Chris Wade,Christos Giagos,6/6/15,"New Orleans, Louisiana, USA",Red,Lightweight,U-DEC,None,3,Chris Wade,Christos Giagos
Joe Proctor,Justin Edwards,6/6/15,"New Orleans, Louisiana, USA",Red,Lightweight,SUB,Guillotine Choke,3,Joe Proctor,Justin Edwards
Ricardo Abreu,Jake Collier,6/6/15,"New Orleans, Louisiana, USA",Blue,Middleweight,S-DEC,None,3,Jake Collier,Ricardo Abreu
Jose Quinonez,Leonardo Morales,6/6/15,"New Orleans, Louisiana, USA",Red,Bantamweight,SUB,Rear Naked Choke,1,Jose Quinonez,Leonardo Morales
Carlos Condit,Thiago Alves,5/30/15,"Goiania, Goias, Brazil",Red,Welterweight,KO/TKO,None,2,Carlos Condit,Thiago Alves
Nik Lentz,Charles Oliveira,5/30/15,"Goiania, Goias, Brazil",Blue,Featherweight,SUB,Guillotine Choke,3,Charles Oliveira,Nik Lentz
KJ Noons,Alex Oliveira,5/30/15,"Goiania, Goias, Brazil",Blue,Welterweight,SUB,Rear Naked Choke,1,Alex Oliveira,KJ Noons
Francimar Barroso,Ryan Jimmo,5/30/15,"Goiania, Goias, Brazil",Red,Light Heavyweight,U-DEC,None,3,Francimar Barroso,Ryan Jimmo
Francisco Trinaldo,Norman Parke,5/30/15,"Goiania, Goias, Brazil",Red,Lightweight,U-DEC,None,3,Francisco Trinaldo,Norman Parke
Wendell Oliveira,Darren Till,5/30/15,"Goiania, Goias, Brazil",Blue,Welterweight,,None,,Darren Till,Wendell Oliveira
Jussier Formiga,Wilson Reis,5/30/15,"Goiania, Goias, Brazil",Red,Flyweight,U-DEC,None,3,Jussier Formiga,Wilson Reis
Elizeu Zaleski dos Santos,Nicolas Dalby,5/30/15,"Goiania, Goias, Brazil",Blue,Welterweight,S-DEC,None,3,Nicolas Dalby,Elizeu Zaleski dos Santos
Lucas Martins,Mirsad Bektic,5/30/15,"Goiania, Goias, Brazil",Blue,Featherweight,KO/TKO,Punches,2,Mirsad Bektic,Lucas Martins
Juliana Lima,Ericka Almeida,5/30/15,"Goiania, Goias, Brazil",Red,Women's Strawweight,U-DEC,None,3,Juliana Lima,Ericka Almeida
Luiz Dutra,Tom Breese,5/30/15,"Goiania, Goias, Brazil",Blue,Welterweight,KO/TKO,Punches,1,Tom Breese,Luiz Dutra
Anthony Johnson,Daniel Cormier,5/23/15,"Las Vegas, Nevada, USA",Blue,Light Heavyweight,SUB,Rear Naked Choke,3,Daniel Cormier,Anthony Johnson
Chris Weidman,Vitor Belfort,5/23/15,"Las Vegas, Nevada, USA",Red,Middleweight,KO/TKO,Punches,1,Chris Weidman,Vitor Belfort
Donald Cerrone,John Makdessi,5/23/15,"Las Vegas, Nevada, USA",Red,Lightweight,KO/TKO,Kick,2,Donald Cerrone,John Makdessi
Travis Browne,Andrei Arlovski,5/23/15,"Las Vegas, Nevada, USA",Blue,Heavyweight,KO/TKO,Punches,1,Andrei Arlovski,Travis Browne
Joseph Benavidez,John Moraga,5/23/15,"Las Vegas, Nevada, USA",Red,Flyweight,U-DEC,None,3,Joseph Benavidez,John Moraga
John Dodson,Zach Makovsky,5/23/15,"Las Vegas, Nevada, USA",Red,Flyweight,U-DEC,None,3,John Dodson,Zach Makovsky
Dong Hyun Kim,Joshua Burkman,5/23/15,"Las Vegas, Nevada, USA",Red,Welterweight,SUB,Arm Triangle,3,Dong Hyun Kim,Joshua Burkman
Uriah Hall,Rafael Natal,5/23/15,"Las Vegas, Nevada, USA",Blue,Middleweight,S-DEC,None,3,Rafael Natal,Uriah Hall
Mike Pyle,Colby Covington,5/23/15,"Las Vegas, Nevada, USA",Blue,Welterweight,U-DEC,None,3,Colby Covington,Mike Pyle
Islam Makhachev,Leo Kuntz,5/23/15,"Las Vegas, Nevada, USA",Red,Lightweight,SUB,Rear Naked Choke,2,Islam Makhachev,Leo Kuntz
Justin Scoggins,Joshua Sampo,5/23/15,"Las Vegas, Nevada, USA",Red,Flyweight,,None,,Justin Scoggins,Joshua Sampo
Frankie Edgar,Urijah Faber,5/16/15,"Manila, Philippines",Red,Featherweight,U-DEC,None,5,Frankie Edgar,Urijah Faber
Gegard Mousasi,Costas Philippou,5/16/15,"Manila, Philippines",Red,Middleweight,,None,,Gegard Mousasi,Costas Philippou
Mark Munoz,Luke Barnatt,5/16/15,"Manila, Philippines",Red,Middleweight,U-DEC,None,3,Mark Munoz,Luke Barnatt
Hyun Gyu Lim,Neil Magny,5/16/15,"Manila, Philippines",Blue,Welterweight,KO/TKO,Punches,2,Neil Magny,Hyun Gyu Lim
Phillipe Nover,Yui Chul Nam,5/16/15,"Manila, Philippines",Red,Featherweight,S-DEC,None,3,Phillipe Nover,Yui Chul Nam
Mark Eddiva,Levan Makashvili,5/16/15,"Manila, Philippines",Blue,Featherweight,S-DEC,None,3,Levan Makashvili,Mark Eddiva
Tae Hyun Bang,Jon Tuck,5/16/15,"Manila, Philippines",Blue,Lightweight,SUB,Rear Naked Choke,1,Jon Tuck,Tae Hyun Bang
Zhang Lipeng,Kajan Johnson,5/16/15,"Manila, Philippines",Blue,Lightweight,,None,,Kajan Johnson,Zhang Lipeng
Li Jingliang,Dhiego Lima,5/16/15,"Manila, Philippines",Red,Welterweight,,None,,Li Jingliang,Dhiego Lima
Ning Guangyou,Royston Wee,5/16/15,"Manila, Philippines",Red,Bantamweight,,None,,Ning Guangyou,Royston Wee
Roldan Sangcha-an,Jon Delos Reyes,5/16/15,"Manila, Philippines",Blue,Flyweight,,None,,Jon Delos Reyes,Roldan Sangcha-an
Nolan Ticman,Yao Zhikui,5/16/15,"Manila, Philippines",Blue,Flyweight,S-DEC,None,3,Yao Zhikui,Nolan Ticman
Stipe Miocic,Mark Hunt,5/9/15,"Adelaide, South Australia, Australia",Red,Heavyweight,KO/TKO,Punches,5,Stipe Miocic,Mark Hunt
Brad Tavares,Robert Whittaker,5/9/15,"Adelaide, South Australia, Australia",Blue,Middleweight,KO/TKO,Punch,1,Robert Whittaker,Brad Tavares
Anthony Perosh,Sean O'Connell,5/9/15,"Adelaide, South Australia, Australia",Blue,Light Heavyweight,KO/TKO,Punches,1,Sean O'Connell,Anthony Perosh
Jake Matthews,James Vick,5/9/15,"Adelaide, South Australia, Australia",Blue,Lightweight,SUB,Guillotine Choke,1,James Vick,Jake Matthews
Hatsu Hioki,Dan Hooker,5/9/15,"Adelaide, South Australia, Australia",Blue,Featherweight,KO/TKO,Kick,2,Dan Hooker,Hatsu Hioki
Kyle Noke,Jonavin Webb,5/9/15,"Adelaide, South Australia, Australia",Red,Welterweight,S-DEC,None,3,Kyle Noke,Jonavin Webb
Daniel Kelly,Sam Alvey,5/9/15,"Adelaide, South Australia, Australia",Blue,Middleweight,KO/TKO,Punch,1,Sam Alvey,Daniel Kelly
Bec Rawlings,Lisa Ellis,5/9/15,"Adelaide, South Australia, Australia",Red,Women's Strawweight,SUB,Rear Naked Choke,1,Bec Rawlings,Lisa Ellis
Dylan Andrews,Bradley Scott,5/9/15,"Adelaide, South Australia, Australia",Blue,Middleweight,,None,,Bradley Scott,Dylan Andrews
Alex Chambers,Kailin Curran,5/9/15,"Adelaide, South Australia, Australia",Red,Women's Strawweight,SUB,Armbar,3,Alex Chambers,Kailin Curran
Vik Grujic,Brendan O'Reilly,5/9/15,"Adelaide, South Australia, Australia",Blue,Welterweight,U-DEC,None,3,Brendan O'Reilly,Vik Grujic
Alptekin Ozkilic,Ben Nguyen,5/9/15,"Adelaide, South Australia, Australia",Blue,Flyweight,KO/TKO,Punch,1,Ben Nguyen,Alptekin Ozkilic
Demetrious Johnson,Kyoji Horiguchi,4/25/15,"Montreal, Quebec, Canada",Red,Flyweight,SUB,Armbar,5,Demetrious Johnson,Kyoji Horiguchi
Rampage Jackson,Fabio Maldonado,4/25/15,"Montreal, Quebec, Canada",Red,Catch Weight,,None,,Rampage Jackson,Fabio Maldonado
Michael Bisping,CB Dollaway,4/25/15,"Montreal, Quebec, Canada",Red,Middleweight,U-DEC,None,3,Michael Bisping,CB Dollaway
John Makdessi,Shane Campbell,4/25/15,"Montreal, Quebec, Canada",Red,Catch Weight,KO/TKO,Punch,1,John Makdessi,Shane Campbell
Yves Jabouin,Thomas Almeida,4/25/15,"Montreal, Quebec, Canada",Blue,Bantamweight,KO/TKO,Punches,1,Thomas Almeida,Yves Jabouin
Patrick Cote,Joe Riggs,4/25/15,"Montreal, Quebec, Canada",Red,Welterweight,U-DEC,None,3,Patrick Cote,Joe Riggs
Alexis Davis,Sarah Kaufman,4/25/15,"Montreal, Quebec, Canada",Red,Women's Bantamweight,SUB,Armbar,2,Alexis Davis,Sarah Kaufman
Chad Laprise,Bryan Barberena,4/25/15,"Montreal, Quebec, Canada",Red,Lightweight,U-DEC,None,3,Chad Laprise,Bryan Barberena
Olivier Aubin-Mercier,David Michaud,4/25/15,"Montreal, Quebec, Canada",Red,Lightweight,SUB,Rear Naked Choke,3,Olivier Aubin-Mercier,David Michaud
Nordine Taleb,Chris Clements,4/25/15,"Montreal, Quebec, Canada",Red,Welterweight,U-DEC,None,3,Nordine Taleb,Chris Clements
Jessica Rakoczy,Valerie Letourneau,4/25/15,"Montreal, Quebec, Canada",Blue,Women's Strawweight,U-DEC,None,3,Valerie Letourneau,Jessica Rakoczy
Randa Markos,Aisling Daly,4/25/15,"Montreal, Quebec, Canada",Red,Women's Strawweight,U-DEC,None,3,Randa Markos,Aisling Daly
Lyoto Machida,Luke Rockhold,4/18/15,"Newark, New Jersey, USA",Blue,Middleweight,SUB,Rear Naked Choke,2,Luke Rockhold,Lyoto Machida
Jacare Souza,Chris Camozzi,4/18/15,"Newark, New Jersey, USA",Red,Middleweight,SUB,Armbar,1,Jacare Souza,Chris Camozzi
Cub Swanson,Max Holloway,4/18/15,"Newark, New Jersey, USA",Blue,Featherweight,SUB,Guillotine Choke,3,Max Holloway,Cub Swanson
Felice Herrig,Paige VanZant,4/18/15,"Newark, New Jersey, USA",Blue,Women's Strawweight,U-DEC,None,3,Paige VanZant,Felice Herrig
Jim Miller,Beneil Dariush,4/18/15,"Newark, New Jersey, USA",Blue,Lightweight,U-DEC,None,3,Beneil Dariush,Jim Miller
Ovince Saint Preux,Patrick Cummins,4/18/15,"Newark, New Jersey, USA",Red,Light Heavyweight,KO/TKO,Punch,1,Ovince Saint Preux,Patrick Cummins
Corey Anderson,Gian Villante,4/18/15,"Newark, New Jersey, USA",Blue,Light Heavyweight,KO/TKO,Punch,3,Gian Villante,Corey Anderson
Takeya Mizugaki,Aljamain Sterling,4/18/15,"Newark, New Jersey, USA",Blue,Bantamweight,SUB,Arm Triangle,3,Aljamain Sterling,Takeya Mizugaki
George Sullivan,Tim Means,4/18/15,"Newark, New Jersey, USA",Blue,Welterweight,SUB,Arm Triangle,3,Tim Means,George Sullivan
Diego Brandao,Jimy Hettes,4/18/15,"Newark, New Jersey, USA",Red,Featherweight,KO/TKO,None,1,Diego Brandao,Jimy Hettes
Eddie Gordon,Chris Dempsey,4/18/15,"Newark, New Jersey, USA",Blue,Middleweight,S-DEC,None,3,Chris Dempsey,Eddie Gordon
Gabriel Gonzaga,Mirko Cro Cop,4/11/15,"Krakow, Poland",Blue,Heavyweight,,None,,Mirko Cro Cop,Gabriel Gonzaga
Jimi Manuwa,Jan Blachowicz,4/11/15,"Krakow, Poland",Red,Light Heavyweight,U-DEC,None,3,Jimi Manuwa,Jan Blachowicz
Pawel Pawlak,Sheldon Westcott,4/11/15,"Krakow, Poland",Red,Welterweight,U-DEC,None,3,Pawel Pawlak,Sheldon Westcott
Joanne Calderwood,Maryna Moroz,4/11/15,"Krakow, Poland",Blue,Women's Strawweight,SUB,Armbar,1,Maryna Moroz,Joanne Calderwood
Seth Baczynski,Leon Edwards,4/11/15,"Krakow, Poland",Blue,Welterweight,KO/TKO,Punch,1,Leon Edwards,Seth Baczynski
Bartosz Fabinski,Garreth McLellan,4/11/15,"Krakow, Poland",Red,Middleweight,U-DEC,None,3,Bartosz Fabinski,Garreth McLellan
Sergio Moraes,Mickael Lebout,4/11/15,"Krakow, Poland",Red,Welterweight,U-DEC,None,3,Sergio Moraes,Mickael Lebout
Damian Stasiak,Yaotzin Meza,4/11/15,"Krakow, Poland",Blue,Featherweight,U-DEC,None,3,Yaotzin Meza,Damian Stasiak
Daniel Omielanczuk,Anthony Hamilton,4/11/15,"Krakow, Poland",Blue,Heavyweight,U-DEC,None,3,Anthony Hamilton,Daniel Omielanczuk
Izabela Badurek,Alexandra Albu,4/11/15,"Krakow, Poland",Blue,Women's Strawweight,,None,,Alexandra Albu,Izabela Badurek
Marcin Bandel,Stevie Ray,4/11/15,"Krakow, Poland",Blue,Lightweight,KO/TKO,Punches,2,Stevie Ray,Marcin Bandel
Taylor Lapilus,Rocky Lee,4/11/15,"Krakow, Poland",Red,Featherweight,U-DEC,None,3,Taylor Lapilus,Rocky Lee
Chad Mendes,Ricardo Lamas,4/4/15,"Fairfax, Virginia, USA",Red,Featherweight,KO/TKO,Punches,1,Chad Mendes,Ricardo Lamas
Jorge Masvidal,Al Iaquinta,4/4/15,"Fairfax, Virginia, USA",Blue,Lightweight,S-DEC,None,3,Al Iaquinta,Jorge Masvidal
Michael Chiesa,Mitch Clarke,4/4/15,"Fairfax, Virginia, USA",Red,Lightweight,U-DEC,None,3,Michael Chiesa,Mitch Clarke
Julianna Pena,Milana Dudieva,4/4/15,"Fairfax, Virginia, USA",Red,Women's Bantamweight,KO/TKO,Elbows,1,Julianna Pena,Milana Dudieva
Clay Guida,Robert Peralta,4/4/15,"Fairfax, Virginia, USA",Red,Featherweight,U-DEC,None,3,Clay Guida,Robert Peralta
Dustin Poirier,Diego Ferreira,4/4/15,"Fairfax, Virginia, USA",Red,Lightweight,KO/TKO,Punch,1,Dustin Poirier,Diego Ferreira
Liz Carmouche,Lauren Murphy,4/4/15,"Fairfax, Virginia, USA",Red,Women's Bantamweight,U-DEC,None,3,Liz Carmouche,Lauren Murphy
Gray Maynard,Alexander Yakovlev,4/4/15,"Fairfax, Virginia, USA",Blue,Lightweight,U-DEC,None,3,Alexander Yakovlev,Gray Maynard
Shamil Abdurakhimov,Tim Johnson,4/4/15,"Fairfax, Virginia, USA",Blue,Heavyweight,,None,,Tim Johnson,Shamil Abdurakhimov
Ron Stallings,Justin Jones,4/4/15,"Fairfax, Virginia, USA",Red,Middleweight,U-DEC,None,3,Ron Stallings,Justin Jones
Demian Maia,Ryan LaFlare,3/21/15,"Rio de Janeiro, Brazil",Red,Welterweight,U-DEC,None,5,Demian Maia,Ryan LaFlare
Erick Silva,Josh Koscheck,3/21/15,"Rio de Janeiro, Brazil",Red,Welterweight,SUB,Guillotine Choke,1,Erick Silva,Josh Koscheck
Leonardo Santos,Anthony Rocco Martin,3/21/15,"Rio de Janeiro, Brazil",Red,Lightweight,SUB,Rear Naked Choke,2,Leonardo Santos,Anthony Rocco Martin
Amanda Nunes,Shayna Baszler,3/21/15,"Rio de Janeiro, Brazil",Red,Women's Bantamweight,KO/TKO,Kick,1,Amanda Nunes,Shayna Baszler
Gilbert Burns,Alex Oliveira,3/21/15,"Rio de Janeiro, Brazil",Red,Lightweight,SUB,Armbar,3,Gilbert Burns,Alex Oliveira
Godofredo Pepey,Andre Fili,3/21/15,"Rio de Janeiro, Brazil",Red,Featherweight,SUB,Triangle Choke,1,Godofredo Pepey,Andre Fili
Francisco Trinaldo,Akbarh Arreola,3/21/15,"Rio de Janeiro, Brazil",Red,Lightweight,U-DEC,None,3,Francisco Trinaldo,Akbarh Arreola
Kevin Souza,Katsunori Kikuno,3/21/15,"Rio de Janeiro, Brazil",Red,Featherweight,,None,,Kevin Souza,Katsunori Kikuno
Leonardo Mafra,Cain Carrizosa,3/21/15,"Rio de Janeiro, Brazil",Red,Lightweight,U-DEC,None,3,Leonardo Mafra,Cain Carrizosa
Jorge de Oliveira,Christos Giagos,3/21/15,"Rio de Janeiro, Brazil",Blue,Lightweight,SUB,Rear Naked Choke,1,Christos Giagos,Jorge de Oliveira
Bentley Syler,Fredy Serrano,3/21/15,"Rio de Janeiro, Brazil",Blue,Flyweight,KO/TKO,Punch,3,Fredy Serrano,Bentley Syler
Anthony Pettis,Rafael Dos Anjos,3/14/15,"Dallas, Texas, USA",Blue,Lightweight,U-DEC,None,5,Rafael Dos Anjos,Anthony Pettis
Carla Esparza,Joanna Jedrzejczyk,3/14/15,"Dallas, Texas, USA",Blue,Women's Strawweight,KO/TKO,Punches,2,Joanna Jedrzejczyk,Carla Esparza
Johny Hendricks,Matt Brown,3/14/15,"Dallas, Texas, USA",Red,Welterweight,U-DEC,None,3,Johny Hendricks,Matt Brown
Roy Nelson,Alistair Overeem,3/14/15,"Dallas, Texas, USA",Blue,Heavyweight,U-DEC,None,3,Alistair Overeem,Roy Nelson
Chris Cariaso,Henry Cejudo,3/14/15,"Dallas, Texas, USA",Blue,Flyweight,U-DEC,None,3,Henry Cejudo,Chris Cariaso
Ross Pearson,Sam Stout,3/14/15,"Dallas, Texas, USA",Red,Lightweight,KO/TKO,Punch,2,Ross Pearson,Sam Stout
Elias Theodorou,Roger Narvaez,3/14/15,"Dallas, Texas, USA",Red,Middleweight,KO/TKO,Punches,2,Elias Theodorou,Roger Narvaez
Daron Cruickshank,Beneil Dariush,3/14/15,"Dallas, Texas, USA",Blue,Lightweight,SUB,Rear Naked Choke,2,Beneil Dariush,Daron Cruickshank
Jared Rosholt,Josh Copeland,3/14/15,"Dallas, Texas, USA",Red,Heavyweight,KO/TKO,Punches,3,Jared Rosholt,Josh Copeland
Sergio Pettis,Ryan Benoit,3/14/15,"Dallas, Texas, USA",Blue,Flyweight,KO/TKO,Punch,2,Ryan Benoit,Sergio Pettis
Jake Lindsey,Joe Duffy,3/14/15,"Dallas, Texas, USA",Blue,Lightweight,KO/TKO,Punch,1,Joe Duffy,Jake Lindsey
Larissa Pacheco,Germaine de Randamie,3/14/15,"Dallas, Texas, USA",Blue,Women's Bantamweight,KO/TKO,Punch,2,Germaine de Randamie,Larissa Pacheco
Ronda Rousey,Cat Zingano,2/28/15,"Los Angeles, California, USA",Red,Women's Bantamweight,SUB,Armbar,1,Ronda Rousey,Cat Zingano
Raquel Pennington,Holly Holm,2/28/15,"Los Angeles, California, USA",Blue,Women's Bantamweight,S-DEC,None,3,Holly Holm,Raquel Pennington
Jake Ellenberger,Josh Koscheck,2/28/15,"Los Angeles, California, USA",Red,Welterweight,SUB,North-South Choke,2,Jake Ellenberger,Josh Koscheck
Alan Jouban,Richard Walsh,2/28/15,"Los Angeles, California, USA",Red,Welterweight,KO/TKO,Elbow,1,Alan Jouban,Richard Walsh
Tony Ferguson,Gleison Tibau,2/28/15,"Los Angeles, California, USA",Red,Lightweight,SUB,Rear Naked Choke,1,Tony Ferguson,Gleison Tibau
Mark Munoz,Roan Carneiro,2/28/15,"Los Angeles, California, USA",Blue,Middleweight,SUB,Rear Naked Choke,1,Roan Carneiro,Mark Munoz
Dhiego Lima,Tim Means,2/28/15,"Los Angeles, California, USA",Blue,Welterweight,KO/TKO,Punch,1,Tim Means,Dhiego Lima
Derrick Lewis,Ruan Potts,2/28/15,"Los Angeles, California, USA",Red,Heavyweight,KO/TKO,Punches,2,Derrick Lewis,Ruan Potts
James Krause,Valmir Lazaro,2/28/15,"Los Angeles, California, USA",Blue,Lightweight,S-DEC,None,3,Valmir Lazaro,James Krause
Masio Fullen,Alex Torres,2/28/15,"Los Angeles, California, USA",Red,Featherweight,S-DEC,None,3,Masio Fullen,Alex Torres
Antonio Silva,Frank Mir,2/22/15,"Porto Alegre, Rio Grande do Sul, Brazil",Blue,Heavyweight,KO/TKO,Punch,1,Frank Mir,Antonio Silva
Edson Barboza,Michael Johnson,2/22/15,"Porto Alegre, Rio Grande do Sul, Brazil",Blue,Lightweight,U-DEC,None,3,Michael Johnson,Edson Barboza
Cezar Ferreira,Sam Alvey,2/22/15,"Porto Alegre, Rio Grande do Sul, Brazil",Blue,Middleweight,KO/TKO,Punches,1,Sam Alvey,Cezar Ferreira
Rustam Khabilov,Adriano Martins,2/22/15,"Porto Alegre, Rio Grande do Sul, Brazil",Blue,Lightweight,S-DEC,None,3,Adriano Martins,Rustam Khabilov
Iuri Alcantara,Frankie Saenz,2/22/15,"Porto Alegre, Rio Grande do Sul, Brazil",Blue,Bantamweight,U-DEC,None,3,Frankie Saenz,Iuri Alcantara
Santiago Ponzinibbio,Sean Strickland,2/22/15,"Porto Alegre, Rio Grande do Sul, Brazil",Red,Welterweight,U-DEC,None,3,Santiago Ponzinibbio,Sean Strickland
Jessica Andrade,Marion Reneau,2/22/15,"Porto Alegre, Rio Grande do Sul, Brazil",Blue,Women's Bantamweight,SUB,Triangle Choke,1,Marion Reneau,Jessica Andrade
William Patolino,Matt Dwyer,2/22/15,"Porto Alegre, Rio Grande do Sul, Brazil",Blue,Welterweight,,None,,Matt Dwyer,William Patolino
Tiago Trator,Mike de la Torre,2/22/15,"Porto Alegre, Rio Grande do Sul, Brazil",Blue,Featherweight,,None,,Mike de la Torre,Tiago Trator
Douglas Silva de Andrade,Cody Gibson,2/22/15,"Porto Alegre, Rio Grande do Sul, Brazil",Red,Bantamweight,U-DEC,None,3,Douglas Silva de Andrade,Cody Gibson
Ivan Jorge,Josh Shockley,2/22/15,"Porto Alegre, Rio Grande do Sul, Brazil",Red,Lightweight,U-DEC,None,3,Ivan Jorge,Josh Shockley
Benson Henderson,Brandon Thatch,2/14/15,"Broomfield, Colorado, USA",Red,Welterweight,SUB,Rear Naked Choke,4,Benson Henderson,Brandon Thatch
Max Holloway,Cole Miller,2/14/15,"Broomfield, Colorado, USA",Red,Featherweight,U-DEC,None,3,Max Holloway,Cole Miller
Neil Magny,Kiichi Kunimoto,2/14/15,"Broomfield, Colorado, USA",Red,Welterweight,SUB,Rear Naked Choke,3,Neil Magny,Kiichi Kunimoto
Daniel Kelly,Patrick Walsh,2/14/15,"Broomfield, Colorado, USA",Red,Middleweight,U-DEC,None,3,Daniel Kelly,Patrick Walsh
Michel Prazeres,Kevin Lee,2/14/15,"Broomfield, Colorado, USA",Blue,Lightweight,U-DEC,None,3,Kevin Lee,Michel Prazeres
Ray Borg,Chris Kelades,2/14/15,"Broomfield, Colorado, USA",Red,Flyweight,SUB,Kimura,3,Ray Borg,Chris Kelades
Efrain Escudero,Rodrigo de Lima,2/14/15,"Broomfield, Colorado, USA",Red,Lightweight,U-DEC,None,3,Efrain Escudero,Rodrigo de Lima
Chas Skelly,Jim Alers,2/14/15,"Broomfield, Colorado, USA",Red,Featherweight,KO/TKO,Punches,2,Chas Skelly,Jim Alers
Zach Makovsky,Tim Elliott,2/14/15,"Broomfield, Colorado, USA",Red,Flyweight,U-DEC,None,3,Zach Makovsky,Tim Elliott
James Moontasri,Cody Pfister,2/14/15,"Broomfield, Colorado, USA",Red,Lightweight,SUB,Rear Naked Choke,2,James Moontasri,Cody Pfister
Tyron Woodley,Kelvin Gastelum,1/31/15,"Las Vegas, Nevada, USA",Red,Welterweight,S-DEC,None,3,Tyron Woodley,Kelvin Gastelum
Joe Lauzon,Al Iaquinta,1/31/15,"Las Vegas, Nevada, USA",Blue,Lightweight,KO/TKO,Punches,2,Al Iaquinta,Joe Lauzon
Thales Leites,Tim Boetsch,1/31/15,"Las Vegas, Nevada, USA",Red,Middleweight,SUB,Arm Triangle,2,Thales Leites,Tim Boetsch
Jordan Mein,Thiago Alves,1/31/15,"Las Vegas, Nevada, USA",Blue,Welterweight,KO/TKO,Kick,2,Thiago Alves,Jordan Mein
Miesha Tate,Sara McMann,1/31/15,"Las Vegas, Nevada, USA",Red,Women's Bantamweight,M-DEC,None,3,Miesha Tate,Sara McMann
Ed Herman,Derek Brunson,1/31/15,"Las Vegas, Nevada, USA",Blue,Middleweight,KO/TKO,Punch,1,Derek Brunson,Ed Herman
Ian McCall,John Lineker,1/31/15,"Las Vegas, Nevada, USA",Blue,Flyweight,U-DEC,None,3,John Lineker,Ian McCall
Rafael Natal,Tom Watson,1/31/15,"Las Vegas, Nevada, USA",Red,Middleweight,U-DEC,None,3,Rafael Natal,Tom Watson
Richardson Moreira,Ildemar Alcantara,1/31/15,"Las Vegas, Nevada, USA",Blue,Middleweight,S-DEC,None,3,Ildemar Alcantara,Richardson Moreira
Thiago Santos,Andy Enz,1/31/15,"Las Vegas, Nevada, USA",Red,Middleweight,KO/TKO,Punches,1,Thiago Santos,Andy Enz
Alexander Gustafsson,Anthony Johnson,1/24/15,"Stockholm, Sweden",Blue,Light Heavyweight,KO/TKO,Punches,1,Anthony Johnson,Alexander Gustafsson
Dan Henderson,Gegard Mousasi,1/24/15,"Stockholm, Sweden",Blue,Middleweight,KO/TKO,Punch,1,Gegard Mousasi,Dan Henderson
Phil Davis,Ryan Bader,1/24/15,"Stockholm, Sweden",Blue,Light Heavyweight,S-DEC,None,3,Ryan Bader,Phil Davis
Akira Corassani,Sam Sicilia,1/24/15,"Stockholm, Sweden",Blue,Featherweight,KO/TKO,Punch,1,Sam Sicilia,Akira Corassani
Nico Musoke,Albert Tumenov,1/24/15,"Stockholm, Sweden",Blue,Welterweight,,None,,Albert Tumenov,Nico Musoke
Kenny Robertson,Sultan Aliev,1/24/15,"Stockholm, Sweden",Red,Welterweight,KO/TKO,Punch,1,Kenny Robertson,Sultan Aliev
Andy Ogle,Makwan Amirkhani,1/24/15,"Stockholm, Sweden",Blue,Featherweight,KO/TKO,Punches,1,Makwan Amirkhani,Andy Ogle
Nikita Krylov,Stanislav Nedkov,1/24/15,"Stockholm, Sweden",Red,Light Heavyweight,SUB,Guillotine Choke,1,Nikita Krylov,Stanislav Nedkov
Mairbek Taisumov,Anthony Christodoulou,1/24/15,"Stockholm, Sweden",Red,Lightweight,KO/TKO,Punches,2,Mairbek Taisumov,Anthony Christodoulou
Mirsad Bektic,Paul Redmond,1/24/15,"Stockholm, Sweden",Red,Featherweight,U-DEC,None,3,Mirsad Bektic,Paul Redmond
Viktor Pesta,Konstantin Erokhin,1/24/15,"Stockholm, Sweden",Red,Heavyweight,U-DEC,None,3,Viktor Pesta,Konstantin Erokhin
Neil Seery,Chris Beal,1/24/15,"Stockholm, Sweden",Red,Flyweight,U-DEC,None,3,Neil Seery,Chris Beal
Conor McGregor,Dennis Siver,1/18/15,"Boston, Massachusetts, USA",Red,Featherweight,KO/TKO,Punch,2,Conor McGregor,Dennis Siver
Donald Cerrone,Benson Henderson,1/18/15,"Boston, Massachusetts, USA",Red,Lightweight,U-DEC,None,3,Donald Cerrone,Benson Henderson
Uriah Hall,Ron Stallings,1/18/15,"Boston, Massachusetts, USA",Red,Middleweight,KO/TKO,None,1,Uriah Hall,Ron Stallings
Norman Parke,Gleison Tibau,1/18/15,"Boston, Massachusetts, USA",Blue,Lightweight,S-DEC,None,3,Gleison Tibau,Norman Parke
Cathal Pendred,Sean Spencer,1/18/15,"Boston, Massachusetts, USA",Red,Welterweight,U-DEC,None,3,Cathal Pendred,Sean Spencer
John Howard,Lorenz Larkin,1/18/15,"Boston, Massachusetts, USA",Blue,Welterweight,KO/TKO,Punch,1,Lorenz Larkin,John Howard
Zhang Lipeng,Chris Wade,1/18/15,"Boston, Massachusetts, USA",Blue,Lightweight,,None,,Chris Wade,Zhang Lipeng
Paddy Holohan,Shane Howell,1/18/15,"Boston, Massachusetts, USA",Red,Flyweight,U-DEC,None,3,Paddy Holohan,Shane Howell
Johnny Case,Frankie Perez,1/18/15,"Boston, Massachusetts, USA",Red,Lightweight,KO/TKO,Punches,3,Johnny Case,Frankie Perez
Charles Rosa,Sean Soriano,1/18/15,"Boston, Massachusetts, USA",Red,Featherweight,SUB,D'Arce Choke,3,Charles Rosa,Sean Soriano
Matt Van Buren,Sean O'Connell,1/18/15,"Boston, Massachusetts, USA",Blue,Light Heavyweight,KO/TKO,Punches,3,Sean O'Connell,Matt Van Buren
Tateki Matsuda,Joby Sanchez,1/18/15,"Boston, Massachusetts, USA",Blue,Flyweight,S-DEC,None,3,Joby Sanchez,Tateki Matsuda
Jon Jones,Daniel Cormier,1/3/15,"Las Vegas, Nevada, USA",Red,Light Heavyweight,U-DEC,None,5,Jon Jones,Daniel Cormier
Donald Cerrone,Myles Jury,1/3/15,"Las Vegas, Nevada, USA",Red,Lightweight,U-DEC,None,3,Donald Cerrone,Myles Jury
Brad Tavares,Nate Marquardt,1/3/15,"Las Vegas, Nevada, USA",Red,Middleweight,U-DEC,None,3,Brad Tavares,Nate Marquardt
Kyoji Horiguchi,Louis Gaudinot,1/3/15,"Las Vegas, Nevada, USA",Red,Flyweight,U-DEC,None,3,Kyoji Horiguchi,Louis Gaudinot
Danny Castillo,Paul Felder,1/3/15,"Las Vegas, Nevada, USA",Blue,Lightweight,KO/TKO,Spinning Back Fist,2,Paul Felder,Danny Castillo
Marcus Brimage,Cody Garbrandt,1/3/15,"Las Vegas, Nevada, USA",Blue,Bantamweight,KO/TKO,Punches,3,Cody Garbrandt,Marcus Brimage
Shawn Jordan,Jared Cannonier,1/3/15,"Las Vegas, Nevada, USA",Red,Heavyweight,KO/TKO,Punch,1,Shawn Jordan,Jared Cannonier
Evan Dunham,Rodrigo Damm,1/3/15,"Las Vegas, Nevada, USA",Red,Lightweight,U-DEC,None,3,Evan Dunham,Rodrigo Damm
Omari Akhmedov,Mats Nilsson,1/3/15,"Las Vegas, Nevada, USA",Red,Welterweight,U-DEC,None,3,Omari Akhmedov,Mats Nilsson
Alexis Dufresne,Marion Reneau,1/3/15,"Las Vegas, Nevada, USA",Blue,Women's Bantamweight,U-DEC,None,3,Marion Reneau,Alexis Dufresne
Lyoto Machida,CB Dollaway,12/20/14,"Barueri, Sao Paulo, Brazil",Red,Middleweight,KO/TKO,Kick,1,Lyoto Machida,CB Dollaway
Renan Barao,Mitch Gagnon,12/20/14,"Barueri, Sao Paulo, Brazil",Red,Bantamweight,SUB,Arm Triangle,3,Renan Barao,Mitch Gagnon
Antonio Carlos Junior,Patrick Cummins,12/20/14,"Barueri, Sao Paulo, Brazil",Blue,Light Heavyweight,U-DEC,None,3,Patrick Cummins,Antonio Carlos Junior
Elias Silverio,Rashid Magomedov,12/20/14,"Barueri, Sao Paulo, Brazil",Blue,Lightweight,KO/TKO,Punches,3,Rashid Magomedov,Elias Silverio
Erick Silva,Mike Rhodes,12/20/14,"Barueri, Sao Paulo, Brazil",Red,Welterweight,SUB,Arm Triangle,1,Erick Silva,Mike Rhodes
Daniel Sarafian,Antonio Dos Santos,12/20/14,"Barueri, Sao Paulo, Brazil",Red,Middleweight,KO/TKO,None,2,Daniel Sarafian,Antonio Dos Santos
Marcos Rogerio de Lima,Igor Pokrajac,12/20/14,"Barueri, Sao Paulo, Brazil",Red,Light Heavyweight,KO/TKO,Punches,1,Marcos Rogerio de Lima,Igor Pokrajac
Tom Niinimaki,Renato Moicano,12/20/14,"Barueri, Sao Paulo, Brazil",Blue,Featherweight,SUB,Rear Naked Choke,2,Renato Moicano,Tom Niinimaki
Darren Elkins,Hacran Dias,12/20/14,"Barueri, Sao Paulo, Brazil",Blue,Featherweight,U-DEC,None,3,Hacran Dias,Darren Elkins
Leandro Issa,Ulka Sasaki,12/20/14,"Barueri, Sao Paulo, Brazil",Red,Bantamweight,,None,,Leandro Issa,Ulka Sasaki
Marcio Alexandre Junior,Tim Means,12/20/14,"Barueri, Sao Paulo, Brazil",Blue,Welterweight,S-DEC,None,3,Tim Means,Marcio Alexandre Junior
Vitor Miranda,Jake Collier,12/20/14,"Barueri, Sao Paulo, Brazil",Red,Middleweight,KO/TKO,Kick,1,Vitor Miranda,Jake Collier
Junior Dos Santos,Stipe Miocic,12/13/14,"Phoenix, Arizona, USA",Red,Heavyweight,U-DEC,None,5,Junior Dos Santos,Stipe Miocic
Rafael Dos Anjos,Nate Diaz,12/13/14,"Phoenix, Arizona, USA",Red,Lightweight,U-DEC,None,3,Rafael Dos Anjos,Nate Diaz
Alistair Overeem,Stefan Struve,12/13/14,"Phoenix, Arizona, USA",Red,Heavyweight,KO/TKO,Punch,1,Alistair Overeem,Stefan Struve
Gabriel Gonzaga,Matt Mitrione,12/13/14,"Phoenix, Arizona, USA",Blue,Heavyweight,KO/TKO,Punch,1,Matt Mitrione,Gabriel Gonzaga
Claudia Gadelha,Joanna Jedrzejczyk,12/13/14,"Phoenix, Arizona, USA",Blue,Women's Strawweight,S-DEC,None,3,Joanna Jedrzejczyk,Claudia Gadelha
John Moraga,Willie Gates,12/13/14,"Phoenix, Arizona, USA",Red,Flyweight,SUB,Rear Naked Choke,3,John Moraga,Willie Gates
Joe Riggs,Ben Saunders,12/13/14,"Phoenix, Arizona, USA",Blue,Welterweight,SUB,Injury,1,Ben Saunders,Joe Riggs
Jamie Varner,Drew Dober,12/13/14,"Phoenix, Arizona, USA",Blue,Lightweight,SUB,Rear Naked Choke,1,Drew Dober,Jamie Varner
Joe Ellenberger,Bryan Barberena,12/13/14,"Phoenix, Arizona, USA",Blue,Lightweight,KO/TKO,Punches,3,Bryan Barberena,Joe Ellenberger
David Michaud,Garett Whiteley,12/13/14,"Phoenix, Arizona, USA",Red,Lightweight,U-DEC,None,3,David Michaud,Garett Whiteley
Henry Cejudo,Dustin Kimura,12/13/14,"Phoenix, Arizona, USA",Red,Bantamweight,U-DEC,None,3,Henry Cejudo,Dustin Kimura
Anthony Birchak,Ian Entwistle,12/13/14,"Phoenix, Arizona, USA",Blue,Bantamweight,SUB,Heel Hook,1,Ian Entwistle,Anthony Birchak
Carla Esparza,Rose Namajunas,12/12/14,"Las Vegas, Nevada, USA",Red,Women's Strawweight,SUB,Rear Naked Choke,3,Carla Esparza,Rose Namajunas
Jeremy Stephens,Charles Oliveira,12/12/14,"Las Vegas, Nevada, USA",Blue,Featherweight,U-DEC,None,3,Charles Oliveira,Jeremy Stephens
Joe Proctor,Yancy Medeiros,12/12/14,"Las Vegas, Nevada, USA",Blue,Lightweight,SUB,Guillotine Choke,1,Yancy Medeiros,Joe Proctor
Jessica Penne,Randa Markos,12/12/14,"Las Vegas, Nevada, USA",Red,Women's Strawweight,S-DEC,None,3,Jessica Penne,Randa Markos
Felice Herrig,Lisa Ellis,12/12/14,"Las Vegas, Nevada, USA",Red,Women's Strawweight,SUB,Armbar,2,Felice Herrig,Lisa Ellis
Bec Rawlings,Heather Jo Clark,12/12/14,"Las Vegas, Nevada, USA",Blue,Women's Strawweight,,None,,Heather Jo Clark,Bec Rawlings
Joanne Calderwood,Seohee Ham,12/12/14,"Las Vegas, Nevada, USA",Red,Women's Strawweight,,None,,Joanne Calderwood,Seohee Ham
Tecia Torres,Angela Magana,12/12/14,"Las Vegas, Nevada, USA",Red,Women's Strawweight,U-DEC,None,3,Tecia Torres,Angela Magana
Aisling Daly,Alex Chambers,12/12/14,"Las Vegas, Nevada, USA",Red,Women's Strawweight,SUB,Armbar,1,Aisling Daly,Alex Chambers
Emily Peters Kagan,Angela Hill,12/12/14,"Las Vegas, Nevada, USA",Blue,Women's Strawweight,,None,,Angela Hill,Emily Peters Kagan
Johny Hendricks,Robbie Lawler,12/6/14,"Las Vegas, Nevada, USA",Blue,Welterweight,S-DEC,None,5,Robbie Lawler,Johny Hendricks
Anthony Pettis,Gilbert Melendez,12/6/14,"Las Vegas, Nevada, USA",Red,Lightweight,SUB,Guillotine Choke,2,Anthony Pettis,Gilbert Melendez
Travis Browne,Brendan Schaub,12/6/14,"Las Vegas, Nevada, USA",Red,Heavyweight,KO/TKO,Punches,1,Travis Browne,Brendan Schaub
Todd Duffee,Anthony Hamilton,12/6/14,"Las Vegas, Nevada, USA",Red,Heavyweight,KO/TKO,Punch,1,Todd Duffee,Anthony Hamilton
Tony Ferguson,Abel Trujillo,12/6/14,"Las Vegas, Nevada, USA",Red,Lightweight,SUB,Rear Naked Choke,2,Tony Ferguson,Abel Trujillo
Urijah Faber,Francisco Rivera,12/6/14,"Las Vegas, Nevada, USA",Red,Bantamweight,SUB,Other - Choke,2,Urijah Faber,Francisco Rivera
Eddie Gordon,Josh Samman,12/6/14,"Las Vegas, Nevada, USA",Blue,Middleweight,KO/TKO,Kick,2,Josh Samman,Eddie Gordon
Corey Anderson,Justin Jones,12/6/14,"Las Vegas, Nevada, USA",Red,Light Heavyweight,U-DEC,None,3,Corey Anderson,Justin Jones
Raquel Pennington,Ashlee Evans-Smith,12/6/14,"Las Vegas, Nevada, USA",Red,Women's Bantamweight,SUB,Other - Choke,1,Raquel Pennington,Ashlee Evans-Smith
Sergio Pettis,Matt Hobar,12/6/14,"Las Vegas, Nevada, USA",Red,Bantamweight,U-DEC,None,3,Sergio Pettis,Matt Hobar
Alex White,Clay Collard,12/6/14,"Las Vegas, Nevada, USA",Blue,Featherweight,U-DEC,None,3,Clay Collard,Alex White
Frankie Edgar,Cub Swanson,11/22/14,"Austin, Texas, USA",Red,Featherweight,SUB,Neck Crank,5,Frankie Edgar,Cub Swanson
Bobby Green,Edson Barboza,11/22/14,"Austin, Texas, USA",Blue,Lightweight,U-DEC,None,3,Edson Barboza,Bobby Green
Brad Pickett,Chico Camus,11/22/14,"Austin, Texas, USA",Blue,Flyweight,S-DEC,None,3,Chico Camus,Brad Pickett
Jared Rosholt,Aleksei Oleinik,11/22/14,"Austin, Texas, USA",Blue,Heavyweight,KO/TKO,Punch,1,Aleksei Oleinik,Jared Rosholt
Joseph Benavidez,Dustin Ortiz,11/22/14,"Austin, Texas, USA",Red,Flyweight,U-DEC,None,3,Joseph Benavidez,Dustin Ortiz
Matt Wiman,Isaac Vallie-Flagg,11/22/14,"Austin, Texas, USA",Red,Lightweight,U-DEC,None,3,Matt Wiman,Isaac Vallie-Flagg
Ruslan Magomedov,Josh Copeland,11/22/14,"Austin, Texas, USA",Red,Heavyweight,U-DEC,None,3,Ruslan Magomedov,Josh Copeland
Luke Barnatt,Roger Narvaez,11/22/14,"Austin, Texas, USA",Blue,Middleweight,S-DEC,None,3,Roger Narvaez,Luke Barnatt
James Vick,Nick Hein,11/22/14,"Austin, Texas, USA",Red,Lightweight,U-DEC,None,3,James Vick,Nick Hein
Yves Edwards,Akbarh Arreola,11/22/14,"Austin, Texas, USA",Blue,Lightweight,SUB,Armbar,1,Akbarh Arreola,Yves Edwards
Paige VanZant,Kailin Curran,11/22/14,"Austin, Texas, USA",Red,Women's Strawweight,KO/TKO,Punches,3,Paige VanZant,Kailin Curran
Juan Puig,Dooho Choi,11/22/14,"Austin, Texas, USA",Blue,Featherweight,,None,,Dooho Choi,Juan Puig
Fabricio Werdum,Mark Hunt,11/15/14,"Mexico City, Distrito Federal, Mexico",Red,Heavyweight,KO/TKO,Flying Knee,2,Fabricio Werdum,Mark Hunt
Jake Ellenberger,Kelvin Gastelum,11/15/14,"Mexico City, Distrito Federal, Mexico",Blue,Welterweight,SUB,Rear Naked Choke,1,Kelvin Gastelum,Jake Ellenberger
Ricardo Lamas,Dennis Bermudez,11/15/14,"Mexico City, Distrito Federal, Mexico",Red,Featherweight,SUB,Guillotine Choke,1,Ricardo Lamas,Dennis Bermudez
Augusto Montano,Chris Heatherly,11/15/14,"Mexico City, Distrito Federal, Mexico",Red,Welterweight,KO/TKO,Knees,1,Augusto Montano,Chris Heatherly
Edgar Garcia,Hector Urbina,11/15/14,"Mexico City, Distrito Federal, Mexico",Blue,Welterweight,SUB,Guillotine Choke,1,Hector Urbina,Edgar Garcia
Yair Rodriguez,Leonardo Morales,11/15/14,"Mexico City, Distrito Federal, Mexico",Red,Featherweight,U-DEC,None,3,Yair Rodriguez,Leonardo Morales
Alejandro Perez,Jose Quinonez,11/15/14,"Mexico City, Distrito Federal, Mexico",Red,Bantamweight,U-DEC,None,3,Alejandro Perez,Jose Quinonez
Jessica Eye,Leslie Smith,11/15/14,"Mexico City, Distrito Federal, Mexico",Red,Women's Bantamweight,KO/TKO,None,2,Jessica Eye,Leslie Smith
Gabriel Benitez,Humberto Brown,11/15/14,"Mexico City, Distrito Federal, Mexico",Red,Featherweight,,None,,Gabriel Benitez,Humberto Brown
Henry Briones,Guido Cannetti,11/15/14,"Mexico City, Distrito Federal, Mexico",Red,Bantamweight,SUB,Rear Naked Choke,2,Henry Briones,Guido Cannetti
Marco Beltran,Marlon Vera,11/15/14,"Mexico City, Distrito Federal, Mexico",Red,Bantamweight,U-DEC,None,3,Marco Beltran,Marlon Vera
Mauricio Rua,Ovince Saint Preux,11/8/14,"Uberlandia, Minas Gerais, Brazil",Blue,Light Heavyweight,KO/TKO,Punch,1,Ovince Saint Preux,Mauricio Rua
Warlley Alves,Alan Jouban,11/8/14,"Uberlandia, Minas Gerais, Brazil",Red,Welterweight,U-DEC,None,3,Warlley Alves,Alan Jouban
Claudio Silva,Leon Edwards,11/8/14,"Uberlandia, Minas Gerais, Brazil",Red,Welterweight,S-DEC,None,3,Claudio Silva,Leon Edwards
Dhiego Lima,Jorge de Oliveira,11/8/14,"Uberlandia, Minas Gerais, Brazil",Red,Welterweight,U-DEC,None,3,Dhiego Lima,Jorge de Oliveira
Juliana Lima,Nina Ansaroff,11/8/14,"Uberlandia, Minas Gerais, Brazil",Red,Women's Strawweight,U-DEC,None,3,Juliana Lima,Nina Ansaroff
Diego Rivas,Rodolfo Rubio,11/8/14,"Uberlandia, Minas Gerais, Brazil",Red,Featherweight,,None,,Diego Rivas,Rodolfo Rubio
Caio Magalhaes,Trevor Smith,11/8/14,"Uberlandia, Minas Gerais, Brazil",Red,Middleweight,KO/TKO,Punch,1,Caio Magalhaes,Trevor Smith
Leandro Silva,Charlie Brenneman,11/8/14,"Uberlandia, Minas Gerais, Brazil",Red,Lightweight,SUB,Rear Naked Choke,1,Leandro Silva,Charlie Brenneman
Thomas Almeida,Tim Gorman,11/8/14,"Uberlandia, Minas Gerais, Brazil",Red,Bantamweight,U-DEC,None,3,Thomas Almeida,Tim Gorman
Wagner Silva,Colby Covington,11/8/14,"Uberlandia, Minas Gerais, Brazil",Blue,Welterweight,SUB,Rear Naked Choke,3,Colby Covington,Wagner Silva
Luke Rockhold,Michael Bisping,11/7/14,"Sydney, New South Wales, Australia",Red,Middleweight,SUB,Guillotine Choke,2,Luke Rockhold,Michael Bisping
Ross Pearson,Al Iaquinta,11/7/14,"Sydney, New South Wales, Australia",Blue,Lightweight,KO/TKO,Punch,2,Al Iaquinta,Ross Pearson
Robert Whittaker,Clint Hester,11/7/14,"Sydney, New South Wales, Australia",Red,Middleweight,KO/TKO,Knee,2,Robert Whittaker,Clint Hester
Soa Palelei,Walt Harris,11/7/14,"Sydney, New South Wales, Australia",Red,Heavyweight,KO/TKO,Punches,2,Soa Palelei,Walt Harris
Jake Matthews,Vagner Rocha,11/7/14,"Sydney, New South Wales, Australia",Red,Lightweight,SUB,Rear Naked Choke,2,Jake Matthews,Vagner Rocha
Anthony Perosh,Guto Inocente,11/7/14,"Sydney, New South Wales, Australia",Red,Light Heavyweight,SUB,Rear Naked Choke,1,Anthony Perosh,Guto Inocente
Dylan Andrews,Sam Alvey,11/7/14,"Sydney, New South Wales, Australia",Blue,Middleweight,KO/TKO,Punches,1,Sam Alvey,Dylan Andrews
Richie Vaculik,Louis Smolka,11/7/14,"Sydney, New South Wales, Australia",Blue,Flyweight,KO/TKO,Kick,3,Louis Smolka,Richie Vaculik
Vik Grujic,Chris Clements,11/7/14,"Sydney, New South Wales, Australia",Blue,Welterweight,KO/TKO,Knee,1,Chris Clements,Vik Grujic
Luke Zachrich,Daniel Kelly,11/7/14,"Sydney, New South Wales, Australia",Blue,Middleweight,SUB,Kimura,1,Daniel Kelly,Luke Zachrich
Jumabieke Tuerxun,Marcus Brimage,11/7/14,"Sydney, New South Wales, Australia",Blue,Bantamweight,KO/TKO,Kick,1,Marcus Brimage,Jumabieke Tuerxun
Jose Aldo,Chad Mendes,10/25/14,"Rio de Janeiro, Brazil",Red,Featherweight,U-DEC,None,5,Jose Aldo,Chad Mendes
Glover Teixeira,Phil Davis,10/25/14,"Rio de Janeiro, Brazil",Blue,Light Heavyweight,U-DEC,None,3,Phil Davis,Glover Teixeira
Fabio Maldonado,Hans Stringer,10/25/14,"Rio de Janeiro, Brazil",Red,Light Heavyweight,KO/TKO,Punches,2,Fabio Maldonado,Hans Stringer
Darren Elkins,Lucas Martins,10/25/14,"Rio de Janeiro, Brazil",Red,Featherweight,S-DEC,None,3,Darren Elkins,Lucas Martins
Diego Ferreira,Beneil Dariush,10/25/14,"Rio de Janeiro, Brazil",Blue,Lightweight,U-DEC,None,3,Beneil Dariush,Diego Ferreira
William Patolino,Neil Magny,10/25/14,"Rio de Janeiro, Brazil",Blue,Welterweight,,None,,Neil Magny,William Patolino
Yan Cabral,Naoyuki Kotani,10/25/14,"Rio de Janeiro, Brazil",Red,Lightweight,SUB,Rear Naked Choke,2,Yan Cabral,Naoyuki Kotani
Scott Jorgensen,Wilson Reis,10/25/14,"Rio de Janeiro, Brazil",Blue,Flyweight,SUB,Arm Triangle,1,Wilson Reis,Scott Jorgensen
Felipe Arantes,Andre Fili,10/25/14,"Rio de Janeiro, Brazil",Blue,Featherweight,U-DEC,None,3,Andre Fili,Felipe Arantes
Gilbert Burns,Christos Giagos,10/25/14,"Rio de Janeiro, Brazil",Red,Lightweight,SUB,Armbar,1,Gilbert Burns,Christos Giagos
Fabricio Camoes,Anthony Rocco Martin,10/25/14,"Rio de Janeiro, Brazil",Blue,Lightweight,SUB,Kimura,1,Anthony Rocco Martin,Fabricio Camoes
Rory MacDonald,Tarec Saffiedine,10/4/14,"Halifax, Nova Scotia, Canada",Red,Welterweight,KO/TKO,Punch,3,Rory MacDonald,Tarec Saffiedine
Raphael Assuncao,Bryan Caraway,10/4/14,"Halifax, Nova Scotia, Canada",Red,Bantamweight,U-DEC,None,3,Raphael Assuncao,Bryan Caraway
Chad Laprise,Yosdenis Cedeno,10/4/14,"Halifax, Nova Scotia, Canada",Red,Lightweight,U-DEC,None,3,Chad Laprise,Yosdenis Cedeno
Elias Theodorou,Bruno Santos,10/4/14,"Halifax, Nova Scotia, Canada",Red,Middleweight,U-DEC,None,3,Elias Theodorou,Bruno Santos
Nordine Taleb,Li Jingliang,10/4/14,"Halifax, Nova Scotia, Canada",Red,Welterweight,,None,,Nordine Taleb,Li Jingliang
Mitch Gagnon,Roman Salazar,10/4/14,"Halifax, Nova Scotia, Canada",Red,Bantamweight,SUB,Rear Naked Choke,1,Mitch Gagnon,Roman Salazar
Daron Cruickshank,Anthony Njokuani,10/4/14,"Halifax, Nova Scotia, Canada",Red,Lightweight,U-DEC,None,3,Daron Cruickshank,Anthony Njokuani
Olivier Aubin-Mercier,Jake Lindsey,10/4/14,"Halifax, Nova Scotia, Canada",Red,Lightweight,SUB,Other - Choke,2,Olivier Aubin-Mercier,Jake Lindsey
Jason Saggo,Paul Felder,10/4/14,"Halifax, Nova Scotia, Canada",Blue,Lightweight,S-DEC,None,3,Paul Felder,Jason Saggo
Paddy Holohan,Chris Kelades,10/4/14,"Halifax, Nova Scotia, Canada",Blue,Flyweight,U-DEC,None,3,Chris Kelades,Paddy Holohan
Albert Tumenov,Matt Dwyer,10/4/14,"Halifax, Nova Scotia, Canada",Red,Welterweight,KO/TKO,Kick,1,Albert Tumenov,Matt Dwyer
Gunnar Nelson,Rick Story,10/4/14,"Stockholm, Sweden",Blue,Welterweight,S-DEC,None,5,Rick Story,Gunnar Nelson
Akira Corassani,Max Holloway,10/4/14,"Stockholm, Sweden",Blue,Featherweight,KO/TKO,Punch,1,Max Holloway,Akira Corassani
Ilir Latifi,Jan Blachowicz,10/4/14,"Stockholm, Sweden",Blue,Light Heavyweight,KO/TKO,Kick,1,Jan Blachowicz,Ilir Latifi
Niklas Backstrom,Mike Wilkinson,10/4/14,"Stockholm, Sweden",Blue,Featherweight,KO/TKO,Punch,1,Mike Wilkinson,Niklas Backstrom
Magnus Cedenblad,Scott Askham,10/4/14,"Stockholm, Sweden",Red,Middleweight,U-DEC,None,3,Magnus Cedenblad,Scott Askham
Nico Musoke,Alexander Yakovlev,10/4/14,"Stockholm, Sweden",Red,Welterweight,,None,,Nico Musoke,Alexander Yakovlev
Dennis Siver,Charles Rosa,10/4/14,"Stockholm, Sweden",Red,Featherweight,U-DEC,None,3,Dennis Siver,Charles Rosa
Cathal Pendred,Gasan Umalatov,10/4/14,"Stockholm, Sweden",Red,Welterweight,S-DEC,None,3,Cathal Pendred,Gasan Umalatov
Tor Troeng,Krzysztof Jotko,10/4/14,"Stockholm, Sweden",Blue,Middleweight,U-DEC,None,3,Krzysztof Jotko,Tor Troeng
Mairbek Taisumov,Marcin Bandel,10/4/14,"Stockholm, Sweden",Red,Lightweight,KO/TKO,Punch,1,Mairbek Taisumov,Marcin Bandel
Zubaira Tukhugov,Ernest Chavez,10/4/14,"Stockholm, Sweden",Red,Featherweight,KO/TKO,Punches,1,Zubaira Tukhugov,Ernest Chavez
Demetrious Johnson,Chris Cariaso,9/27/14,"Las Vegas, Nevada, USA",Red,Flyweight,SUB,Kimura,2,Demetrious Johnson,Chris Cariaso
Donald Cerrone,Eddie Alvarez,9/27/14,"Las Vegas, Nevada, USA",Red,Lightweight,U-DEC,None,3,Donald Cerrone,Eddie Alvarez
Dustin Poirier,Conor McGregor,9/27/14,"Las Vegas, Nevada, USA",Blue,Featherweight,KO/TKO,Punch,1,Conor McGregor,Dustin Poirier
Tim Kennedy,Yoel Romero,9/27/14,"Las Vegas, Nevada, USA",Blue,Middleweight,KO/TKO,Punch,3,Yoel Romero,Tim Kennedy
Cat Zingano,Amanda Nunes,9/27/14,"Las Vegas, Nevada, USA",Red,Women's Bantamweight,KO/TKO,Punches,3,Cat Zingano,Amanda Nunes
Dominick Cruz,Takeya Mizugaki,9/27/14,"Las Vegas, Nevada, USA",Red,Bantamweight,KO/TKO,Punches,1,Dominick Cruz,Takeya Mizugaki
Jorge Masvidal,James Krause,9/27/14,"Las Vegas, Nevada, USA",Red,Lightweight,U-DEC,None,3,Jorge Masvidal,James Krause
Patrick Cote,Stephen Thompson,9/27/14,"Las Vegas, Nevada, USA",Blue,Welterweight,U-DEC,None,3,Stephen Thompson,Patrick Cote
John Howard,Brian Ebersole,9/27/14,"Las Vegas, Nevada, USA",Blue,Welterweight,S-DEC,None,3,Brian Ebersole,John Howard
Jon Tuck,Kevin Lee,9/27/14,"Las Vegas, Nevada, USA",Blue,Lightweight,U-DEC,None,3,Kevin Lee,Jon Tuck
Manvel Gamburyan,Cody Gibson,9/27/14,"Las Vegas, Nevada, USA",Red,Bantamweight,SUB,Guillotine Choke,2,Manvel Gamburyan,Cody Gibson
Mark Hunt,Roy Nelson,9/20/14,"Saitama, Japan",Red,Heavyweight,KO/TKO,Punch,2,Mark Hunt,Roy Nelson
Myles Jury,Takanori Gomi,9/20/14,"Saitama, Japan",Red,Lightweight,KO/TKO,Punch,1,Myles Jury,Takanori Gomi
Yoshihiro Akiyama,Amir Sadollah,9/20/14,"Saitama, Japan",Red,Welterweight,U-DEC,None,3,Yoshihiro Akiyama,Amir Sadollah
Miesha Tate,Rin Nakai,9/20/14,"Saitama, Japan",Red,Women's Bantamweight,U-DEC,None,3,Miesha Tate,Rin Nakai
Kiichi Kunimoto,Richard Walsh,9/20/14,"Saitama, Japan",Red,Welterweight,S-DEC,None,3,Kiichi Kunimoto,Richard Walsh
Kyoji Horiguchi,Jon Delos Reyes,9/20/14,"Saitama, Japan",Red,Flyweight,KO/TKO,Punches,1,Kyoji Horiguchi,Jon Delos Reyes
Alex Caceres,Masanori Kanehara,9/20/14,"Saitama, Japan",Blue,Bantamweight,U-DEC,None,3,Masanori Kanehara,Alex Caceres
Katsunori Kikuno,Sam Sicilia,9/20/14,"Saitama, Japan",Red,Featherweight,SUB,Rear Naked Choke,2,Katsunori Kikuno,Sam Sicilia
Hyun Gyu Lim,Takenori Sato,9/20/14,"Saitama, Japan",Red,Welterweight,KO/TKO,Elbows,1,Hyun Gyu Lim,Takenori Sato
Michinori Tanaka,Kyung Ho Kang,9/20/14,"Saitama, Japan",Blue,Bantamweight,S-DEC,None,3,Kyung Ho Kang,Michinori Tanaka
Kazuki Tokudome,Johnny Case,9/20/14,"Saitama, Japan",Blue,Lightweight,SUB,Guillotine Choke,2,Johnny Case,Kazuki Tokudome
Maximo Blanco,Dan Hooker,9/20/14,"Saitama, Japan",Red,Featherweight,U-DEC,None,3,Maximo Blanco,Dan Hooker
Antonio Silva,Andrei Arlovski,9/13/14,"Brasilia, Distrito Federal, Brazil",Blue,Heavyweight,KO/TKO,Punch,1,Andrei Arlovski,Antonio Silva
Gleison Tibau,Piotr Hallmann,9/13/14,"Brasilia, Distrito Federal, Brazil",Red,Lightweight,S-DEC,None,3,Gleison Tibau,Piotr Hallmann
Leonardo Santos,Efrain Escudero,9/13/14,"Brasilia, Distrito Federal, Brazil",Red,Lightweight,U-DEC,None,3,Leonardo Santos,Efrain Escudero
Santiago Ponzinibbio,Wendell Oliveira,9/13/14,"Brasilia, Distrito Federal, Brazil",Red,Welterweight,,None,,Santiago Ponzinibbio,Wendell Oliveira
Iuri Alcantara,Russell Doane,9/13/14,"Brasilia, Distrito Federal, Brazil",Red,Bantamweight,U-DEC,None,3,Iuri Alcantara,Russell Doane
Jessica Andrade,Larissa Pacheco,9/13/14,"Brasilia, Distrito Federal, Brazil",Red,Women's Bantamweight,SUB,Guillotine Choke,1,Jessica Andrade,Larissa Pacheco
Godofredo Pepey,Dashon Johnson,9/13/14,"Brasilia, Distrito Federal, Brazil",Red,Featherweight,SUB,Armbar,1,Godofredo Pepey,Dashon Johnson
Igor Araujo,George Sullivan,9/13/14,"Brasilia, Distrito Federal, Brazil",Blue,Welterweight,KO/TKO,Punch,2,George Sullivan,Igor Araujo
Francisco Trinaldo,Leandro Silva,9/13/14,"Brasilia, Distrito Federal, Brazil",Red,Lightweight,U-DEC,None,3,Francisco Trinaldo,Leandro Silva
Paulo Thiago,Sean Spencer,9/13/14,"Brasilia, Distrito Federal, Brazil",Blue,Welterweight,U-DEC,None,3,Sean Spencer,Paulo Thiago
Rani Yahya,Johnny Bedford,9/13/14,"Brasilia, Distrito Federal, Brazil",Red,Bantamweight,SUB,Kimura,2,Rani Yahya,Johnny Bedford
Jacare Souza,Gegard Mousasi,9/5/14,"Ledyard, Connecticut, USA",Red,Middleweight,SUB,Guillotine Choke,3,Jacare Souza,Gegard Mousasi
Alistair Overeem,Ben Rothwell,9/5/14,"Ledyard, Connecticut, USA",Blue,Heavyweight,KO/TKO,Punch,1,Ben Rothwell,Alistair Overeem
Matt Mitrione,Derrick Lewis,9/5/14,"Ledyard, Connecticut, USA",Red,Heavyweight,KO/TKO,Punches,1,Matt Mitrione,Derrick Lewis
Joe Lauzon,Michael Chiesa,9/5/14,"Ledyard, Connecticut, USA",Red,Lightweight,KO/TKO,None,2,Joe Lauzon,Michael Chiesa
John Moraga,Justin Scoggins,9/5/14,"Ledyard, Connecticut, USA",Red,Flyweight,SUB,Guillotine Choke,2,John Moraga,Justin Scoggins
Al Iaquinta,Rodrigo Damm,9/5/14,"Ledyard, Connecticut, USA",Red,Lightweight,KO/TKO,Elbows,3,Al Iaquinta,Rodrigo Damm
Rafael Natal,Chris Camozzi,9/5/14,"Ledyard, Connecticut, USA",Red,Middleweight,S-DEC,None,3,Rafael Natal,Chris Camozzi
Chris Beal,Tateki Matsuda,9/5/14,"Ledyard, Connecticut, USA",Red,Bantamweight,U-DEC,None,3,Chris Beal,Tateki Matsuda
Sean Soriano,Chas Skelly,9/5/14,"Ledyard, Connecticut, USA",Blue,Featherweight,U-DEC,None,3,Chas Skelly,Sean Soriano
TJ Dillashaw,Joe Soto,8/30/14,"Sacramento, California, USA",Red,Bantamweight,KO/TKO,Kick,5,TJ Dillashaw,Joe Soto
Tony Ferguson,Danny Castillo,8/30/14,"Sacramento, California, USA",Red,Lightweight,S-DEC,None,3,Tony Ferguson,Danny Castillo
Bethe Correia,Shayna Baszler,8/30/14,"Sacramento, California, USA",Red,Women's Bantamweight,KO/TKO,Punches,2,Bethe Correia,Shayna Baszler
Ramsey Nijem,Diego Ferreira,8/30/14,"Sacramento, California, USA",Blue,Lightweight,KO/TKO,Punch,2,Diego Ferreira,Ramsey Nijem
Yancy Medeiros,Damon Jackson,8/30/14,"Sacramento, California, USA",Red,Lightweight,SUB,Other - Choke,2,Yancy Medeiros,Damon Jackson
Lorenz Larkin,Derek Brunson,8/30/14,"Sacramento, California, USA",Blue,Middleweight,U-DEC,None,3,Derek Brunson,Lorenz Larkin
Ruan Potts,Anthony Hamilton,8/30/14,"Sacramento, California, USA",Blue,Heavyweight,KO/TKO,Punches,2,Anthony Hamilton,Ruan Potts
Chris Wade,Cain Carrizosa,8/30/14,"Sacramento, California, USA",Red,Lightweight,SUB,Guillotine Choke,1,Chris Wade,Cain Carrizosa
Benson Henderson,Rafael Dos Anjos,8/23/14,"Tulsa, Oklahoma, USA",Blue,Lightweight,KO/TKO,Punch,1,Rafael Dos Anjos,Benson Henderson
Mike Pyle,Jordan Mein,8/23/14,"Tulsa, Oklahoma, USA",Blue,Welterweight,KO/TKO,Punch,1,Jordan Mein,Mike Pyle
Francis Carmont,Thales Leites,8/23/14,"Tulsa, Oklahoma, USA",Blue,Middleweight,KO/TKO,Punch,2,Thales Leites,Francis Carmont
Max Holloway,Clay Collard,8/23/14,"Tulsa, Oklahoma, USA",Red,Catch Weight,KO/TKO,Punches,3,Max Holloway,Clay Collard
James Vick,Valmir Lazaro,8/23/14,"Tulsa, Oklahoma, USA",Red,Lightweight,U-DEC,None,3,James Vick,Valmir Lazaro
Chas Skelly,Tom Niinimaki,8/23/14,"Tulsa, Oklahoma, USA",Red,Featherweight,SUB,Rear Naked Choke,1,Chas Skelly,Tom Niinimaki
Neil Magny,Alex Garcia,8/23/14,"Tulsa, Oklahoma, USA",Red,Welterweight,U-DEC,None,3,Neil Magny,Alex Garcia
Beneil Dariush,Anthony Rocco Martin,8/23/14,"Tulsa, Oklahoma, USA",Red,Lightweight,SUB,Arm Triangle,2,Beneil Dariush,Anthony Rocco Martin
Aaron Phillips,Matt Hobar,8/23/14,"Tulsa, Oklahoma, USA",Blue,Bantamweight,U-DEC,None,3,Matt Hobar,Aaron Phillips
Ben Saunders,Chris Heatherly,8/23/14,"Tulsa, Oklahoma, USA",Red,Welterweight,SUB,Omoplata,1,Ben Saunders,Chris Heatherly
Wilson Reis,Joby Sanchez,8/23/14,"Tulsa, Oklahoma, USA",Red,Flyweight,U-DEC,None,3,Wilson Reis,Joby Sanchez
Michael Bisping,Cung Le,8/23/14,"Macau, China",Red,Middleweight,KO/TKO,Knee,4,Michael Bisping,Cung Le
Tyron Woodley,Dong Hyun Kim,8/23/14,"Macau, China",Red,Welterweight,KO/TKO,Punch,1,Tyron Woodley,Dong Hyun Kim
Zhang Lipeng,Brendan O'Reilly,8/23/14,"Macau, China",Red,Lightweight,,None,,Zhang Lipeng,Brendan O'Reilly
Ning Guangyou,Jianping Yang,8/23/14,"Macau, China",Red,Featherweight,,None,,Ning Guangyou,Jianping Yang
Sai Wang,Danny Mitchell,8/23/14,"Macau, China",Red,Welterweight,U-DEC,None,3,Sai Wang,Danny Mitchell
Alberto Mina,Shinsho Anzai,8/23/14,"Macau, China",Red,Welterweight,KO/TKO,Punch,1,Alberto Mina,Shinsho Anzai
Roland Delorme,Ulka Sasaki,8/23/14,"Macau, China",Blue,Bantamweight,,None,,Ulka Sasaki,Roland Delorme
An Ying Wang,Colby Covington,8/23/14,"Macau, China",Blue,Welterweight,,None,,Colby Covington,An Ying Wang
Yao Zhikui,Royston Wee,8/23/14,"Macau, China",Blue,Bantamweight,S-DEC,None,3,Royston Wee,Yao Zhikui
Elizabeth Phillips,Milana Dudieva,8/23/14,"Macau, China",Blue,Women's Bantamweight,S-DEC,None,3,Milana Dudieva,Elizabeth Phillips
Ryan Bader,Ovince Saint Preux,8/16/14,"Bangor, Maine, USA",Red,Light Heavyweight,U-DEC,None,5,Ryan Bader,Ovince Saint Preux
Gray Maynard,Ross Pearson,8/16/14,"Bangor, Maine, USA",Blue,Lightweight,KO/TKO,Punch,2,Ross Pearson,Gray Maynard
Tim Boetsch,Brad Tavares,8/16/14,"Bangor, Maine, USA",Red,Middleweight,KO/TKO,Punch,2,Tim Boetsch,Brad Tavares
Seth Baczynski,Alan Jouban,8/16/14,"Bangor, Maine, USA",Blue,Welterweight,KO/TKO,Punch,1,Alan Jouban,Seth Baczynski
Shawn Jordan,Jack May,8/16/14,"Bangor, Maine, USA",Red,Heavyweight,KO/TKO,Punches,3,Shawn Jordan,Jack May
Thiago Tavares,Robert Peralta,8/16/14,"Bangor, Maine, USA",Red,Featherweight,SUB,Rear Naked Choke,1,Thiago Tavares,Robert Peralta
Jussier Formiga,Zach Makovsky,8/16/14,"Bangor, Maine, USA",Red,Flyweight,U-DEC,None,3,Jussier Formiga,Zach Makovsky
Sara McMann,Lauren Murphy,8/16/14,"Bangor, Maine, USA",Red,Women's Bantamweight,S-DEC,None,3,Sara McMann,Lauren Murphy
Tom Watson,Sam Alvey,8/16/14,"Bangor, Maine, USA",Red,Middleweight,U-DEC,None,3,Tom Watson,Sam Alvey
Nolan Ticman,Frankie Saenz,8/16/14,"Bangor, Maine, USA",Blue,Bantamweight,U-DEC,None,3,Frankie Saenz,Nolan Ticman
Robbie Lawler,Matt Brown,7/26/14,"San Jose, California, USA",Red,Welterweight,U-DEC,None,5,Robbie Lawler,Matt Brown
Anthony Johnson,Rogerio Nogueira,7/26/14,"San Jose, California, USA",Red,Light Heavyweight,KO/TKO,Punch,1,Anthony Johnson,Rogerio Nogueira
Clay Guida,Dennis Bermudez,7/26/14,"San Jose, California, USA",Blue,Featherweight,SUB,Rear Naked Choke,2,Dennis Bermudez,Clay Guida
Josh Thomson,Bobby Green,7/26/14,"San Jose, California, USA",Blue,Lightweight,S-DEC,None,3,Bobby Green,Josh Thomson
Daron Cruickshank,Jorge Masvidal,7/26/14,"San Jose, California, USA",Blue,Lightweight,U-DEC,None,3,Jorge Masvidal,Daron Cruickshank
Kyle Kingsbury,Patrick Cummins,7/26/14,"San Jose, California, USA",Blue,Light Heavyweight,U-DEC,None,3,Patrick Cummins,Kyle Kingsbury
Hernani Perpetuo,Tim Means,7/26/14,"San Jose, California, USA",Blue,Welterweight,U-DEC,None,3,Tim Means,Hernani Perpetuo
Akbarh Arreola,Tiago Trator,7/26/14,"San Jose, California, USA",Blue,Lightweight,,None,,Tiago Trator,Akbarh Arreola
Andreas Stahl,Gilbert Burns,7/26/14,"San Jose, California, USA",Blue,Welterweight,U-DEC,None,3,Gilbert Burns,Andreas Stahl
Juliana Lima,Joanna Jedrzejczyk,7/26/14,"San Jose, California, USA",Blue,Women's Strawweight,U-DEC,None,3,Joanna Jedrzejczyk,Juliana Lima
Steven Siler,Noad Lahat,7/26/14,"San Jose, California, USA",Blue,Featherweight,U-DEC,None,3,Noad Lahat,Steven Siler
Conor McGregor,Diego Brandao,7/19/14,"Dublin, Leinster, Ireland",Red,Featherweight,KO/TKO,Punch,1,Conor McGregor,Diego Brandao
Gunnar Nelson,Zak Cummings,7/19/14,"Dublin, Leinster, Ireland",Red,Welterweight,SUB,Rear Naked Choke,2,Gunnar Nelson,Zak Cummings
Brad Pickett,Ian McCall,7/19/14,"Dublin, Leinster, Ireland",Blue,Flyweight,U-DEC,None,3,Ian McCall,Brad Pickett
Norman Parke,Naoyuki Kotani,7/19/14,"Dublin, Leinster, Ireland",Red,Lightweight,KO/TKO,Punches,2,Norman Parke,Naoyuki Kotani
Ilir Latifi,Chris Dempsey,7/19/14,"Dublin, Leinster, Ireland",Red,Light Heavyweight,KO/TKO,Punch,1,Ilir Latifi,Chris Dempsey
Neil Seery,Phil Harris,7/19/14,"Dublin, Leinster, Ireland",Red,Flyweight,U-DEC,None,3,Neil Seery,Phil Harris
Cathal Pendred,Mike King,7/19/14,"Dublin, Leinster, Ireland",Red,Middleweight,SUB,Rear Naked Choke,2,Cathal Pendred,Mike King
Tor Troeng,Trevor Smith,7/19/14,"Dublin, Leinster, Ireland",Blue,Middleweight,U-DEC,None,3,Trevor Smith,Tor Troeng
Cody Donovan,Nikita Krylov,7/19/14,"Dublin, Leinster, Ireland",Blue,Light Heavyweight,KO/TKO,Punches,1,Nikita Krylov,Cody Donovan
Paddy Holohan,Joshua Sampo,7/19/14,"Dublin, Leinster, Ireland",Red,Flyweight,,None,,Paddy Holohan,Joshua Sampo
Donald Cerrone,Jim Miller,7/16/14,"Atlantic City, New Jersey, USA",Red,Lightweight,KO/TKO,Kick,2,Donald Cerrone,Jim Miller
Edson Barboza,Evan Dunham,7/16/14,"Atlantic City, New Jersey, USA",Red,Lightweight,KO/TKO,Kick,1,Edson Barboza,Evan Dunham
Rick Story,Leonardo Mafra,7/16/14,"Atlantic City, New Jersey, USA",Red,Welterweight,SUB,Arm Triangle,2,Rick Story,Leonardo Mafra
Justin Salas,Joe Proctor,7/16/14,"Atlantic City, New Jersey, USA",Blue,Lightweight,KO/TKO,Punch,2,Joe Proctor,Justin Salas
John Lineker,Alptekin Ozkilic,7/16/14,"Atlantic City, New Jersey, USA",Red,Flyweight,KO/TKO,Punch,3,John Lineker,Alptekin Ozkilic
Lucas Martins,Alex White,7/16/14,"Atlantic City, New Jersey, USA",Red,Featherweight,KO/TKO,Punch,3,Lucas Martins,Alex White
Gleison Tibau,Pat Healy,7/16/14,"Atlantic City, New Jersey, USA",Red,Lightweight,U-DEC,None,3,Gleison Tibau,Pat Healy
Jessamyn Duke,Leslie Smith,7/16/14,"Atlantic City, New Jersey, USA",Blue,Women's Bantamweight,KO/TKO,Punch,1,Leslie Smith,Jessamyn Duke
Hugo Viana,Aljamain Sterling,7/16/14,"Atlantic City, New Jersey, USA",Blue,Bantamweight,KO/TKO,Punches,3,Aljamain Sterling,Hugo Viana
Yosdenis Cedeno,Jerrod Sanders,7/16/14,"Atlantic City, New Jersey, USA",Red,Lightweight,KO/TKO,None,1,Yosdenis Cedeno,Jerrod Sanders
Claudia Gadelha,Tina Lahdemaki,7/16/14,"Atlantic City, New Jersey, USA",Red,Women's Strawweight,U-DEC,None,3,Claudia Gadelha,Tina Lahdemaki
Frankie Edgar,BJ Penn,7/6/14,"Las Vegas, Nevada, USA",Red,Featherweight,KO/TKO,Punches,3,Frankie Edgar,BJ Penn
Corey Anderson,Matt Van Buren,7/6/14,"Las Vegas, Nevada, USA",Red,Light Heavyweight,KO/TKO,Punches,1,Corey Anderson,Matt Van Buren
Dhiego Lima,Eddie Gordon,7/6/14,"Las Vegas, Nevada, USA",Blue,Middleweight,KO/TKO,Punches,1,Eddie Gordon,Dhiego Lima
Derrick Lewis,Guto Inocente,7/6/14,"Las Vegas, Nevada, USA",Red,Heavyweight,KO/TKO,Punches,1,Derrick Lewis,Guto Inocente
Justin Scoggins,Dustin Ortiz,7/6/14,"Las Vegas, Nevada, USA",Blue,Flyweight,S-DEC,None,3,Dustin Ortiz,Justin Scoggins
Jesse Ronson,Kevin Lee,7/6/14,"Las Vegas, Nevada, USA",Blue,Lightweight,S-DEC,None,3,Kevin Lee,Jesse Ronson
Jumabieke Tuerxun,Leandro Issa,7/6/14,"Las Vegas, Nevada, USA",Blue,Bantamweight,SUB,Armbar,3,Leandro Issa,Jumabieke Tuerxun
Adriano Martins,Juan Puig,7/6/14,"Las Vegas, Nevada, USA",Red,Lightweight,,None,,Adriano Martins,Juan Puig
Patrick Walsh,Daniel Spohn,7/6/14,"Las Vegas, Nevada, USA",Red,Light Heavyweight,U-DEC,None,3,Patrick Walsh,Daniel Spohn
Sarah Moras,Alexis Dufresne,7/6/14,"Las Vegas, Nevada, USA",Red,Catch Weight,U-DEC,None,3,Sarah Moras,Alexis Dufresne
Chris Weidman,Lyoto Machida,7/5/14,"Las Vegas, Nevada, USA",Red,Middleweight,U-DEC,None,5,Chris Weidman,Lyoto Machida
Ronda Rousey,Alexis Davis,7/5/14,"Las Vegas, Nevada, USA",Red,Women's Bantamweight,KO/TKO,Punches,1,Ronda Rousey,Alexis Davis
Uriah Hall,Thiago Santos,7/5/14,"Las Vegas, Nevada, USA",Red,Middleweight,U-DEC,None,3,Uriah Hall,Thiago Santos
Marcus Brimage,Russell Doane,7/5/14,"Las Vegas, Nevada, USA",Blue,Bantamweight,S-DEC,None,3,Russell Doane,Marcus Brimage
Urijah Faber,Alex Caceres,7/5/14,"Las Vegas, Nevada, USA",Red,Bantamweight,SUB,Rear Naked Choke,3,Urijah Faber,Alex Caceres
Kenny Robertson,Ildemar Alcantara,7/5/14,"Las Vegas, Nevada, USA",Red,Welterweight,U-DEC,None,3,Kenny Robertson,Ildemar Alcantara
Chris Camozzi,Bruno Santos,7/5/14,"Las Vegas, Nevada, USA",Blue,Middleweight,S-DEC,None,3,Bruno Santos,Chris Camozzi
George Roop,Rob Font,7/5/14,"Las Vegas, Nevada, USA",Blue,Bantamweight,KO/TKO,Punch,1,Rob Font,George Roop
Luke Zachrich,Guilherme Vasconcelos,7/5/14,"Las Vegas, Nevada, USA",Red,Middleweight,U-DEC,None,3,Luke Zachrich,Guilherme Vasconcelos
Cub Swanson,Jeremy Stephens,6/28/14,"San Antonio, Texas, USA",Red,Featherweight,U-DEC,None,5,Cub Swanson,Jeremy Stephens
Kelvin Gastelum,Nico Musoke,6/28/14,"San Antonio, Texas, USA",Red,Welterweight,,None,,Kelvin Gastelum,Nico Musoke
Cezar Ferreira,Andrew Craig,6/28/14,"San Antonio, Texas, USA",Red,Middleweight,U-DEC,None,3,Cezar Ferreira,Andrew Craig
Ricardo Lamas,Hacran Dias,6/28/14,"San Antonio, Texas, USA",Red,Featherweight,U-DEC,None,3,Ricardo Lamas,Hacran Dias
Clint Hester,Antonio Braga Neto,6/28/14,"San Antonio, Texas, USA",Red,Middleweight,S-DEC,None,3,Clint Hester,Antonio Braga Neto
Joe Ellenberger,James Moontasri,6/28/14,"San Antonio, Texas, USA",Red,Lightweight,S-DEC,None,3,Joe Ellenberger,James Moontasri
Colton Smith,Diego Ferreira,6/28/14,"San Antonio, Texas, USA",Blue,Lightweight,SUB,Rear Naked Choke,1,Diego Ferreira,Colton Smith
Johnny Bedford,Cody Gibson,6/28/14,"San Antonio, Texas, USA",Blue,Bantamweight,KO/TKO,Punch,1,Cody Gibson,Johnny Bedford
Marcelo Guimaraes,Andy Enz,6/28/14,"San Antonio, Texas, USA",Red,Middleweight,S-DEC,None,3,Marcelo Guimaraes,Andy Enz
Ray Borg,Shane Howell,6/28/14,"San Antonio, Texas, USA",Red,Flyweight,SUB,Rear Naked Choke,1,Ray Borg,Shane Howell
Aleksei Oleinik,Anthony Hamilton,6/28/14,"San Antonio, Texas, USA",Red,Heavyweight,SUB,Neck Crank,1,Aleksei Oleinik,Anthony Hamilton
James Te Huna,Nate Marquardt,6/28/14,"Auckland, New Zealand",Blue,Middleweight,SUB,Armbar,1,Nate Marquardt,James Te Huna
Soa Palelei,Jared Rosholt,6/28/14,"Auckland, New Zealand",Blue,Heavyweight,U-DEC,None,3,Jared Rosholt,Soa Palelei
Hatsu Hioki,Charles Oliveira,6/28/14,"Auckland, New Zealand",Blue,Featherweight,SUB,Anaconda Choke,2,Charles Oliveira,Hatsu Hioki
Robert Whittaker,Mike Rhodes,6/28/14,"Auckland, New Zealand",Red,Welterweight,U-DEC,None,3,Robert Whittaker,Mike Rhodes
Jake Matthews,Dashon Johnson,6/28/14,"Auckland, New Zealand",Red,Lightweight,SUB,Triangle Choke,3,Jake Matthews,Dashon Johnson
Richie Vaculik,Roldan Sangcha-an,6/28/14,"Auckland, New Zealand",Red,Flyweight,,None,,Richie Vaculik,Roldan Sangcha-an
Chris Indich,Vik Grujic,6/28/14,"Auckland, New Zealand",Blue,Welterweight,KO/TKO,Punch,1,Vik Grujic,Chris Indich
Neil Magny,Rodrigo de Lima,6/28/14,"Auckland, New Zealand",Red,Welterweight,KO/TKO,Punch,2,Neil Magny,Rodrigo de Lima
Dan Hooker,Ian Entwistle,6/28/14,"Auckland, New Zealand",Red,Featherweight,KO/TKO,Elbows,1,Dan Hooker,Ian Entwistle
Gian Villante,Sean O'Connell,6/28/14,"Auckland, New Zealand",Red,Light Heavyweight,S-DEC,None,3,Gian Villante,Sean O'Connell
Demetrious Johnson,Ali Bagautinov,6/14/14,"Vancouver, British Columbia, Canada",Red,Flyweight,U-DEC,None,5,Demetrious Johnson,Ali Bagautinov
Rory MacDonald,Tyron Woodley,6/14/14,"Vancouver, British Columbia, Canada",Red,Welterweight,U-DEC,None,3,Rory MacDonald,Tyron Woodley
Ryan Bader,Rafael Feijao,6/14/14,"Vancouver, British Columbia, Canada",Red,Light Heavyweight,,None,,Ryan Bader,Rafael Feijao
Andrei Arlovski,Brendan Schaub,6/14/14,"Vancouver, British Columbia, Canada",Red,Heavyweight,S-DEC,None,3,Andrei Arlovski,Brendan Schaub
Ovince Saint Preux,Ryan Jimmo,6/14/14,"Vancouver, British Columbia, Canada",Red,Light Heavyweight,KO/TKO,None,2,Ovince Saint Preux,Ryan Jimmo
Daniel Sarafian,Kiichi Kunimoto,6/14/14,"Vancouver, British Columbia, Canada",Blue,Welterweight,SUB,Rear Naked Choke,1,Kiichi Kunimoto,Daniel Sarafian
Valerie Letourneau,Elizabeth Phillips,6/14/14,"Vancouver, British Columbia, Canada",Red,Women's Bantamweight,S-DEC,None,3,Valerie Letourneau,Elizabeth Phillips
Yves Jabouin,Mike Easton,6/14/14,"Vancouver, British Columbia, Canada",Red,Bantamweight,U-DEC,None,3,Yves Jabouin,Mike Easton
Kajan Johnson,Tae Hyun Bang,6/14/14,"Vancouver, British Columbia, Canada",Blue,Lightweight,KO/TKO,Punch,3,Tae Hyun Bang,Kajan Johnson
Roland Delorme,Michinori Tanaka,6/14/14,"Vancouver, British Columbia, Canada",Blue,Bantamweight,U-DEC,None,3,Michinori Tanaka,Roland Delorme
Jason Saggo,Josh Shockley,6/14/14,"Vancouver, British Columbia, Canada",Red,Lightweight,KO/TKO,Punches,1,Jason Saggo,Josh Shockley
Benson Henderson,Rustam Khabilov,6/7/14,"Albuquerque, New Mexico, USA",Red,Lightweight,SUB,Rear Naked Choke,4,Benson Henderson,Rustam Khabilov
Diego Sanchez,Ross Pearson,6/7/14,"Albuquerque, New Mexico, USA",Red,Lightweight,S-DEC,None,3,Diego Sanchez,Ross Pearson
John Dodson,John Moraga,6/7/14,"Albuquerque, New Mexico, USA",Red,Flyweight,KO/TKO,None,2,John Dodson,John Moraga
Rafael Dos Anjos,Jason High,6/7/14,"Albuquerque, New Mexico, USA",Red,Lightweight,KO/TKO,Punch,2,Rafael Dos Anjos,Jason High
Yves Edwards,Piotr Hallmann,6/7/14,"Albuquerque, New Mexico, USA",Blue,Lightweight,SUB,Rear Naked Choke,3,Piotr Hallmann,Yves Edwards
Erik Perez,Bryan Caraway,6/7/14,"Albuquerque, New Mexico, USA",Blue,Bantamweight,SUB,Rear Naked Choke,2,Bryan Caraway,Erik Perez
Yaotzin Meza,Sergio Pettis,6/7/14,"Albuquerque, New Mexico, USA",Blue,Bantamweight,U-DEC,None,3,Sergio Pettis,Yaotzin Meza
Bobby Voelker,Lance Benoist,6/7/14,"Albuquerque, New Mexico, USA",Blue,Welterweight,U-DEC,None,3,Lance Benoist,Bobby Voelker
Scott Jorgensen,Danny Martinez,6/7/14,"Albuquerque, New Mexico, USA",Red,Flyweight,U-DEC,None,3,Scott Jorgensen,Danny Martinez
Jon Tuck,Jake Lindsey,6/7/14,"Albuquerque, New Mexico, USA",Red,Lightweight,KO/TKO,Kick,3,Jon Tuck,Jake Lindsey
Patrick Cummins,Roger Narvaez,6/7/14,"Albuquerque, New Mexico, USA",Red,Light Heavyweight,KO/TKO,Punches,2,Patrick Cummins,Roger Narvaez
Stipe Miocic,Fabio Maldonado,5/31/14,"Sao Paulo, Brazil",Red,Heavyweight,KO/TKO,Punch,1,Stipe Miocic,Fabio Maldonado
Vitor Miranda,Antonio Carlos Junior,5/31/14,"Sao Paulo, Brazil",Blue,Heavyweight,U-DEC,None,3,Antonio Carlos Junior,Vitor Miranda
Marcio Alexandre Junior,Warlley Alves,5/31/14,"Sao Paulo, Brazil",Blue,Middleweight,SUB,Guillotine Choke,3,Warlley Alves,Marcio Alexandre Junior
Demian Maia,Alexander Yakovlev,5/31/14,"Sao Paulo, Brazil",Red,Welterweight,U-DEC,None,3,Demian Maia,Alexander Yakovlev
Rony Jason,Robert Peralta,5/31/14,"Sao Paulo, Brazil",Blue,Featherweight,S-DEC,None,3,Robert Peralta,Rony Jason
Rodrigo Damm,Rashid Magomedov,5/31/14,"Sao Paulo, Brazil",Blue,Lightweight,U-DEC,None,3,Rashid Magomedov,Rodrigo Damm
Elias Silverio,Ernest Chavez,5/31/14,"Sao Paulo, Brazil",Red,Lightweight,SUB,Rear Naked Choke,3,Elias Silverio,Ernest Chavez
Paulo Thiago,Gasan Umalatov,5/31/14,"Sao Paulo, Brazil",Blue,Welterweight,U-DEC,None,3,Gasan Umalatov,Paulo Thiago
Kevin Souza,Mark Eddiva,5/31/14,"Sao Paulo, Brazil",Red,Featherweight,,None,,Kevin Souza,Mark Eddiva
Ricardo Abreu,Wagner Silva,5/31/14,"Sao Paulo, Brazil",Red,Middleweight,SUB,Rear Naked Choke,2,Ricardo Abreu,Wagner Silva
Marcos Rogerio de Lima,Richardson Moreira,5/31/14,"Sao Paulo, Brazil",Red,Heavyweight,KO/TKO,Punch,1,Marcos Rogerio de Lima,Richardson Moreira
Pedro Munhoz,Matt Hobar,5/31/14,"Sao Paulo, Brazil",Red,Bantamweight,KO/TKO,Punches,1,Pedro Munhoz,Matt Hobar
Mark Munoz,Gegard Mousasi,5/31/14,"Berlin, Germany",Blue,Middleweight,SUB,Rear Naked Choke,1,Gegard Mousasi,Mark Munoz
Francis Carmont,CB Dollaway,5/31/14,"Berlin, Germany",Blue,Middleweight,U-DEC,None,3,CB Dollaway,Francis Carmont
Luke Barnatt,Sean Strickland,5/31/14,"Berlin, Germany",Blue,Middleweight,S-DEC,None,3,Sean Strickland,Luke Barnatt
Tom Niinimaki,Niklas Backstrom,5/31/14,"Berlin, Germany",Blue,Featherweight,SUB,Rear Naked Choke,1,Niklas Backstrom,Tom Niinimaki
Nick Hein,Drew Dober,5/31/14,"Berlin, Germany",Red,Lightweight,U-DEC,None,3,Nick Hein,Drew Dober
Magnus Cedenblad,Krzysztof Jotko,5/31/14,"Berlin, Germany",Red,Middleweight,SUB,Guillotine Choke,2,Magnus Cedenblad,Krzysztof Jotko
Vaughan Lee,Iuri Alcantara,5/31/14,"Berlin, Germany",Blue,Bantamweight,KO/TKO,Punch,1,Iuri Alcantara,Vaughan Lee
Peter Sobotta,Pawel Pawlak,5/31/14,"Berlin, Germany",Red,Welterweight,U-DEC,None,3,Peter Sobotta,Pawel Pawlak
Andy Ogle,Maximo Blanco,5/31/14,"Berlin, Germany",Blue,Featherweight,U-DEC,None,3,Maximo Blanco,Andy Ogle
Viktor Pesta,Ruslan Magomedov,5/31/14,"Berlin, Germany",Blue,Heavyweight,U-DEC,None,3,Ruslan Magomedov,Viktor Pesta
Renan Barao,TJ Dillashaw,5/24/14,"Las Vegas, Nevada, USA",Blue,Bantamweight,KO/TKO,Punches,5,TJ Dillashaw,Renan Barao
Daniel Cormier,Dan Henderson,5/24/14,"Las Vegas, Nevada, USA",Red,Light Heavyweight,SUB,Rear Naked Choke,3,Daniel Cormier,Dan Henderson
Robbie Lawler,Jake Ellenberger,5/24/14,"Las Vegas, Nevada, USA",Red,Welterweight,KO/TKO,Knee,3,Robbie Lawler,Jake Ellenberger
Takeya Mizugaki,Francisco Rivera,5/24/14,"Las Vegas, Nevada, USA",Red,Bantamweight,U-DEC,None,3,Takeya Mizugaki,Francisco Rivera
Jamie Varner,James Krause,5/24/14,"Las Vegas, Nevada, USA",Blue,Lightweight,KO/TKO,None,1,James Krause,Jamie Varner
Michael Chiesa,Francisco Trinaldo,5/24/14,"Las Vegas, Nevada, USA",Red,Lightweight,U-DEC,None,3,Michael Chiesa,Francisco Trinaldo
Tony Ferguson,Katsunori Kikuno,5/24/14,"Las Vegas, Nevada, USA",Red,Lightweight,KO/TKO,Punch,1,Tony Ferguson,Katsunori Kikuno
Chris Holdsworth,Chico Camus,5/24/14,"Las Vegas, Nevada, USA",Red,Bantamweight,U-DEC,None,3,Chris Holdsworth,Chico Camus
Al Iaquinta,Mitch Clarke,5/24/14,"Las Vegas, Nevada, USA",Blue,Lightweight,SUB,D'Arce Choke,2,Mitch Clarke,Al Iaquinta
Anthony Njokuani,Vinc Pichel,5/24/14,"Las Vegas, Nevada, USA",Blue,Lightweight,U-DEC,None,3,Vinc Pichel,Anthony Njokuani
Sam Sicilia,Aaron Phillips,5/24/14,"Las Vegas, Nevada, USA",Red,Featherweight,U-DEC,None,3,Sam Sicilia,Aaron Phillips
David Michaud,Li Jingliang,5/24/14,"Las Vegas, Nevada, USA",Blue,Welterweight,,None,,Li Jingliang,David Michaud
Matt Brown,Erick Silva,5/10/14,"Cincinnati, Ohio, USA",Red,Welterweight,KO/TKO,Punches,3,Matt Brown,Erick Silva
Costas Philippou,Lorenz Larkin,5/10/14,"Cincinnati, Ohio, USA",Red,Middleweight,,None,,Costas Philippou,Lorenz Larkin
Erik Koch,Daron Cruickshank,5/10/14,"Cincinnati, Ohio, USA",Blue,Lightweight,KO/TKO,Kick,1,Daron Cruickshank,Erik Koch
Neil Magny,Tim Means,5/10/14,"Cincinnati, Ohio, USA",Red,Welterweight,U-DEC,None,3,Neil Magny,Tim Means
Soa Palelei,Ruan Potts,5/10/14,"Cincinnati, Ohio, USA",Red,Heavyweight,KO/TKO,Punch,1,Soa Palelei,Ruan Potts
Chris Cariaso,Louis Smolka,5/10/14,"Cincinnati, Ohio, USA",Red,Flyweight,S-DEC,None,3,Chris Cariaso,Louis Smolka
Ed Herman,Rafael Natal,5/10/14,"Cincinnati, Ohio, USA",Red,Middleweight,U-DEC,None,3,Ed Herman,Rafael Natal
Kyoji Horiguchi,Darrell Montague,5/10/14,"Cincinnati, Ohio, USA",Red,Flyweight,U-DEC,None,3,Kyoji Horiguchi,Darrell Montague
Yan Cabral,Zak Cummings,5/10/14,"Cincinnati, Ohio, USA",Blue,Welterweight,U-DEC,None,3,Zak Cummings,Yan Cabral
Eddie Wineland,Johnny Eduardo,5/10/14,"Cincinnati, Ohio, USA",Blue,Bantamweight,KO/TKO,Punch,1,Johnny Eduardo,Eddie Wineland
Manvel Gamburyan,Nik Lentz,5/10/14,"Cincinnati, Ohio, USA",Blue,Featherweight,U-DEC,None,3,Nik Lentz,Manvel Gamburyan
Justin Salas,Ben Wall,5/10/14,"Cincinnati, Ohio, USA",Red,Lightweight,KO/TKO,Punch,1,Justin Salas,Ben Wall
Anthony Lapsley,Albert Tumenov,5/10/14,"Cincinnati, Ohio, USA",Blue,Welterweight,KO/TKO,Punch,1,Albert Tumenov,Anthony Lapsley
Jon Jones,Glover Teixeira,4/26/14,"Baltimore, Maryland, USA",Red,Light Heavyweight,U-DEC,None,5,Jon Jones,Glover Teixeira
Phil Davis,Anthony Johnson,4/26/14,"Baltimore, Maryland, USA",Blue,Light Heavyweight,U-DEC,None,3,Anthony Johnson,Phil Davis
Luke Rockhold,Tim Boetsch,4/26/14,"Baltimore, Maryland, USA",Red,Middleweight,SUB,Kimura,1,Luke Rockhold,Tim Boetsch
Jim Miller,Yancy Medeiros,4/26/14,"Baltimore, Maryland, USA",Red,Lightweight,SUB,Guillotine Choke,1,Jim Miller,Yancy Medeiros
Max Holloway,Andre Fili,4/26/14,"Baltimore, Maryland, USA",Red,Featherweight,SUB,Guillotine Choke,3,Max Holloway,Andre Fili
Joseph Benavidez,Tim Elliott,4/26/14,"Baltimore, Maryland, USA",Red,Flyweight,SUB,Guillotine Choke,1,Joseph Benavidez,Tim Elliott
Takanori Gomi,Isaac Vallie-Flagg,4/26/14,"Baltimore, Maryland, USA",Red,Lightweight,U-DEC,None,3,Takanori Gomi,Isaac Vallie-Flagg
Jessamyn Duke,Bethe Correia,4/26/14,"Baltimore, Maryland, USA",Blue,Women's Bantamweight,U-DEC,None,3,Bethe Correia,Jessamyn Duke
Danny Castillo,Charlie Brenneman,4/26/14,"Baltimore, Maryland, USA",Red,Lightweight,KO/TKO,Punch,2,Danny Castillo,Charlie Brenneman
Chris Beal,Patrick Williams,4/26/14,"Baltimore, Maryland, USA",Red,Bantamweight,KO/TKO,Flying Knee,2,Chris Beal,Patrick Williams
Fabricio Werdum,Travis Browne,4/19/14,"Orlando, Florida, USA",Red,Heavyweight,U-DEC,None,5,Fabricio Werdum,Travis Browne
Miesha Tate,Liz Carmouche,4/19/14,"Orlando, Florida, USA",Red,Women's Bantamweight,U-DEC,None,3,Miesha Tate,Liz Carmouche
Donald Cerrone,Edson Barboza,4/19/14,"Orlando, Florida, USA",Red,Lightweight,SUB,Rear Naked Choke,1,Donald Cerrone,Edson Barboza
Brad Tavares,Yoel Romero,4/19/14,"Orlando, Florida, USA",Blue,Middleweight,U-DEC,None,3,Yoel Romero,Brad Tavares
Rafael Dos Anjos,Khabib Nurmagomedov,4/19/14,"Orlando, Florida, USA",Blue,Lightweight,U-DEC,None,3,Khabib Nurmagomedov,Rafael Dos Anjos
Thiago Alves,Seth Baczynski,4/19/14,"Orlando, Florida, USA",Red,Welterweight,U-DEC,None,3,Thiago Alves,Seth Baczynski
Jorge Masvidal,Pat Healy,4/19/14,"Orlando, Florida, USA",Red,Lightweight,U-DEC,None,3,Jorge Masvidal,Pat Healy
Estevan Payan,Alex White,4/19/14,"Orlando, Florida, USA",Blue,Featherweight,KO/TKO,Punch,1,Alex White,Estevan Payan
Caio Magalhaes,Luke Zachrich,4/19/14,"Orlando, Florida, USA",Red,Middleweight,KO/TKO,Punch,1,Caio Magalhaes,Luke Zachrich
Jordan Mein,Hernani Perpetuo,4/19/14,"Orlando, Florida, USA",Red,Welterweight,S-DEC,None,3,Jordan Mein,Hernani Perpetuo
Dustin Ortiz,Ray Borg,4/19/14,"Orlando, Florida, USA",Red,Flyweight,S-DEC,None,3,Dustin Ortiz,Ray Borg
Mirsad Bektic,Chas Skelly,4/19/14,"Orlando, Florida, USA",Red,Featherweight,M-DEC,None,3,Mirsad Bektic,Chas Skelly
Derrick Lewis,Jack May,4/19/14,"Orlando, Florida, USA",Red,Heavyweight,KO/TKO,Punches,1,Derrick Lewis,Jack May
Michael Bisping,Tim Kennedy,4/16/14,"Quebec City, Quebec, Canada",Blue,Middleweight,U-DEC,None,5,Tim Kennedy,Michael Bisping
Patrick Cote,Kyle Noke,4/16/14,"Quebec City, Quebec, Canada",Red,Welterweight,U-DEC,None,3,Patrick Cote,Kyle Noke
Sheldon Westcott,Elias Theodorou,4/16/14,"Quebec City, Quebec, Canada",Blue,Middleweight,KO/TKO,Elbows,2,Elias Theodorou,Sheldon Westcott
Chad Laprise,Olivier Aubin-Mercier,4/16/14,"Quebec City, Quebec, Canada",Red,Welterweight,S-DEC,None,3,Chad Laprise,Olivier Aubin-Mercier
Dustin Poirier,Akira Corassani,4/16/14,"Quebec City, Quebec, Canada",Red,Featherweight,KO/TKO,Punch,2,Dustin Poirier,Akira Corassani
Sam Stout,KJ Noons,4/16/14,"Quebec City, Quebec, Canada",Blue,Welterweight,KO/TKO,Punch,1,KJ Noons,Sam Stout
Sarah Kaufman,Leslie Smith,4/16/14,"Quebec City, Quebec, Canada",Red,Women's Bantamweight,U-DEC,None,3,Sarah Kaufman,Leslie Smith
Ryan Jimmo,Sean O'Connell,4/16/14,"Quebec City, Quebec, Canada",Red,Light Heavyweight,KO/TKO,Punch,1,Ryan Jimmo,Sean O'Connell
George Roop,Dustin Kimura,4/16/14,"Quebec City, Quebec, Canada",Red,Bantamweight,U-DEC,None,3,George Roop,Dustin Kimura
Mark Bocek,Mike de la Torre,4/16/14,"Quebec City, Quebec, Canada",Red,Lightweight,S-DEC,None,3,Mark Bocek,Mike de la Torre
Nordine Taleb,Vik Grujic,4/16/14,"Quebec City, Quebec, Canada",Red,Middleweight,U-DEC,None,3,Nordine Taleb,Vik Grujic
Richard Walsh,Chris Indich,4/16/14,"Quebec City, Quebec, Canada",Red,Welterweight,U-DEC,None,3,Richard Walsh,Chris Indich
Mitch Gagnon,Tim Gorman,4/16/14,"Quebec City, Quebec, Canada",Red,Bantamweight,U-DEC,None,3,Mitch Gagnon,Tim Gorman
Minotauro Nogueira,Roy Nelson,4/11/14,"Abu Dhabi, United Arab Emirates",Blue,Heavyweight,,None,,Roy Nelson,Minotauro Nogueira
Clay Guida,Tatsuya Kawajiri,4/11/14,"Abu Dhabi, United Arab Emirates",Red,Featherweight,U-DEC,None,3,Clay Guida,Tatsuya Kawajiri
John Howard,Ryan LaFlare,4/11/14,"Abu Dhabi, United Arab Emirates",Blue,Welterweight,U-DEC,None,3,Ryan LaFlare,John Howard
Ramsey Nijem,Beneil Dariush,4/11/14,"Abu Dhabi, United Arab Emirates",Red,Lightweight,KO/TKO,Punches,1,Ramsey Nijem,Beneil Dariush
Jared Rosholt,Daniel Omielanczuk,4/11/14,"Abu Dhabi, United Arab Emirates",Red,Heavyweight,U-DEC,None,3,Jared Rosholt,Daniel Omielanczuk
Thales Leites,Trevor Smith,4/11/14,"Abu Dhabi, United Arab Emirates",Red,Middleweight,KO/TKO,Punch,1,Thales Leites,Trevor Smith
Alan Omer,Jim Alers,4/11/14,"Abu Dhabi, United Arab Emirates",Blue,Featherweight,S-DEC,None,3,Jim Alers,Alan Omer
Mauricio Rua,Dan Henderson,3/23/14,"Natal, Rio Grande do Norte, Brazil",Blue,Light Heavyweight,KO/TKO,Punch,3,Dan Henderson,Mauricio Rua
Cezar Ferreira,CB Dollaway,3/23/14,"Natal, Rio Grande do Norte, Brazil",Blue,Middleweight,KO/TKO,Punch,1,CB Dollaway,Cezar Ferreira
Fabio Maldonado,Gian Villante,3/23/14,"Natal, Rio Grande do Norte, Brazil",Red,Light Heavyweight,U-DEC,None,3,Fabio Maldonado,Gian Villante
Michel Prazeres,Mairbek Taisumov,3/23/14,"Natal, Rio Grande do Norte, Brazil",Red,Lightweight,U-DEC,None,3,Michel Prazeres,Mairbek Taisumov
Rony Jason,Steven Siler,3/23/14,"Natal, Rio Grande do Norte, Brazil",Red,Featherweight,KO/TKO,Punch,1,Rony Jason,Steven Siler
Ronny Markes,Thiago Santos,3/23/14,"Natal, Rio Grande do Norte, Brazil",Blue,Middleweight,KO/TKO,Kick,1,Thiago Santos,Ronny Markes
Jussier Formiga,Scott Jorgensen,3/23/14,"Natal, Rio Grande do Norte, Brazil",Red,Flyweight,SUB,Rear Naked Choke,1,Jussier Formiga,Scott Jorgensen
Thiago Perpetuo,Kenny Robertson,3/23/14,"Natal, Rio Grande do Norte, Brazil",Blue,Welterweight,SUB,Rear Naked Choke,1,Kenny Robertson,Thiago Perpetuo
Francimar Barroso,Hans Stringer,3/23/14,"Natal, Rio Grande do Norte, Brazil",Blue,Light Heavyweight,S-DEC,None,3,Hans Stringer,Francimar Barroso
Godofredo Pepey,Noad Lahat,3/23/14,"Natal, Rio Grande do Norte, Brazil",Red,Featherweight,KO/TKO,Flying Knee,1,Godofredo Pepey,Noad Lahat
Johny Hendricks,Robbie Lawler,3/15/14,"Dallas, Texas, USA",Red,Welterweight,U-DEC,None,5,Johny Hendricks,Robbie Lawler
Carlos Condit,Tyron Woodley,3/15/14,"Dallas, Texas, USA",Blue,Welterweight,KO/TKO,None,2,Tyron Woodley,Carlos Condit
Diego Sanchez,Myles Jury,3/15/14,"Dallas, Texas, USA",Blue,Lightweight,U-DEC,None,3,Myles Jury,Diego Sanchez
Jake Shields,Hector Lombard,3/15/14,"Dallas, Texas, USA",Blue,Welterweight,U-DEC,None,3,Hector Lombard,Jake Shields
Ovince Saint Preux,Nikita Krylov,3/15/14,"Dallas, Texas, USA",Red,Light Heavyweight,SUB,Other - Choke,1,Ovince Saint Preux,Nikita Krylov
Kelvin Gastelum,Rick Story,3/15/14,"Dallas, Texas, USA",Red,Welterweight,S-DEC,None,3,Kelvin Gastelum,Rick Story
Raquel Pennington,Jessica Andrade,3/15/14,"Dallas, Texas, USA",Blue,Women's Bantamweight,S-DEC,None,3,Jessica Andrade,Raquel Pennington
Dennis Bermudez,Jimy Hettes,3/15/14,"Dallas, Texas, USA",Red,Featherweight,KO/TKO,Knee,3,Dennis Bermudez,Jimy Hettes
Sean Spencer,Alex Garcia,3/15/14,"Dallas, Texas, USA",Blue,Welterweight,S-DEC,None,3,Alex Garcia,Sean Spencer
Renee Forte,Francisco Trevino,3/15/14,"Dallas, Texas, USA",Blue,Lightweight,U-DEC,None,3,Francisco Trevino,Renee Forte
Will Campuzano,Justin Scoggins,3/15/14,"Dallas, Texas, USA",Blue,Flyweight,U-DEC,None,3,Justin Scoggins,Will Campuzano
Bubba McDaniel,Sean Strickland,3/15/14,"Dallas, Texas, USA",Blue,Middleweight,,None,,Sean Strickland,Bubba McDaniel
Daniel Pineda,Rob Whiteford,3/15/14,"Dallas, Texas, USA",Blue,Featherweight,,None,,Rob Whiteford,Daniel Pineda
Alexander Gustafsson,Jimi Manuwa,3/8/14,"London, England, United Kingdom",Red,Light Heavyweight,KO/TKO,Knee,2,Alexander Gustafsson,Jimi Manuwa
Michael Johnson,Melvin Guillard,3/8/14,"London, England, United Kingdom",Red,Lightweight,U-DEC,None,3,Michael Johnson,Melvin Guillard
Brad Pickett,Neil Seery,3/8/14,"London, England, United Kingdom",Red,Flyweight,U-DEC,None,3,Brad Pickett,Neil Seery
Gunnar Nelson,Omari Akhmedov,3/8/14,"London, England, United Kingdom",Red,Welterweight,SUB,Guillotine Choke,1,Gunnar Nelson,Omari Akhmedov
Cyrille Diabate,Ilir Latifi,3/8/14,"London, England, United Kingdom",Blue,Light Heavyweight,SUB,Guillotine Choke,1,Ilir Latifi,Cyrille Diabate
Luke Barnatt,Mats Nilsson,3/8/14,"London, England, United Kingdom",Red,Middleweight,KO/TKO,Kick,1,Luke Barnatt,Mats Nilsson
Bradley Scott,Claudio Silva,3/8/14,"London, England, United Kingdom",Blue,Middleweight,,None,,Claudio Silva,Bradley Scott
Igor Araujo,Danny Mitchell,3/8/14,"London, England, United Kingdom",Red,Welterweight,U-DEC,None,3,Igor Araujo,Danny Mitchell
Dong Hyun Kim,John Hathaway,3/1/14,"Macau, China",Red,Welterweight,KO/TKO,Elbow,3,Dong Hyun Kim,John Hathaway
Sai Wang,Zhang Lipeng,3/1/14,"Macau, China",Blue,Welterweight,,None,,Zhang Lipeng,Sai Wang
Matt Mitrione,Shawn Jordan,3/1/14,"Macau, China",Red,Heavyweight,KO/TKO,Punch,1,Matt Mitrione,Shawn Jordan
Hatsu Hioki,Ivan Menjivar,3/1/14,"Macau, China",Red,Featherweight,U-DEC,None,3,Hatsu Hioki,Ivan Menjivar
Kazuki Tokudome,Yui Chul Nam,3/1/14,"Macau, China",Blue,Lightweight,S-DEC,None,3,Yui Chul Nam,Kazuki Tokudome
Nam Phan,Vaughan Lee,3/1/14,"Macau, China",Blue,Bantamweight,U-DEC,None,3,Vaughan Lee,Nam Phan
Albert Cheng,An Ying Wang,3/1/14,"Macau, China",Blue,Welterweight,,None,,An Ying Wang,Albert Cheng
Jumabieke Tuerxun,Mark Eddiva,3/1/14,"Macau, China",Blue,Featherweight,U-DEC,None,3,Mark Eddiva,Jumabieke Tuerxun
Ronda Rousey,Sara McMann,2/22/14,"Las Vegas, Nevada, USA",Red,Women's Bantamweight,KO/TKO,Knee,1,Ronda Rousey,Sara McMann
Daniel Cormier,Patrick Cummins,2/22/14,"Las Vegas, Nevada, USA",Red,Light Heavyweight,KO/TKO,Punch,1,Daniel Cormier,Patrick Cummins
Rory MacDonald,Demian Maia,2/22/14,"Las Vegas, Nevada, USA",Red,Welterweight,U-DEC,None,3,Rory MacDonald,Demian Maia
Mike Pyle,TJ Waldburger,2/22/14,"Las Vegas, Nevada, USA",Red,Welterweight,KO/TKO,Elbows,3,Mike Pyle,TJ Waldburger
Robert Whittaker,Stephen Thompson,2/22/14,"Las Vegas, Nevada, USA",Blue,Welterweight,KO/TKO,Punches,1,Stephen Thompson,Robert Whittaker
Alexis Davis,Jessica Eye,2/22/14,"Las Vegas, Nevada, USA",Red,Women's Bantamweight,S-DEC,None,3,Alexis Davis,Jessica Eye
Raphael Assuncao,Pedro Munhoz,2/22/14,"Las Vegas, Nevada, USA",Red,Bantamweight,U-DEC,None,3,Raphael Assuncao,Pedro Munhoz
Cody Gibson,Aljamain Sterling,2/22/14,"Las Vegas, Nevada, USA",Blue,Bantamweight,U-DEC,None,3,Aljamain Sterling,Cody Gibson
Zach Makovsky,Joshua Sampo,2/22/14,"Las Vegas, Nevada, USA",Red,Flyweight,,None,,Zach Makovsky,Joshua Sampo
Rafaello Oliveira,Erik Koch,2/22/14,"Las Vegas, Nevada, USA",Blue,Lightweight,KO/TKO,Punches,1,Erik Koch,Rafaello Oliveira
Ernest Chavez,Yosdenis Cedeno,2/22/14,"Las Vegas, Nevada, USA",Red,Lightweight,S-DEC,None,3,Ernest Chavez,Yosdenis Cedeno
Lyoto Machida,Gegard Mousasi,2/15/14,"Jaragua do Sul, Santa Catarina, Brazil",Red,Middleweight,U-DEC,None,5,Lyoto Machida,Gegard Mousasi
Jacare Souza,Francis Carmont,2/15/14,"Jaragua do Sul, Santa Catarina, Brazil",Red,Middleweight,U-DEC,None,3,Jacare Souza,Francis Carmont
Erick Silva,Takenori Sato,2/15/14,"Jaragua do Sul, Santa Catarina, Brazil",Red,Welterweight,KO/TKO,Punches,1,Erick Silva,Takenori Sato
Viscardi Andrade,Nico Musoke,2/15/14,"Jaragua do Sul, Santa Catarina, Brazil",Blue,Welterweight,,None,,Nico Musoke,Viscardi Andrade
Charles Oliveira,Andy Ogle,2/15/14,"Jaragua do Sul, Santa Catarina, Brazil",Red,Featherweight,SUB,Triangle Choke,3,Charles Oliveira,Andy Ogle
Cristiano Marcello,Joe Proctor,2/15/14,"Jaragua do Sul, Santa Catarina, Brazil",Blue,Lightweight,U-DEC,None,3,Joe Proctor,Cristiano Marcello
Rodrigo Damm,Ivan Jorge,2/15/14,"Jaragua do Sul, Santa Catarina, Brazil",Red,Lightweight,U-DEC,None,3,Rodrigo Damm,Ivan Jorge
Francisco Trinaldo,Jesse Ronson,2/15/14,"Jaragua do Sul, Santa Catarina, Brazil",Red,Lightweight,S-DEC,None,3,Francisco Trinaldo,Jesse Ronson
Iuri Alcantara,Wilson Reis,2/15/14,"Jaragua do Sul, Santa Catarina, Brazil",Red,Bantamweight,S-DEC,None,3,Iuri Alcantara,Wilson Reis
Felipe Arantes,Maximo Blanco,2/15/14,"Jaragua do Sul, Santa Catarina, Brazil",Red,Featherweight,U-DEC,None,3,Felipe Arantes,Maximo Blanco
Ildemar Alcantara,Albert Tumenov,2/15/14,"Jaragua do Sul, Santa Catarina, Brazil",Red,Welterweight,S-DEC,None,3,Ildemar Alcantara,Albert Tumenov
Douglas Silva de Andrade,Zubaira Tukhugov,2/15/14,"Jaragua do Sul, Santa Catarina, Brazil",Blue,Featherweight,U-DEC,None,3,Zubaira Tukhugov,Douglas Silva de Andrade
Renan Barao,Urijah Faber,2/1/14,"Newark, New Jersey, USA",Red,Bantamweight,KO/TKO,Punch,1,Renan Barao,Urijah Faber
Jose Aldo,Ricardo Lamas,2/1/14,"Newark, New Jersey, USA",Red,Featherweight,U-DEC,None,5,Jose Aldo,Ricardo Lamas
Frank Mir,Alistair Overeem,2/1/14,"Newark, New Jersey, USA",Blue,Heavyweight,U-DEC,None,3,Alistair Overeem,Frank Mir
John Lineker,Ali Bagautinov,2/1/14,"Newark, New Jersey, USA",Blue,Flyweight,U-DEC,None,3,Ali Bagautinov,John Lineker
Jamie Varner,Abel Trujillo,2/1/14,"Newark, New Jersey, USA",Blue,Lightweight,KO/TKO,Punch,2,Abel Trujillo,Jamie Varner
John Makdessi,Alan Patrick,2/1/14,"Newark, New Jersey, USA",Blue,Lightweight,U-DEC,None,3,Alan Patrick,John Makdessi
Chris Cariaso,Danny Martinez,2/1/14,"Newark, New Jersey, USA",Red,Flyweight,U-DEC,None,3,Chris Cariaso,Danny Martinez
Nick Catone,Tom Watson,2/1/14,"Newark, New Jersey, USA",Red,Middleweight,S-DEC,None,3,Nick Catone,Tom Watson
Al Iaquinta,Kevin Lee,2/1/14,"Newark, New Jersey, USA",Red,Lightweight,U-DEC,None,3,Al Iaquinta,Kevin Lee
Clint Hester,Andy Enz,2/1/14,"Newark, New Jersey, USA",Red,Middleweight,U-DEC,None,3,Clint Hester,Andy Enz
Anthony Rocco Martin,Rashid Magomedov,2/1/14,"Newark, New Jersey, USA",Blue,Lightweight,U-DEC,None,3,Rashid Magomedov,Anthony Rocco Martin
Neil Magny,Gasan Umalatov,2/1/14,"Newark, New Jersey, USA",Red,Welterweight,U-DEC,None,3,Neil Magny,Gasan Umalatov
Benson Henderson,Josh Thomson,1/25/14,"Chicago, Illinois, USA",Red,Lightweight,S-DEC,None,5,Benson Henderson,Josh Thomson
Stipe Miocic,Gabriel Gonzaga,1/25/14,"Chicago, Illinois, USA",Red,Heavyweight,U-DEC,None,3,Stipe Miocic,Gabriel Gonzaga
Donald Cerrone,Adriano Martins,1/25/14,"Chicago, Illinois, USA",Red,Lightweight,KO/TKO,Kick,1,Donald Cerrone,Adriano Martins
Darren Elkins,Jeremy Stephens,1/25/14,"Chicago, Illinois, USA",Blue,Featherweight,U-DEC,None,3,Jeremy Stephens,Darren Elkins
Alex Caceres,Sergio Pettis,1/25/14,"Chicago, Illinois, USA",Red,Bantamweight,SUB,Rear Naked Choke,3,Alex Caceres,Sergio Pettis
Eddie Wineland,Yves Jabouin,1/25/14,"Chicago, Illinois, USA",Red,Bantamweight,KO/TKO,Punches,2,Eddie Wineland,Yves Jabouin
Junior Hernandez,Hugo Viana,1/25/14,"Chicago, Illinois, USA",Blue,Bantamweight,,None,,Hugo Viana,Junior Hernandez
Daron Cruickshank,Mike Rio,1/25/14,"Chicago, Illinois, USA",Red,Lightweight,KO/TKO,Kick,2,Daron Cruickshank,Mike Rio
George Sullivan,Mike Rhodes,1/25/14,"Chicago, Illinois, USA",Red,Welterweight,U-DEC,None,3,George Sullivan,Mike Rhodes
Walt Harris,Nikita Krylov,1/25/14,"Chicago, Illinois, USA",Blue,Heavyweight,KO/TKO,Kick,1,Nikita Krylov,Walt Harris
Luke Rockhold,Costas Philippou,1/15/14,"Duluth, Georgia, USA",Red,Middleweight,,None,,Luke Rockhold,Costas Philippou
Lorenz Larkin,Brad Tavares,1/15/14,"Duluth, Georgia, USA",Blue,Middleweight,U-DEC,None,3,Brad Tavares,Lorenz Larkin
TJ Dillashaw,Mike Easton,1/15/14,"Duluth, Georgia, USA",Red,Bantamweight,U-DEC,None,3,TJ Dillashaw,Mike Easton
Yoel Romero,Derek Brunson,1/15/14,"Duluth, Georgia, USA",Red,Middleweight,KO/TKO,Elbows,3,Yoel Romero,Derek Brunson
John Moraga,Dustin Ortiz,1/15/14,"Duluth, Georgia, USA",Red,Flyweight,S-DEC,None,3,John Moraga,Dustin Ortiz
Cole Miller,Sam Sicilia,1/15/14,"Duluth, Georgia, USA",Red,Featherweight,SUB,Rear Naked Choke,2,Cole Miller,Sam Sicilia
Ramsey Nijem,Justin Edwards,1/15/14,"Duluth, Georgia, USA",Red,Lightweight,U-DEC,None,3,Ramsey Nijem,Justin Edwards
Isaac Vallie-Flagg,Elias Silverio,1/15/14,"Duluth, Georgia, USA",Blue,Lightweight,U-DEC,None,3,Elias Silverio,Isaac Vallie-Flagg
Trevor Smith,Brian Houston,1/15/14,"Duluth, Georgia, USA",Red,Middleweight,S-DEC,None,3,Trevor Smith,Brian Houston
Alptekin Ozkilic,Louis Smolka,1/15/14,"Duluth, Georgia, USA",Blue,Flyweight,U-DEC,None,3,Louis Smolka,Alptekin Ozkilic
Vinc Pichel,Garett Whiteley,1/15/14,"Duluth, Georgia, USA",Red,Lightweight,U-DEC,None,3,Vinc Pichel,Garett Whiteley
Charlie Brenneman,Beneil Dariush,1/15/14,"Duluth, Georgia, USA",Blue,Lightweight,SUB,Rear Naked Choke,1,Beneil Dariush,Charlie Brenneman
Tarec Saffiedine,Hyun Gyu Lim,1/4/14,"Singapore, Singapore",Red,Welterweight,U-DEC,None,5,Tarec Saffiedine,Hyun Gyu Lim
Tatsuya Kawajiri,Sean Soriano,1/4/14,"Singapore, Singapore",Red,Featherweight,SUB,Rear Naked Choke,2,Tatsuya Kawajiri,Sean Soriano
Kiichi Kunimoto,Luiz Dutra,1/4/14,"Singapore, Singapore",Red,Welterweight,DQ,None,1,Kiichi Kunimoto,Luiz Dutra
Kyung Ho Kang,Shunichi Shimizu,1/4/14,"Singapore, Singapore",Red,Bantamweight,SUB,Arm Triangle,3,Kyung Ho Kang,Shunichi Shimizu
Max Holloway,Will Chope,1/4/14,"Singapore, Singapore",Red,Featherweight,KO/TKO,Punch,2,Max Holloway,Will Chope
Katsunori Kikuno,Quinn Mulhern,1/4/14,"Singapore, Singapore",Red,Lightweight,U-DEC,None,3,Katsunori Kikuno,Quinn Mulhern
Royston Wee,Dave Galera,1/4/14,"Singapore, Singapore",Red,Bantamweight,U-DEC,None,3,Royston Wee,Dave Galera
Mairbek Taisumov,Tae Hyun Bang,1/4/14,"Singapore, Singapore",Red,Lightweight,U-DEC,None,3,Mairbek Taisumov,Tae Hyun Bang
Dustin Kimura,Jon Delos Reyes,1/4/14,"Singapore, Singapore",Red,Bantamweight,SUB,Armbar,1,Dustin Kimura,Jon Delos Reyes
Leandro Issa,Russell Doane,1/4/14,"Singapore, Singapore",Blue,Bantamweight,SUB,Triangle Choke,2,Russell Doane,Leandro Issa
Chris Weidman,Anderson Silva,12/28/13,"Las Vegas, Nevada, USA",Red,Middleweight,KO/TKO,None,2,Chris Weidman,Anderson Silva
Ronda Rousey,Miesha Tate,12/28/13,"Las Vegas, Nevada, USA",Red,Women's Bantamweight,SUB,Armbar,3,Ronda Rousey,Miesha Tate
Josh Barnett,Travis Browne,12/28/13,"Las Vegas, Nevada, USA",Blue,Heavyweight,KO/TKO,Elbows,1,Travis Browne,Josh Barnett
Jim Miller,Fabricio Camoes,12/28/13,"Las Vegas, Nevada, USA",Red,Lightweight,SUB,Armbar,1,Jim Miller,Fabricio Camoes
Dustin Poirier,Diego Brandao,12/28/13,"Las Vegas, Nevada, USA",Red,Featherweight,KO/TKO,Punches,1,Dustin Poirier,Diego Brandao
Chris Leben,Uriah Hall,12/28/13,"Las Vegas, Nevada, USA",Blue,Middleweight,KO/TKO,None,1,Uriah Hall,Chris Leben
Gleison Tibau,Michael Johnson,12/28/13,"Las Vegas, Nevada, USA",Blue,Lightweight,KO/TKO,Punch,2,Michael Johnson,Gleison Tibau
John Howard,Siyar Bahadurzada,12/28/13,"Las Vegas, Nevada, USA",Red,Welterweight,U-DEC,None,3,John Howard,Siyar Bahadurzada
William Patolino,Bobby Voelker,12/28/13,"Las Vegas, Nevada, USA",Red,Welterweight,,None,,William Patolino,Bobby Voelker
Robert Peralta,Estevan Payan,12/28/13,"Las Vegas, Nevada, USA",Red,Featherweight,KO/TKO,Punches,3,Robert Peralta,Estevan Payan
Demetrious Johnson,Joseph Benavidez,12/14/13,"Sacramento, California, USA",Red,Flyweight,KO/TKO,Punch,1,Demetrious Johnson,Joseph Benavidez
Urijah Faber,Michael McDonald,12/14/13,"Sacramento, California, USA",Red,Bantamweight,SUB,Guillotine Choke,2,Urijah Faber,Michael McDonald
Chad Mendes,Nik Lentz,12/14/13,"Sacramento, California, USA",Red,Featherweight,U-DEC,None,3,Chad Mendes,Nik Lentz
Joe Lauzon,Mac Danzig,12/14/13,"Sacramento, California, USA",Red,Lightweight,U-DEC,None,3,Joe Lauzon,Mac Danzig
Court McGee,Ryan LaFlare,12/14/13,"Sacramento, California, USA",Blue,Welterweight,U-DEC,None,3,Ryan LaFlare,Court McGee
Danny Castillo,Edson Barboza,12/14/13,"Sacramento, California, USA",Blue,Lightweight,M-DEC,None,3,Edson Barboza,Danny Castillo
Bobby Green,Pat Healy,12/14/13,"Sacramento, California, USA",Red,Lightweight,U-DEC,None,3,Bobby Green,Pat Healy
Scott Jorgensen,Zach Makovsky,12/14/13,"Sacramento, California, USA",Blue,Flyweight,U-DEC,None,3,Zach Makovsky,Scott Jorgensen
Sam Stout,Cody McKenzie,12/14/13,"Sacramento, California, USA",Red,Lightweight,U-DEC,None,3,Sam Stout,Cody McKenzie
Abel Trujillo,Roger Bowling,12/14/13,"Sacramento, California, USA",Red,Lightweight,KO/TKO,Punches,2,Abel Trujillo,Roger Bowling
Darren Uyenoyama,Alptekin Ozkilic,12/14/13,"Sacramento, California, USA",Blue,Flyweight,S-DEC,None,3,Alptekin Ozkilic,Darren Uyenoyama
Mauricio Rua,James Te Huna,12/6/13,"Brisbane, Queensland, Australia",Red,Light Heavyweight,KO/TKO,Punch,1,Mauricio Rua,James Te Huna
Ryan Bader,Anthony Perosh,12/6/13,"Brisbane, Queensland, Australia",Red,Light Heavyweight,U-DEC,None,3,Ryan Bader,Anthony Perosh
Pat Barry,Soa Palelei,12/6/13,"Brisbane, Queensland, Australia",Blue,Heavyweight,KO/TKO,Punches,1,Soa Palelei,Pat Barry
Dylan Andrews,Clint Hester,12/6/13,"Brisbane, Queensland, Australia",Blue,Middleweight,KO/TKO,None,2,Clint Hester,Dylan Andrews
Julie Kedzie,Bethe Correia,12/6/13,"Brisbane, Queensland, Australia",Blue,Women's Bantamweight,S-DEC,None,3,Bethe Correia,Julie Kedzie
Takeya Mizugaki,Nam Phan,12/6/13,"Brisbane, Queensland, Australia",Red,Bantamweight,U-DEC,None,3,Takeya Mizugaki,Nam Phan
Nick Ring,Caio Magalhaes,12/6/13,"Brisbane, Queensland, Australia",Blue,Middleweight,U-DEC,None,3,Caio Magalhaes,Nick Ring
Richie Vaculik,Justin Scoggins,12/6/13,"Brisbane, Queensland, Australia",Blue,Flyweight,KO/TKO,Punches,1,Justin Scoggins,Richie Vaculik
Bruno Santos,Krzysztof Jotko,12/6/13,"Brisbane, Queensland, Australia",Blue,Middleweight,U-DEC,None,3,Krzysztof Jotko,Bruno Santos
Ben Wall,Alex Garcia,12/6/13,"Brisbane, Queensland, Australia",Blue,Welterweight,KO/TKO,Punch,1,Alex Garcia,Ben Wall
Gray Maynard,Nate Diaz,11/30/13,"Las Vegas, Nevada, USA",Blue,Lightweight,KO/TKO,Punches,1,Nate Diaz,Gray Maynard
Julianna Pena,Jessica Rakoczy,11/30/13,"Las Vegas, Nevada, USA",Red,Women's Bantamweight,KO/TKO,Punches,1,Julianna Pena,Jessica Rakoczy
Chris Holdsworth,Davey Grant,11/30/13,"Las Vegas, Nevada, USA",Red,Bantamweight,SUB,Rear Naked Choke,2,Chris Holdsworth,Davey Grant
Jessamyn Duke,Peggy Morgan,11/30/13,"Las Vegas, Nevada, USA",Red,Women's Bantamweight,U-DEC,None,3,Jessamyn Duke,Peggy Morgan
Roxanne Modafferi,Raquel Pennington,11/30/13,"Las Vegas, Nevada, USA",Blue,Women's Bantamweight,U-DEC,None,3,Raquel Pennington,Roxanne Modafferi
Akira Corassani,Maximo Blanco,11/30/13,"Las Vegas, Nevada, USA",Red,Featherweight,DQ,None,1,Akira Corassani,Maximo Blanco
Rani Yahya,Tom Niinimaki,11/30/13,"Las Vegas, Nevada, USA",Blue,Featherweight,S-DEC,None,3,Tom Niinimaki,Rani Yahya
Jared Rosholt,Walt Harris,11/30/13,"Las Vegas, Nevada, USA",Red,Heavyweight,U-DEC,None,3,Jared Rosholt,Walt Harris
Sean Spencer,Drew Dober,11/30/13,"Las Vegas, Nevada, USA",Red,Welterweight,U-DEC,None,3,Sean Spencer,Drew Dober
Joshua Sampo,Ryan Benoit,11/30/13,"Las Vegas, Nevada, USA",Red,Flyweight,,None,,Joshua Sampo,Ryan Benoit
Georges St-Pierre,Johny Hendricks,11/16/13,"Las Vegas, Nevada, USA",Red,Welterweight,S-DEC,None,5,Georges St-Pierre,Johny Hendricks
Rashad Evans,Chael Sonnen,11/16/13,"Las Vegas, Nevada, USA",Red,Light Heavyweight,KO/TKO,Punches,1,Rashad Evans,Chael Sonnen
Rory MacDonald,Robbie Lawler,11/16/13,"Las Vegas, Nevada, USA",Blue,Welterweight,S-DEC,None,3,Robbie Lawler,Rory MacDonald
Josh Koscheck,Tyron Woodley,11/16/13,"Las Vegas, Nevada, USA",Blue,Welterweight,KO/TKO,Punch,1,Tyron Woodley,Josh Koscheck
Tim Elliott,Ali Bagautinov,11/16/13,"Las Vegas, Nevada, USA",Blue,Flyweight,U-DEC,None,3,Ali Bagautinov,Tim Elliott
Donald Cerrone,Evan Dunham,11/16/13,"Las Vegas, Nevada, USA",Red,Lightweight,SUB,Triangle Choke,2,Donald Cerrone,Evan Dunham
Ed Herman,Thales Leites,11/16/13,"Las Vegas, Nevada, USA",Blue,Middleweight,U-DEC,None,3,Thales Leites,Ed Herman
Brian Ebersole,Rick Story,11/16/13,"Las Vegas, Nevada, USA",Blue,Welterweight,U-DEC,None,3,Rick Story,Brian Ebersole
Erik Perez,Edwin Figueroa,11/16/13,"Las Vegas, Nevada, USA",Red,Bantamweight,U-DEC,None,3,Erik Perez,Edwin Figueroa
Jason High,Anthony Lapsley,11/16/13,"Las Vegas, Nevada, USA",Red,Welterweight,U-DEC,None,3,Jason High,Anthony Lapsley
Will Campuzano,Sergio Pettis,11/16/13,"Las Vegas, Nevada, USA",Blue,Bantamweight,U-DEC,None,3,Sergio Pettis,Will Campuzano
Cody Donovan,Gian Villante,11/16/13,"Las Vegas, Nevada, USA",Blue,Light Heavyweight,KO/TKO,Punch,2,Gian Villante,Cody Donovan
Vitor Belfort,Dan Henderson,11/9/13,"Goiania, Goias, Brazil",Red,Light Heavyweight,KO/TKO,Kick,1,Vitor Belfort,Dan Henderson
Cezar Ferreira,Daniel Sarafian,11/9/13,"Goiania, Goias, Brazil",Red,Middleweight,S-DEC,None,3,Cezar Ferreira,Daniel Sarafian
Rafael Feijao,Igor Pokrajac,11/9/13,"Goiania, Goias, Brazil",Red,Light Heavyweight,,None,,Rafael Feijao,Igor Pokrajac
Paulo Thiago,Brandon Thatch,11/9/13,"Goiania, Goias, Brazil",Blue,Welterweight,KO/TKO,Knee,1,Brandon Thatch,Paulo Thiago
Santiago Ponzinibbio,Ryan LaFlare,11/9/13,"Goiania, Goias, Brazil",Blue,Welterweight,U-DEC,None,3,Ryan LaFlare,Santiago Ponzinibbio
Rony Jason,Jeremy Stephens,11/9/13,"Goiania, Goias, Brazil",Blue,Featherweight,KO/TKO,Kick,1,Jeremy Stephens,Rony Jason
Godofredo Pepey,Sam Sicilia,11/9/13,"Goiania, Goias, Brazil",Blue,Featherweight,KO/TKO,Punches,1,Sam Sicilia,Godofredo Pepey
Thiago Perpetuo,Omari Akhmedov,11/9/13,"Goiania, Goias, Brazil",Blue,Middleweight,KO/TKO,None,1,Omari Akhmedov,Thiago Perpetuo
Thiago Tavares,Justin Salas,11/9/13,"Goiania, Goias, Brazil",Red,Lightweight,SUB,Rear Naked Choke,1,Thiago Tavares,Justin Salas
Adriano Martins,Daron Cruickshank,11/9/13,"Goiania, Goias, Brazil",Red,Lightweight,SUB,Armbar,2,Adriano Martins,Daron Cruickshank
Jose Maria,Dustin Ortiz,11/9/13,"Goiania, Goias, Brazil",Blue,Flyweight,KO/TKO,Punches,3,Dustin Ortiz,Jose Maria
Tim Kennedy,Rafael Natal,11/6/13,"Fort Campbell, Kentucky, USA",Red,Middleweight,KO/TKO,Punch,1,Tim Kennedy,Rafael Natal
Liz Carmouche,Alexis Davis,11/6/13,"Fort Campbell, Kentucky, USA",Blue,Women's Bantamweight,U-DEC,None,3,Alexis Davis,Liz Carmouche
Ronny Markes,Yoel Romero,11/6/13,"Fort Campbell, Kentucky, USA",Blue,Middleweight,KO/TKO,Punch,3,Yoel Romero,Ronny Markes
Jorge Masvidal,Rustam Khabilov,11/6/13,"Fort Campbell, Kentucky, USA",Blue,Lightweight,U-DEC,None,3,Rustam Khabilov,Jorge Masvidal
Colton Smith,Michael Chiesa,11/6/13,"Fort Campbell, Kentucky, USA",Blue,Lightweight,SUB,Rear Naked Choke,2,Michael Chiesa,Colton Smith
Bobby Green,James Krause,11/6/13,"Fort Campbell, Kentucky, USA",Red,Lightweight,KO/TKO,Kick,1,Bobby Green,James Krause
George Roop,Francisco Rivera,11/6/13,"Fort Campbell, Kentucky, USA",Blue,Bantamweight,KO/TKO,Punch,2,Francisco Rivera,George Roop
Dennis Bermudez,Steven Siler,11/6/13,"Fort Campbell, Kentucky, USA",Red,Featherweight,U-DEC,None,3,Dennis Bermudez,Steven Siler
Amanda Nunes,Germaine de Randamie,11/6/13,"Fort Campbell, Kentucky, USA",Red,Women's Bantamweight,KO/TKO,Elbows,1,Amanda Nunes,Germaine de Randamie
Chris Camozzi,Lorenz Larkin,11/6/13,"Fort Campbell, Kentucky, USA",Blue,Middleweight,U-DEC,None,3,Lorenz Larkin,Chris Camozzi
Neil Magny,Seth Baczynski,11/6/13,"Fort Campbell, Kentucky, USA",Blue,Welterweight,U-DEC,None,3,Seth Baczynski,Neil Magny
Derek Brunson,Brian Houston,11/6/13,"Fort Campbell, Kentucky, USA",Red,Middleweight,SUB,Rear Naked Choke,1,Derek Brunson,Brian Houston
Lyoto Machida,Mark Munoz,10/26/13,"Manchester, England, United Kingdom",Red,Middleweight,KO/TKO,Kick,1,Lyoto Machida,Mark Munoz
Jimi Manuwa,Ryan Jimmo,10/26/13,"Manchester, England, United Kingdom",Red,Light Heavyweight,KO/TKO,None,2,Jimi Manuwa,Ryan Jimmo
Norman Parke,Jon Tuck,10/26/13,"Manchester, England, United Kingdom",Red,Lightweight,U-DEC,None,3,Norman Parke,Jon Tuck
Alessio Sakara,Nico Musoke,10/26/13,"Manchester, England, United Kingdom",Blue,Middleweight,,None,,Nico Musoke,Alessio Sakara
Phil Harris,John Lineker,10/26/13,"Manchester, England, United Kingdom",Blue,Flyweight,KO/TKO,Punch,1,John Lineker,Phil Harris
Al Iaquinta,Piotr Hallmann,10/26/13,"Manchester, England, United Kingdom",Red,Lightweight,U-DEC,None,3,Al Iaquinta,Piotr Hallmann
Luke Barnatt,Andrew Craig,10/26/13,"Manchester, England, United Kingdom",Red,Middleweight,SUB,Rear Naked Choke,2,Luke Barnatt,Andrew Craig
Rosi Sexton,Jessica Andrade,10/26/13,"Manchester, England, United Kingdom",Blue,Women's Bantamweight,U-DEC,None,3,Jessica Andrade,Rosi Sexton
Andy Ogle,Cole Miller,10/26/13,"Manchester, England, United Kingdom",Blue,Featherweight,U-DEC,None,3,Cole Miller,Andy Ogle
Jimy Hettes,Rob Whiteford,10/26/13,"Manchester, England, United Kingdom",Red,Featherweight,,None,,Jimy Hettes,Rob Whiteford
Bradley Scott,Michael Kuiper,10/26/13,"Manchester, England, United Kingdom",Red,Middleweight,,None,,Bradley Scott,Michael Kuiper
Cain Velasquez,Junior Dos Santos,10/19/13,"Houston, Texas, USA",Red,Heavyweight,KO/TKO,Punch,5,Cain Velasquez,Junior Dos Santos
Daniel Cormier,Roy Nelson,10/19/13,"Houston, Texas, USA",Red,Heavyweight,U-DEC,None,3,Daniel Cormier,Roy Nelson
Gilbert Melendez,Diego Sanchez,10/19/13,"Houston, Texas, USA",Red,Lightweight,U-DEC,None,3,Gilbert Melendez,Diego Sanchez
Gabriel Gonzaga,Shawn Jordan,10/19/13,"Houston, Texas, USA",Red,Heavyweight,KO/TKO,Punch,1,Gabriel Gonzaga,Shawn Jordan
John Dodson,Darrell Montague,10/19/13,"Houston, Texas, USA",Red,Flyweight,KO/TKO,Punch,1,John Dodson,Darrell Montague
Tim Boetsch,CB Dollaway,10/19/13,"Houston, Texas, USA",Red,Middleweight,S-DEC,None,3,Tim Boetsch,CB Dollaway
Nate Marquardt,Hector Lombard,10/19/13,"Houston, Texas, USA",Blue,Welterweight,KO/TKO,Punch,1,Hector Lombard,Nate Marquardt
George Sotiropoulos,KJ Noons,10/19/13,"Houston, Texas, USA",Blue,Lightweight,U-DEC,None,3,KJ Noons,George Sotiropoulos
TJ Waldburger,Adlan Amagov,10/19/13,"Houston, Texas, USA",Blue,Welterweight,KO/TKO,Punch,1,Adlan Amagov,TJ Waldburger
Tony Ferguson,Mike Rio,10/19/13,"Houston, Texas, USA",Red,Lightweight,SUB,D'Arce Choke,1,Tony Ferguson,Mike Rio
Jeremy Larsen,Andre Fili,10/19/13,"Houston, Texas, USA",Blue,Featherweight,KO/TKO,Punch,2,Andre Fili,Jeremy Larsen
Dustin Pague,Kyoji Horiguchi,10/19/13,"Houston, Texas, USA",Blue,Bantamweight,KO/TKO,Punches,2,Kyoji Horiguchi,Dustin Pague
Demian Maia,Jake Shields,10/9/13,"Barueri, Sao Paulo, Brazil",Blue,Welterweight,S-DEC,None,5,Jake Shields,Demian Maia
Erick Silva,Dong Hyun Kim,10/9/13,"Barueri, Sao Paulo, Brazil",Blue,Welterweight,KO/TKO,Punch,2,Dong Hyun Kim,Erick Silva
Thiago Silva,Matt Hamill,10/9/13,"Barueri, Sao Paulo, Brazil",Red,Light Heavyweight,U-DEC,None,3,Thiago Silva,Matt Hamill
Fabio Maldonado,Joey Beltran,10/9/13,"Barueri, Sao Paulo, Brazil",Red,Light Heavyweight,S-DEC,None,3,Fabio Maldonado,Joey Beltran
Rousimar Palhares,Mike Pierce,10/9/13,"Barueri, Sao Paulo, Brazil",Red,Welterweight,SUB,Heel Hook,1,Rousimar Palhares,Mike Pierce
Raphael Assuncao,TJ Dillashaw,10/9/13,"Barueri, Sao Paulo, Brazil",Red,Bantamweight,S-DEC,None,3,Raphael Assuncao,TJ Dillashaw
Ildemar Alcantara,Igor Araujo,10/9/13,"Barueri, Sao Paulo, Brazil",Blue,Welterweight,U-DEC,None,3,Igor Araujo,Ildemar Alcantara
Yan Cabral,David Mitchell,10/9/13,"Barueri, Sao Paulo, Brazil",Red,Welterweight,U-DEC,None,3,Yan Cabral,David Mitchell
Iliarde Santos,Chris Cariaso,10/9/13,"Barueri, Sao Paulo, Brazil",Blue,Flyweight,KO/TKO,Punches,2,Chris Cariaso,Iliarde Santos
Alan Patrick,Garett Whiteley,10/9/13,"Barueri, Sao Paulo, Brazil",Red,Lightweight,KO/TKO,Punch,1,Alan Patrick,Garett Whiteley
Jon Jones,Alexander Gustafsson,9/21/13,"Toronto, Ontario, Canada",Red,Light Heavyweight,U-DEC,None,5,Jon Jones,Alexander Gustafsson
Renan Barao,Eddie Wineland,9/21/13,"Toronto, Ontario, Canada",Red,Bantamweight,KO/TKO,Spinning Back Kick,2,Renan Barao,Eddie Wineland
Brendan Schaub,Matt Mitrione,9/21/13,"Toronto, Ontario, Canada",Red,Heavyweight,SUB,D'Arce Choke,1,Brendan Schaub,Matt Mitrione
Costas Philippou,Francis Carmont,9/21/13,"Toronto, Ontario, Canada",Blue,Middleweight,,None,,Francis Carmont,Costas Philippou
Pat Healy,Khabib Nurmagomedov,9/21/13,"Toronto, Ontario, Canada",Blue,Lightweight,U-DEC,None,3,Khabib Nurmagomedov,Pat Healy
Mike Ricci,Myles Jury,9/21/13,"Toronto, Ontario, Canada",Blue,Lightweight,S-DEC,None,3,Myles Jury,Mike Ricci
Ivan Menjivar,Wilson Reis,9/21/13,"Toronto, Ontario, Canada",Blue,Bantamweight,U-DEC,None,3,Wilson Reis,Ivan Menjivar
Chris Clements,Stephen Thompson,9/21/13,"Toronto, Ontario, Canada",Blue,Welterweight,KO/TKO,Punch,2,Stephen Thompson,Chris Clements
Mitch Gagnon,Dustin Kimura,9/21/13,"Toronto, Ontario, Canada",Red,Bantamweight,SUB,Guillotine Choke,1,Mitch Gagnon,Dustin Kimura
John Makdessi,Renee Forte,9/21/13,"Toronto, Ontario, Canada",Red,Lightweight,KO/TKO,Punch,1,John Makdessi,Renee Forte
Michel Prazeres,Jesse Ronson,9/21/13,"Toronto, Ontario, Canada",Red,Lightweight,S-DEC,None,3,Michel Prazeres,Jesse Ronson
Roland Delorme,Alex Caceres,9/21/13,"Toronto, Ontario, Canada",Blue,Bantamweight,S-DEC,None,3,Alex Caceres,Roland Delorme
Nandor Guelmino,Daniel Omielanczuk,9/21/13,"Toronto, Ontario, Canada",Blue,Heavyweight,KO/TKO,Punch,3,Daniel Omielanczuk,Nandor Guelmino
Glover Teixeira,Ryan Bader,9/4/13,"Belo Horizonte, Minas Gerais, Brazil",Red,Light Heavyweight,KO/TKO,Punch,1,Glover Teixeira,Ryan Bader
Yushin Okami,Jacare Souza,9/4/13,"Belo Horizonte, Minas Gerais, Brazil",Blue,Middleweight,KO/TKO,Punch,1,Jacare Souza,Yushin Okami
Joseph Benavidez,Jussier Formiga,9/4/13,"Belo Horizonte, Minas Gerais, Brazil",Red,Flyweight,KO/TKO,Knee,1,Joseph Benavidez,Jussier Formiga
Francisco Trinaldo,Piotr Hallmann,9/4/13,"Belo Horizonte, Minas Gerais, Brazil",Blue,Lightweight,SUB,Kimura,2,Piotr Hallmann,Francisco Trinaldo
Rafael Natal,Tor Troeng,9/4/13,"Belo Horizonte, Minas Gerais, Brazil",Red,Middleweight,U-DEC,None,3,Rafael Natal,Tor Troeng
Marcos Vinicius,Ali Bagautinov,9/4/13,"Belo Horizonte, Minas Gerais, Brazil",Blue,Flyweight,KO/TKO,Punch,3,Ali Bagautinov,Marcos Vinicius
Felipe Arantes,Kevin Souza,9/4/13,"Belo Horizonte, Minas Gerais, Brazil",Blue,Featherweight,,None,,Kevin Souza,Felipe Arantes
Lucas Martins,Junior Hernandez,9/4/13,"Belo Horizonte, Minas Gerais, Brazil",Red,Bantamweight,,None,,Lucas Martins,Junior Hernandez
Joao Zeferino,Elias Silverio,9/4/13,"Belo Horizonte, Minas Gerais, Brazil",Blue,Welterweight,U-DEC,None,3,Elias Silverio,Joao Zeferino
Keith Wisniewski,Ivan Jorge,9/4/13,"Belo Horizonte, Minas Gerais, Brazil",Blue,Welterweight,U-DEC,None,3,Ivan Jorge,Keith Wisniewski
Yuri Villefort,Sean Spencer,9/4/13,"Belo Horizonte, Minas Gerais, Brazil",Blue,Welterweight,S-DEC,None,3,Sean Spencer,Yuri Villefort
Benson Henderson,Anthony Pettis,8/31/13,"Milwaukee, Wisconsin, USA",Blue,Lightweight,SUB,Armbar,1,Anthony Pettis,Benson Henderson
Frank Mir,Josh Barnett,8/31/13,"Milwaukee, Wisconsin, USA",Blue,Heavyweight,KO/TKO,Knee,1,Josh Barnett,Frank Mir
Chad Mendes,Clay Guida,8/31/13,"Milwaukee, Wisconsin, USA",Red,Featherweight,KO/TKO,Punch,3,Chad Mendes,Clay Guida
Ben Rothwell,Brandon Vera,8/31/13,"Milwaukee, Wisconsin, USA",Red,Heavyweight,KO/TKO,Punches,3,Ben Rothwell,Brandon Vera
Erik Koch,Dustin Poirier,8/31/13,"Milwaukee, Wisconsin, USA",Blue,Featherweight,U-DEC,None,3,Dustin Poirier,Erik Koch
Jamie Varner,Gleison Tibau,8/31/13,"Milwaukee, Wisconsin, USA",Blue,Lightweight,S-DEC,None,3,Gleison Tibau,Jamie Varner
Louis Gaudinot,Tim Elliott,8/31/13,"Milwaukee, Wisconsin, USA",Blue,Flyweight,U-DEC,None,3,Tim Elliott,Louis Gaudinot
Pascal Krauss,Hyun Gyu Lim,8/31/13,"Milwaukee, Wisconsin, USA",Blue,Welterweight,KO/TKO,Knee,1,Hyun Gyu Lim,Pascal Krauss
Chico Camus,Kyung Ho Kang,8/31/13,"Milwaukee, Wisconsin, USA",Red,Bantamweight,U-DEC,None,3,Chico Camus,Kyung Ho Kang
Soa Palelei,Nikita Krylov,8/31/13,"Milwaukee, Wisconsin, USA",Red,Heavyweight,KO/TKO,Punches,3,Soa Palelei,Nikita Krylov
Ryan Couture,Al Iaquinta,8/31/13,"Milwaukee, Wisconsin, USA",Blue,Lightweight,U-DEC,None,3,Al Iaquinta,Ryan Couture
Jared Hamman,Magnus Cedenblad,8/31/13,"Milwaukee, Wisconsin, USA",Blue,Middleweight,SUB,Guillotine Choke,1,Magnus Cedenblad,Jared Hamman
Carlos Condit,Martin Kampmann,8/28/13,"Indianapolis, Indiana, USA",Red,Welterweight,KO/TKO,Punch,4,Carlos Condit,Martin Kampmann
Donald Cerrone,Rafael Dos Anjos,8/28/13,"Indianapolis, Indiana, USA",Blue,Lightweight,U-DEC,None,3,Rafael Dos Anjos,Donald Cerrone
Kelvin Gastelum,Brian Melancon,8/28/13,"Indianapolis, Indiana, USA",Red,Welterweight,SUB,Rear Naked Choke,1,Kelvin Gastelum,Brian Melancon
Court McGee,Robert Whittaker,8/28/13,"Indianapolis, Indiana, USA",Red,Welterweight,S-DEC,None,3,Court McGee,Robert Whittaker
Takeya Mizugaki,Erik Perez,8/28/13,"Indianapolis, Indiana, USA",Red,Bantamweight,S-DEC,None,3,Takeya Mizugaki,Erik Perez
Brad Tavares,Bubba McDaniel,8/28/13,"Indianapolis, Indiana, USA",Red,Middleweight,,None,,Brad Tavares,Bubba McDaniel
Dylan Andrews,Papy Abedi,8/28/13,"Indianapolis, Indiana, USA",Red,Middleweight,KO/TKO,Punch,3,Dylan Andrews,Papy Abedi
Justin Edwards,Brandon Thatch,8/28/13,"Indianapolis, Indiana, USA",Blue,Welterweight,KO/TKO,Punch,1,Brandon Thatch,Justin Edwards
Darren Elkins,Hatsu Hioki,8/28/13,"Indianapolis, Indiana, USA",Red,Featherweight,U-DEC,None,3,Darren Elkins,Hatsu Hioki
James Head,Jason High,8/28/13,"Indianapolis, Indiana, USA",Blue,Welterweight,SUB,Guillotine Choke,1,Jason High,James Head
Zak Cummings,Benny Alloway,8/28/13,"Indianapolis, Indiana, USA",Red,Welterweight,,None,,Zak Cummings,Benny Alloway
Mauricio Rua,Chael Sonnen,8/17/13,"Boston, Massachusetts, USA",Blue,Light Heavyweight,SUB,Guillotine Choke,1,Chael Sonnen,Mauricio Rua
Alistair Overeem,Travis Browne,8/17/13,"Boston, Massachusetts, USA",Blue,Heavyweight,KO/TKO,Kick,1,Travis Browne,Alistair Overeem
Urijah Faber,Iuri Alcantara,8/17/13,"Boston, Massachusetts, USA",Red,Bantamweight,U-DEC,None,3,Urijah Faber,Iuri Alcantara
Matt Brown,Mike Pyle,8/17/13,"Boston, Massachusetts, USA",Red,Welterweight,KO/TKO,Knee,1,Matt Brown,Mike Pyle
Uriah Hall,John Howard,8/17/13,"Boston, Massachusetts, USA",Blue,Middleweight,S-DEC,None,3,John Howard,Uriah Hall
Joe Lauzon,Michael Johnson,8/17/13,"Boston, Massachusetts, USA",Blue,Lightweight,U-DEC,None,3,Michael Johnson,Joe Lauzon
Brad Pickett,Michael McDonald,8/17/13,"Boston, Massachusetts, USA",Blue,Bantamweight,SUB,Triangle Choke,2,Michael McDonald,Brad Pickett
Conor McGregor,Max Holloway,8/17/13,"Boston, Massachusetts, USA",Red,Featherweight,U-DEC,None,3,Conor McGregor,Max Holloway
Mike Brown,Steven Siler,8/17/13,"Boston, Massachusetts, USA",Blue,Featherweight,KO/TKO,Punch,1,Steven Siler,Mike Brown
Diego Brandao,Daniel Pineda,8/17/13,"Boston, Massachusetts, USA",Red,Featherweight,U-DEC,None,3,Diego Brandao,Daniel Pineda
Manvel Gamburyan,Cole Miller,8/17/13,"Boston, Massachusetts, USA",Red,Featherweight,U-DEC,None,3,Manvel Gamburyan,Cole Miller
Cody Donovan,Ovince Saint Preux,8/17/13,"Boston, Massachusetts, USA",Blue,Light Heavyweight,KO/TKO,Punches,1,Ovince Saint Preux,Cody Donovan
Ramsey Nijem,James Vick,8/17/13,"Boston, Massachusetts, USA",Blue,Lightweight,SUB,Guillotine Choke,1,James Vick,Ramsey Nijem
Jose Aldo,Chan Sung Jung,8/3/13,"Rio de Janeiro, Brazil",Red,Featherweight,KO/TKO,Punches,4,Jose Aldo,Chan Sung Jung
Lyoto Machida,Phil Davis,8/3/13,"Rio de Janeiro, Brazil",Blue,Light Heavyweight,U-DEC,None,3,Phil Davis,Lyoto Machida
Cezar Ferreira,Thiago Santos,8/3/13,"Rio de Janeiro, Brazil",Red,Middleweight,SUB,Guillotine Choke,1,Cezar Ferreira,Thiago Santos
Thales Leites,Tom Watson,8/3/13,"Rio de Janeiro, Brazil",Red,Middleweight,U-DEC,None,3,Thales Leites,Tom Watson
John Lineker,Jose Maria,8/3/13,"Rio de Janeiro, Brazil",Red,Flyweight,KO/TKO,Punches,2,John Lineker,Jose Maria
Vinny Magalhaes,Anthony Perosh,8/3/13,"Rio de Janeiro, Brazil",Blue,Light Heavyweight,KO/TKO,Punch,1,Anthony Perosh,Vinny Magalhaes
Amanda Nunes,Sheila Gaff,8/3/13,"Rio de Janeiro, Brazil",Red,Women's Bantamweight,KO/TKO,Elbows,1,Amanda Nunes,Sheila Gaff
Sergio Moraes,Neil Magny,8/3/13,"Rio de Janeiro, Brazil",Red,Welterweight,SUB,Triangle Choke,1,Sergio Moraes,Neil Magny
Ian McCall,Iliarde Santos,8/3/13,"Rio de Janeiro, Brazil",Red,Flyweight,U-DEC,None,3,Ian McCall,Iliarde Santos
Rani Yahya,Josh Clopton,8/3/13,"Rio de Janeiro, Brazil",Red,Featherweight,U-DEC,None,3,Rani Yahya,Josh Clopton
Ednaldo Oliveira,Francimar Barroso,8/3/13,"Rio de Janeiro, Brazil",Blue,Light Heavyweight,U-DEC,None,3,Francimar Barroso,Ednaldo Oliveira
Viscardi Andrade,Bristol Marunde,8/3/13,"Rio de Janeiro, Brazil",Red,Welterweight,KO/TKO,Punch,1,Viscardi Andrade,Bristol Marunde
Demetrious Johnson,John Moraga,7/27/13,"Seattle, Washington, USA",Red,Flyweight,SUB,Armbar,5,Demetrious Johnson,John Moraga
Rory MacDonald,Jake Ellenberger,7/27/13,"Seattle, Washington, USA",Red,Welterweight,U-DEC,None,3,Rory MacDonald,Jake Ellenberger
Robbie Lawler,Bobby Voelker,7/27/13,"Seattle, Washington, USA",Red,Welterweight,KO/TKO,Kick,2,Robbie Lawler,Bobby Voelker
Liz Carmouche,Jessica Andrade,7/27/13,"Seattle, Washington, USA",Red,Women's Bantamweight,KO/TKO,Punches,2,Liz Carmouche,Jessica Andrade
Michael Chiesa,Jorge Masvidal,7/27/13,"Seattle, Washington, USA",Blue,Lightweight,SUB,D'Arce Choke,2,Jorge Masvidal,Michael Chiesa
Danny Castillo,Tim Means,7/27/13,"Seattle, Washington, USA",Red,Lightweight,U-DEC,None,3,Danny Castillo,Tim Means
Mac Danzig,Melvin Guillard,7/27/13,"Seattle, Washington, USA",Blue,Lightweight,KO/TKO,Punch,2,Melvin Guillard,Mac Danzig
Yves Edwards,Daron Cruickshank,7/27/13,"Seattle, Washington, USA",Blue,Lightweight,S-DEC,None,3,Daron Cruickshank,Yves Edwards
Ed Herman,Trevor Smith,7/27/13,"Seattle, Washington, USA",Red,Middleweight,S-DEC,None,3,Ed Herman,Trevor Smith
Julie Kedzie,Germaine de Randamie,7/27/13,"Seattle, Washington, USA",Blue,Women's Bantamweight,S-DEC,None,3,Germaine de Randamie,Julie Kedzie
Aaron Riley,Justin Salas,7/27/13,"Seattle, Washington, USA",Blue,Lightweight,S-DEC,None,3,Justin Salas,Aaron Riley
John Albert,Yaotzin Meza,7/27/13,"Seattle, Washington, USA",Blue,Bantamweight,SUB,Rear Naked Choke,2,Yaotzin Meza,John Albert
Anderson Silva,Chris Weidman,7/6/13,"Las Vegas, Nevada, USA",Blue,Middleweight,KO/TKO,Punch,2,Chris Weidman,Anderson Silva
Frankie Edgar,Charles Oliveira,7/6/13,"Las Vegas, Nevada, USA",Red,Featherweight,U-DEC,None,3,Frankie Edgar,Charles Oliveira
Tim Kennedy,Roger Gracie,7/6/13,"Las Vegas, Nevada, USA",Red,Middleweight,U-DEC,None,3,Tim Kennedy,Roger Gracie
Mark Munoz,Tim Boetsch,7/6/13,"Las Vegas, Nevada, USA",Red,Middleweight,U-DEC,None,3,Mark Munoz,Tim Boetsch
Cub Swanson,Dennis Siver,7/6/13,"Las Vegas, Nevada, USA",Red,Featherweight,KO/TKO,Punches,3,Cub Swanson,Dennis Siver
Chris Leben,Andrew Craig,7/6/13,"Las Vegas, Nevada, USA",Blue,Middleweight,S-DEC,None,3,Andrew Craig,Chris Leben
Norman Parke,Kazuki Tokudome,7/6/13,"Las Vegas, Nevada, USA",Red,Lightweight,U-DEC,None,3,Norman Parke,Kazuki Tokudome
Gabriel Gonzaga,Dave Herman,7/6/13,"Las Vegas, Nevada, USA",Red,Heavyweight,KO/TKO,Punch,1,Gabriel Gonzaga,Dave Herman
Edson Barboza,Rafaello Oliveira,7/6/13,"Las Vegas, Nevada, USA",Red,Lightweight,KO/TKO,Kicks,2,Edson Barboza,Rafaello Oliveira
Seth Baczynski,Brian Melancon,7/6/13,"Las Vegas, Nevada, USA",Blue,Welterweight,KO/TKO,Punches,1,Brian Melancon,Seth Baczynski
Mike Pierce,David Mitchell,7/6/13,"Las Vegas, Nevada, USA",Red,Welterweight,KO/TKO,Knee,2,Mike Pierce,David Mitchell
Rashad Evans,Dan Henderson,6/15/13,"Winnipeg, Manitoba, Canada",Red,Light Heavyweight,S-DEC,None,3,Rashad Evans,Dan Henderson
Roy Nelson,Stipe Miocic,6/15/13,"Winnipeg, Manitoba, Canada",Blue,Heavyweight,U-DEC,None,3,Stipe Miocic,Roy Nelson
Ryan Jimmo,Igor Pokrajac,6/15/13,"Winnipeg, Manitoba, Canada",Red,Light Heavyweight,U-DEC,None,3,Ryan Jimmo,Igor Pokrajac
Alexis Davis,Rosi Sexton,6/15/13,"Winnipeg, Manitoba, Canada",Red,Women's Bantamweight,U-DEC,None,3,Alexis Davis,Rosi Sexton
Pat Barry,Shawn Jordan,6/15/13,"Winnipeg, Manitoba, Canada",Blue,Heavyweight,KO/TKO,Punches,1,Shawn Jordan,Pat Barry
Jake Shields,Tyron Woodley,6/15/13,"Winnipeg, Manitoba, Canada",Red,Welterweight,S-DEC,None,3,Jake Shields,Tyron Woodley
Sam Stout,James Krause,6/15/13,"Winnipeg, Manitoba, Canada",Blue,Lightweight,SUB,Guillotine Choke,3,James Krause,Sam Stout
Sean Pierson,Kenny Robertson,6/15/13,"Winnipeg, Manitoba, Canada",Red,Welterweight,M-DEC,None,3,Sean Pierson,Kenny Robertson
Roland Delorme,Edwin Figueroa,6/15/13,"Winnipeg, Manitoba, Canada",Red,Bantamweight,U-DEC,None,3,Roland Delorme,Edwin Figueroa
Mitch Clarke,John Maguire,6/15/13,"Winnipeg, Manitoba, Canada",Red,Lightweight,U-DEC,None,3,Mitch Clarke,John Maguire
Yves Jabouin,Dustin Pague,6/15/13,"Winnipeg, Manitoba, Canada",Red,Bantamweight,S-DEC,None,3,Yves Jabouin,Dustin Pague
Minotauro Nogueira,Fabricio Werdum,6/8/13,"Fortaleza, Ceara, Brazil",Blue,Heavyweight,,None,,Fabricio Werdum,Minotauro Nogueira
William Patolino,Leonardo Santos,6/8/13,"Fortaleza, Ceara, Brazil",Blue,Welterweight,,None,,Leonardo Santos,William Patolino
Thiago Silva,Rafael Feijao,6/8/13,"Fortaleza, Ceara, Brazil",Red,Light Heavyweight,,None,,Thiago Silva,Rafael Feijao
Erick Silva,Jason High,6/8/13,"Fortaleza, Ceara, Brazil",Red,Welterweight,SUB,Armbar,1,Erick Silva,Jason High
Daniel Sarafian,Eddie Mendez,6/8/13,"Fortaleza, Ceara, Brazil",Red,Middleweight,SUB,Arm Triangle,1,Daniel Sarafian,Eddie Mendez
Rony Jason,Mike Wilkinson,6/8/13,"Fortaleza, Ceara, Brazil",Red,Featherweight,SUB,Triangle Choke,1,Rony Jason,Mike Wilkinson
Raphael Assuncao,Vaughan Lee,6/8/13,"Fortaleza, Ceara, Brazil",Red,Bantamweight,SUB,Armbar,2,Raphael Assuncao,Vaughan Lee
Godofredo Pepey,Felipe Arantes,6/8/13,"Fortaleza, Ceara, Brazil",Blue,Featherweight,KO/TKO,Elbows,1,Felipe Arantes,Godofredo Pepey
Ildemar Alcantara,Leandro Silva,6/8/13,"Fortaleza, Ceara, Brazil",Red,Welterweight,U-DEC,None,3,Ildemar Alcantara,Leandro Silva
Rodrigo Damm,Mizuto Hirota,6/8/13,"Fortaleza, Ceara, Brazil",Red,Featherweight,S-DEC,None,3,Rodrigo Damm,Mizuto Hirota
Caio Magalhaes,Karlos Vemola,6/8/13,"Fortaleza, Ceara, Brazil",Red,Middleweight,SUB,Rear Naked Choke,2,Caio Magalhaes,Karlos Vemola
Antonio Braga Neto,Anthony Smith,6/8/13,"Fortaleza, Ceara, Brazil",Red,Middleweight,SUB,Kneebar,1,Antonio Braga Neto,Anthony Smith
Cain Velasquez,Antonio Silva,5/25/13,"Las Vegas, Nevada, USA",Red,Heavyweight,KO/TKO,Punch,1,Cain Velasquez,Antonio Silva
Junior Dos Santos,Mark Hunt,5/25/13,"Las Vegas, Nevada, USA",Red,Heavyweight,KO/TKO,Kick,3,Junior Dos Santos,Mark Hunt
Glover Teixeira,James Te Huna,5/25/13,"Las Vegas, Nevada, USA",Red,Light Heavyweight,SUB,Guillotine Choke,1,Glover Teixeira,James Te Huna
Gray Maynard,TJ Grant,5/25/13,"Las Vegas, Nevada, USA",Blue,Lightweight,KO/TKO,Punches,1,TJ Grant,Gray Maynard
Donald Cerrone,KJ Noons,5/25/13,"Las Vegas, Nevada, USA",Red,Lightweight,U-DEC,None,3,Donald Cerrone,KJ Noons
Mike Pyle,Rick Story,5/25/13,"Las Vegas, Nevada, USA",Red,Welterweight,S-DEC,None,3,Mike Pyle,Rick Story
Dennis Bermudez,Max Holloway,5/25/13,"Las Vegas, Nevada, USA",Red,Featherweight,S-DEC,None,3,Dennis Bermudez,Max Holloway
Colton Smith,Robert Whittaker,5/25/13,"Las Vegas, Nevada, USA",Blue,Welterweight,KO/TKO,Punch,3,Robert Whittaker,Colton Smith
Khabib Nurmagomedov,Abel Trujillo,5/25/13,"Las Vegas, Nevada, USA",Red,Lightweight,U-DEC,None,3,Khabib Nurmagomedov,Abel Trujillo
Stephen Thompson,Nah-Shon Burrell,5/25/13,"Las Vegas, Nevada, USA",Red,Welterweight,U-DEC,None,3,Stephen Thompson,Nah-Shon Burrell
Brian Bowles,George Roop,5/25/13,"Las Vegas, Nevada, USA",Blue,Bantamweight,KO/TKO,Punch,2,George Roop,Brian Bowles
Jeremy Stephens,Estevan Payan,5/25/13,"Las Vegas, Nevada, USA",Red,Featherweight,U-DEC,None,3,Jeremy Stephens,Estevan Payan
Vitor Belfort,Luke Rockhold,5/18/13,"Jaragua do Sul, Santa Catarina, Brazil",Red,Middleweight,KO/TKO,Kick,1,Vitor Belfort,Luke Rockhold
Jacare Souza,Chris Camozzi,5/18/13,"Jaragua do Sul, Santa Catarina, Brazil",Red,Middleweight,SUB,Arm Triangle,1,Jacare Souza,Chris Camozzi
Rafael Dos Anjos,Evan Dunham,5/18/13,"Jaragua do Sul, Santa Catarina, Brazil",Red,Lightweight,U-DEC,None,3,Rafael Dos Anjos,Evan Dunham
Rafael Natal,Joao Zeferino,5/18/13,"Jaragua do Sul, Santa Catarina, Brazil",Red,Middleweight,U-DEC,None,3,Rafael Natal,Joao Zeferino
Hacran Dias,Nik Lentz,5/18/13,"Jaragua do Sul, Santa Catarina, Brazil",Blue,Featherweight,U-DEC,None,3,Nik Lentz,Hacran Dias
Francisco Trinaldo,Mike Rio,5/18/13,"Jaragua do Sul, Santa Catarina, Brazil",Red,Lightweight,SUB,Arm Triangle,1,Francisco Trinaldo,Mike Rio
Gleison Tibau,John Cholish,5/18/13,"Jaragua do Sul, Santa Catarina, Brazil",Red,Lightweight,SUB,Guillotine Choke,2,Gleison Tibau,John Cholish
Paulo Thiago,Michel Prazeres,5/18/13,"Jaragua do Sul, Santa Catarina, Brazil",Red,Welterweight,U-DEC,None,3,Paulo Thiago,Michel Prazeres
Iuri Alcantara,Iliarde Santos,5/18/13,"Jaragua do Sul, Santa Catarina, Brazil",Red,Bantamweight,KO/TKO,Punch,1,Iuri Alcantara,Iliarde Santos
Fabio Maldonado,Roger Hollett,5/18/13,"Jaragua do Sul, Santa Catarina, Brazil",Red,Light Heavyweight,U-DEC,None,3,Fabio Maldonado,Roger Hollett
John Lineker,Azamat Gashimov,5/18/13,"Jaragua do Sul, Santa Catarina, Brazil",Red,Flyweight,KO/TKO,Punch,2,John Lineker,Azamat Gashimov
Jussier Formiga,Chris Cariaso,5/18/13,"Jaragua do Sul, Santa Catarina, Brazil",Red,Flyweight,U-DEC,None,3,Jussier Formiga,Chris Cariaso
Lucas Martins,Jeremy Larsen,5/18/13,"Jaragua do Sul, Santa Catarina, Brazil",Red,Lightweight,KO/TKO,Punch,3,Lucas Martins,Jeremy Larsen
Jon Jones,Chael Sonnen,4/27/13,"Newark, New Jersey, USA",Red,Light Heavyweight,KO/TKO,Punches,1,Jon Jones,Chael Sonnen
Michael Bisping,Alan Belcher,4/27/13,"Newark, New Jersey, USA",Red,Middleweight,U-DEC,None,3,Michael Bisping,Alan Belcher
Roy Nelson,Cheick Kongo,4/27/13,"Newark, New Jersey, USA",Red,Heavyweight,KO/TKO,Punch,1,Roy Nelson,Cheick Kongo
Phil Davis,Vinny Magalhaes,4/27/13,"Newark, New Jersey, USA",Red,Light Heavyweight,U-DEC,None,3,Phil Davis,Vinny Magalhaes
Rustam Khabilov,Yancy Medeiros,4/27/13,"Newark, New Jersey, USA",Red,Lightweight,KO/TKO,None,1,Rustam Khabilov,Yancy Medeiros
Gian Villante,Ovince Saint Preux,4/27/13,"Newark, New Jersey, USA",Blue,Light Heavyweight,M-DEC,None,3,Ovince Saint Preux,Gian Villante
Sara McMann,Sheila Gaff,4/27/13,"Newark, New Jersey, USA",Red,Women's Bantamweight,KO/TKO,Punches,1,Sara McMann,Sheila Gaff
Bryan Caraway,Johnny Bedford,4/27/13,"Newark, New Jersey, USA",Red,Bantamweight,SUB,Guillotine Choke,3,Bryan Caraway,Johnny Bedford
Leonard Garcia,Cody McKenzie,4/27/13,"Newark, New Jersey, USA",Blue,Featherweight,U-DEC,None,3,Cody McKenzie,Leonard Garcia
Steven Siler,Kurt Holobaugh,4/27/13,"Newark, New Jersey, USA",Red,Featherweight,U-DEC,None,3,Steven Siler,Kurt Holobaugh
Benson Henderson,Gilbert Melendez,4/20/13,"San Jose, California, USA",Red,Lightweight,S-DEC,None,5,Benson Henderson,Gilbert Melendez
Frank Mir,Daniel Cormier,4/20/13,"San Jose, California, USA",Blue,Heavyweight,U-DEC,None,3,Daniel Cormier,Frank Mir
Nate Diaz,Josh Thomson,4/20/13,"San Jose, California, USA",Blue,Lightweight,KO/TKO,Kick,2,Josh Thomson,Nate Diaz
Matt Brown,Jordan Mein,4/20/13,"San Jose, California, USA",Red,Welterweight,KO/TKO,Elbows,2,Matt Brown,Jordan Mein
Chad Mendes,Darren Elkins,4/20/13,"San Jose, California, USA",Red,Featherweight,KO/TKO,Punch,1,Chad Mendes,Darren Elkins
Francis Carmont,Lorenz Larkin,4/20/13,"San Jose, California, USA",Red,Middleweight,U-DEC,None,3,Francis Carmont,Lorenz Larkin
Ramsey Nijem,Myles Jury,4/20/13,"San Jose, California, USA",Blue,Lightweight,KO/TKO,Punch,2,Myles Jury,Ramsey Nijem
Joseph Benavidez,Darren Uyenoyama,4/20/13,"San Jose, California, USA",Red,Flyweight,KO/TKO,Punch,2,Joseph Benavidez,Darren Uyenoyama
Tim Means,Jorge Masvidal,4/20/13,"San Jose, California, USA",Blue,Lightweight,U-DEC,None,3,Jorge Masvidal,Tim Means
TJ Dillashaw,Hugo Viana,4/20/13,"San Jose, California, USA",Red,Bantamweight,KO/TKO,Punches,1,TJ Dillashaw,Hugo Viana
Anthony Njokuani,Roger Bowling,4/20/13,"San Jose, California, USA",Red,Lightweight,KO/TKO,Punch,2,Anthony Njokuani,Roger Bowling
Clifford Starks,Yoel Romero,4/20/13,"San Jose, California, USA",Blue,Middleweight,KO/TKO,Flying Knee,1,Yoel Romero,Clifford Starks
Urijah Faber,Scott Jorgensen,4/13/13,"Las Vegas, Nevada, USA",Red,Bantamweight,SUB,Rear Naked Choke,4,Urijah Faber,Scott Jorgensen
Uriah Hall,Kelvin Gastelum,4/13/13,"Las Vegas, Nevada, USA",Blue,Middleweight,S-DEC,None,3,Kelvin Gastelum,Uriah Hall
Miesha Tate,Cat Zingano,4/13/13,"Las Vegas, Nevada, USA",Blue,Women's Bantamweight,KO/TKO,Knees,3,Cat Zingano,Miesha Tate
Travis Browne,Gabriel Gonzaga,4/13/13,"Las Vegas, Nevada, USA",Red,Heavyweight,KO/TKO,Elbows,1,Travis Browne,Gabriel Gonzaga
Bubba McDaniel,Gilbert Smith,4/13/13,"Las Vegas, Nevada, USA",Red,Middleweight,,None,,Bubba McDaniel,Gilbert Smith
Josh Samman,Kevin Casey,4/13/13,"Las Vegas, Nevada, USA",Red,Middleweight,KO/TKO,Knee,2,Josh Samman,Kevin Casey
Luke Barnatt,Collin Hart,4/13/13,"Las Vegas, Nevada, USA",Red,Middleweight,U-DEC,None,3,Luke Barnatt,Collin Hart
Dylan Andrews,Jimmy Quinlan,4/13/13,"Las Vegas, Nevada, USA",Red,Middleweight,KO/TKO,Punch,1,Dylan Andrews,Jimmy Quinlan
Bristol Marunde,Clint Hester,4/13/13,"Las Vegas, Nevada, USA",Blue,Middleweight,KO/TKO,Elbow,3,Clint Hester,Bristol Marunde
Cole Miller,Bart Palaszewski,4/13/13,"Las Vegas, Nevada, USA",Red,Featherweight,SUB,Rear Naked Choke,1,Cole Miller,Bart Palaszewski
Sam Sicilia,Maximo Blanco,4/13/13,"Las Vegas, Nevada, USA",Blue,Featherweight,U-DEC,None,3,Maximo Blanco,Sam Sicilia
Justin Lawrence,Daniel Pineda,4/13/13,"Las Vegas, Nevada, USA",Blue,Featherweight,SUB,Kimura,1,Daniel Pineda,Justin Lawrence
Gegard Mousasi,Ilir Latifi,4/6/13,"Stockholm, Sweden",Red,Light Heavyweight,U-DEC,None,3,Gegard Mousasi,Ilir Latifi
Ryan Couture,Ross Pearson,4/6/13,"Stockholm, Sweden",Blue,Lightweight,KO/TKO,Punches,2,Ross Pearson,Ryan Couture
Matt Mitrione,Philip De Fries,4/6/13,"Stockholm, Sweden",Red,Heavyweight,KO/TKO,Punches,1,Matt Mitrione,Philip De Fries
Brad Pickett,Mike Easton,4/6/13,"Stockholm, Sweden",Red,Bantamweight,S-DEC,None,3,Brad Pickett,Mike Easton
Diego Brandao,Pablo Garza,4/6/13,"Stockholm, Sweden",Red,Featherweight,SUB,Arm Triangle,1,Diego Brandao,Pablo Garza
Akira Corassani,Robert Peralta,4/6/13,"Stockholm, Sweden",Red,Featherweight,U-DEC,None,3,Akira Corassani,Robert Peralta
Reza Madadi,Michael Johnson,4/6/13,"Stockholm, Sweden",Red,Lightweight,SUB,D'Arce Choke,3,Reza Madadi,Michael Johnson
Tor Troeng,Adam Cella,4/6/13,"Stockholm, Sweden",Red,Middleweight,SUB,Rear Naked Choke,1,Tor Troeng,Adam Cella
Chris Spang,Adlan Amagov,4/6/13,"Stockholm, Sweden",Blue,Welterweight,U-DEC,None,3,Adlan Amagov,Chris Spang
Marcus Brimage,Conor McGregor,4/6/13,"Stockholm, Sweden",Blue,Featherweight,KO/TKO,Punches,1,Conor McGregor,Marcus Brimage
Benny Alloway,Ryan LaFlare,4/6/13,"Stockholm, Sweden",Blue,Welterweight,,None,,Ryan LaFlare,Benny Alloway
Michael Kuiper,Tom Lawlor,4/6/13,"Stockholm, Sweden",Blue,Middleweight,SUB,Guillotine Choke,2,Tom Lawlor,Michael Kuiper
Papy Abedi,Besam Yousef,4/6/13,"Stockholm, Sweden",Red,Welterweight,S-DEC,None,3,Papy Abedi,Besam Yousef
Georges St-Pierre,Nick Diaz,3/16/13,"Montreal, Quebec, Canada",Red,Welterweight,U-DEC,None,5,Georges St-Pierre,Nick Diaz
Carlos Condit,Johny Hendricks,3/16/13,"Montreal, Quebec, Canada",Blue,Welterweight,U-DEC,None,3,Johny Hendricks,Carlos Condit
Jake Ellenberger,Nate Marquardt,3/16/13,"Montreal, Quebec, Canada",Red,Welterweight,KO/TKO,Punch,1,Jake Ellenberger,Nate Marquardt
Nick Ring,Chris Camozzi,3/16/13,"Montreal, Quebec, Canada",Blue,Middleweight,S-DEC,None,3,Chris Camozzi,Nick Ring
Mike Ricci,Colin Fletcher,3/16/13,"Montreal, Quebec, Canada",Red,Lightweight,U-DEC,None,3,Mike Ricci,Colin Fletcher
Patrick Cote,Bobby Voelker,3/16/13,"Montreal, Quebec, Canada",Red,Welterweight,U-DEC,None,3,Patrick Cote,Bobby Voelker
Antonio Carvalho,Darren Elkins,3/16/13,"Montreal, Quebec, Canada",Blue,Featherweight,KO/TKO,Punch,1,Darren Elkins,Antonio Carvalho
Dan Miller,Jordan Mein,3/16/13,"Montreal, Quebec, Canada",Blue,Welterweight,KO/TKO,Punches,1,Jordan Mein,Dan Miller
John Makdessi,Daron Cruickshank,3/16/13,"Montreal, Quebec, Canada",Red,Lightweight,U-DEC,None,3,John Makdessi,Daron Cruickshank
Rick Story,Quinn Mulhern,3/16/13,"Montreal, Quebec, Canada",Red,Welterweight,KO/TKO,Punch,1,Rick Story,Quinn Mulhern
TJ Dillashaw,Issei Tamura,3/16/13,"Montreal, Quebec, Canada",Red,Bantamweight,KO/TKO,Kick,2,TJ Dillashaw,Issei Tamura
George Roop,Reuben Duran,3/16/13,"Montreal, Quebec, Canada",Red,Bantamweight,U-DEC,None,3,George Roop,Reuben Duran
Wanderlei Silva,Brian Stann,3/2/13,"Saitama, Japan",Red,Light Heavyweight,KO/TKO,Punch,2,Wanderlei Silva,Brian Stann
Stefan Struve,Mark Hunt,3/2/13,"Saitama, Japan",Blue,Heavyweight,KO/TKO,Punch,3,Mark Hunt,Stefan Struve
Takanori Gomi,Diego Sanchez,3/2/13,"Saitama, Japan",Blue,Lightweight,S-DEC,None,3,Diego Sanchez,Takanori Gomi
Yushin Okami,Hector Lombard,3/2/13,"Saitama, Japan",Red,Middleweight,S-DEC,None,3,Yushin Okami,Hector Lombard
Mizuto Hirota,Rani Yahya,3/2/13,"Saitama, Japan",Blue,Featherweight,U-DEC,None,3,Rani Yahya,Mizuto Hirota
Dong Hyun Kim,Siyar Bahadurzada,3/2/13,"Saitama, Japan",Red,Welterweight,U-DEC,None,3,Dong Hyun Kim,Siyar Bahadurzada
Riki Fukuda,Brad Tavares,3/2/13,"Saitama, Japan",Blue,Middleweight,U-DEC,None,3,Brad Tavares,Riki Fukuda
Takeya Mizugaki,Bryan Caraway,3/2/13,"Saitama, Japan",Red,Bantamweight,S-DEC,None,3,Takeya Mizugaki,Bryan Caraway
Cristiano Marcello,Kazuki Tokudome,3/2/13,"Saitama, Japan",Blue,Lightweight,U-DEC,None,3,Kazuki Tokudome,Cristiano Marcello
Marcelo Guimaraes,Hyun Gyu Lim,3/2/13,"Saitama, Japan",Blue,Welterweight,KO/TKO,Knee,2,Hyun Gyu Lim,Marcelo Guimaraes
Ronda Rousey,Liz Carmouche,2/23/13,"Anaheim, California, USA",Red,Women's Bantamweight,SUB,Armbar,1,Ronda Rousey,Liz Carmouche
Lyoto Machida,Dan Henderson,2/23/13,"Anaheim, California, USA",Red,Light Heavyweight,S-DEC,None,3,Lyoto Machida,Dan Henderson
Urijah Faber,Ivan Menjivar,2/23/13,"Anaheim, California, USA",Red,Bantamweight,SUB,Rear Naked Choke,1,Urijah Faber,Ivan Menjivar
Court McGee,Josh Neer,2/23/13,"Anaheim, California, USA",Red,Welterweight,U-DEC,None,3,Court McGee,Josh Neer
Josh Koscheck,Robbie Lawler,2/23/13,"Anaheim, California, USA",Blue,Welterweight,KO/TKO,Punches,1,Robbie Lawler,Josh Koscheck
Brendan Schaub,Lavar Johnson,2/23/13,"Anaheim, California, USA",Red,Heavyweight,U-DEC,None,3,Brendan Schaub,Lavar Johnson
Michael Chiesa,Anton Kuivanen,2/23/13,"Anaheim, California, USA",Red,Lightweight,SUB,Rear Naked Choke,2,Michael Chiesa,Anton Kuivanen
Dennis Bermudez,Matt Grice,2/23/13,"Anaheim, California, USA",Red,Featherweight,S-DEC,None,3,Dennis Bermudez,Matt Grice
Sam Stout,Caros Fodor,2/23/13,"Anaheim, California, USA",Red,Lightweight,S-DEC,None,3,Sam Stout,Caros Fodor
Kenny Robertson,Brock Jardine,2/23/13,"Anaheim, California, USA",Red,Welterweight,SUB,Kneebar,1,Kenny Robertson,Brock Jardine
Jon Manley,Neil Magny,2/23/13,"Anaheim, California, USA",Blue,Welterweight,U-DEC,None,3,Neil Magny,Jon Manley
Nah-Shon Burrell,Yuri Villefort,2/23/13,"Anaheim, California, USA",Red,Welterweight,U-DEC,None,3,Nah-Shon Burrell,Yuri Villefort
Renan Barao,Michael McDonald,2/16/13,"London, England, United Kingdom",Red,Bantamweight,SUB,Arm Triangle,4,Renan Barao,Michael McDonald
Cub Swanson,Dustin Poirier,2/16/13,"London, England, United Kingdom",Red,Featherweight,U-DEC,None,3,Cub Swanson,Dustin Poirier
Jimi Manuwa,Cyrille Diabate,2/16/13,"London, England, United Kingdom",Red,Light Heavyweight,KO/TKO,None,1,Jimi Manuwa,Cyrille Diabate
Gunnar Nelson,Jorge Santiago,2/16/13,"London, England, United Kingdom",Red,Welterweight,U-DEC,None,3,Gunnar Nelson,Jorge Santiago
James Te Huna,Ryan Jimmo,2/16/13,"London, England, United Kingdom",Red,Light Heavyweight,U-DEC,None,3,James Te Huna,Ryan Jimmo
Terry Etim,Renee Forte,2/16/13,"London, England, United Kingdom",Blue,Lightweight,U-DEC,None,3,Renee Forte,Terry Etim
Paul Sass,Danny Castillo,2/16/13,"London, England, United Kingdom",Blue,Lightweight,U-DEC,None,3,Danny Castillo,Paul Sass
Andy Ogle,Josh Grispi,2/16/13,"London, England, United Kingdom",Red,Featherweight,U-DEC,None,3,Andy Ogle,Josh Grispi
Tom Watson,Stanislav Nedkov,2/16/13,"London, England, United Kingdom",Red,Middleweight,KO/TKO,Knee,2,Tom Watson,Stanislav Nedkov
Vaughan Lee,Motonobu Tezuka,2/16/13,"London, England, United Kingdom",Red,Bantamweight,U-DEC,None,3,Vaughan Lee,Motonobu Tezuka
Phil Harris,Ulysses Gomez,2/16/13,"London, England, United Kingdom",Red,Flyweight,U-DEC,None,3,Phil Harris,Ulysses Gomez
Jose Aldo,Frankie Edgar,2/2/13,"Las Vegas, Nevada, USA",Red,Featherweight,U-DEC,None,5,Jose Aldo,Frankie Edgar
Rashad Evans,Rogerio Nogueira,2/2/13,"Las Vegas, Nevada, USA",Blue,Light Heavyweight,U-DEC,None,3,Rogerio Nogueira,Rashad Evans
Alistair Overeem,Antonio Silva,2/2/13,"Las Vegas, Nevada, USA",Blue,Heavyweight,KO/TKO,Punches,3,Antonio Silva,Alistair Overeem
Jon Fitch,Demian Maia,2/2/13,"Las Vegas, Nevada, USA",Blue,Welterweight,U-DEC,None,3,Demian Maia,Jon Fitch
Joseph Benavidez,Ian McCall,2/2/13,"Las Vegas, Nevada, USA",Red,Flyweight,U-DEC,None,3,Joseph Benavidez,Ian McCall
Gleison Tibau,Evan Dunham,2/2/13,"Las Vegas, Nevada, USA",Blue,Lightweight,S-DEC,None,3,Evan Dunham,Gleison Tibau
Tyron Woodley,Jay Hieron,2/2/13,"Las Vegas, Nevada, USA",Red,Welterweight,KO/TKO,Punch,1,Tyron Woodley,Jay Hieron
Jacob Volkmann,Bobby Green,2/2/13,"Las Vegas, Nevada, USA",Blue,Lightweight,SUB,Rear Naked Choke,3,Bobby Green,Jacob Volkmann
Yves Edwards,Isaac Vallie-Flagg,2/2/13,"Las Vegas, Nevada, USA",Blue,Lightweight,S-DEC,None,3,Isaac Vallie-Flagg,Yves Edwards
Chico Camus,Dustin Kimura,2/2/13,"Las Vegas, Nevada, USA",Blue,Bantamweight,SUB,Rear Naked Choke,3,Dustin Kimura,Chico Camus
Edwin Figueroa,Francisco Rivera,2/2/13,"Las Vegas, Nevada, USA",Blue,Bantamweight,KO/TKO,Punches,2,Francisco Rivera,Edwin Figueroa
Demetrious Johnson,John Dodson,1/26/13,"Chicago, Illinois, USA",Red,Flyweight,U-DEC,None,5,Demetrious Johnson,John Dodson
Rampage Jackson,Glover Teixeira,1/26/13,"Chicago, Illinois, USA",Blue,Light Heavyweight,,None,,Glover Teixeira,Rampage Jackson
Anthony Pettis,Donald Cerrone,1/26/13,"Chicago, Illinois, USA",Red,Lightweight,KO/TKO,Kick,1,Anthony Pettis,Donald Cerrone
Erik Koch,Ricardo Lamas,1/26/13,"Chicago, Illinois, USA",Blue,Featherweight,KO/TKO,Elbows,2,Ricardo Lamas,Erik Koch
TJ Grant,Matt Wiman,1/26/13,"Chicago, Illinois, USA",Red,Lightweight,KO/TKO,Elbows,1,TJ Grant,Matt Wiman
Clay Guida,Hatsu Hioki,1/26/13,"Chicago, Illinois, USA",Red,Featherweight,S-DEC,None,3,Clay Guida,Hatsu Hioki
Mike Stumpf,Pascal Krauss,1/26/13,"Chicago, Illinois, USA",Blue,Welterweight,U-DEC,None,3,Pascal Krauss,Mike Stumpf
Ryan Bader,Vladimir Matyushenko,1/26/13,"Chicago, Illinois, USA",Red,Light Heavyweight,SUB,Guillotine Choke,1,Ryan Bader,Vladimir Matyushenko
Mike Russow,Shawn Jordan,1/26/13,"Chicago, Illinois, USA",Blue,Heavyweight,KO/TKO,None,2,Shawn Jordan,Mike Russow
Rafael Natal,Sean Spencer,1/26/13,"Chicago, Illinois, USA",Red,Middleweight,SUB,Arm Triangle,3,Rafael Natal,Sean Spencer
Simeon Thoresen,David Mitchell,1/26/13,"Chicago, Illinois, USA",Blue,Welterweight,U-DEC,None,3,David Mitchell,Simeon Thoresen
Vitor Belfort,Michael Bisping,1/19/13,"Sao Paulo, Brazil",Red,Middleweight,KO/TKO,Kick,2,Vitor Belfort,Michael Bisping
Daniel Sarafian,CB Dollaway,1/19/13,"Sao Paulo, Brazil",Blue,Middleweight,S-DEC,None,3,CB Dollaway,Daniel Sarafian
Gabriel Gonzaga,Ben Rothwell,1/19/13,"Sao Paulo, Brazil",Red,Heavyweight,SUB,Guillotine Choke,2,Gabriel Gonzaga,Ben Rothwell
Thiago Tavares,Khabib Nurmagomedov,1/19/13,"Sao Paulo, Brazil",Blue,Lightweight,KO/TKO,Elbows,1,Khabib Nurmagomedov,Thiago Tavares
Godofredo Pepey,Milton Vieira,1/19/13,"Sao Paulo, Brazil",Red,Featherweight,S-DEC,None,3,Godofredo Pepey,Milton Vieira
Ronny Markes,Andrew Craig,1/19/13,"Sao Paulo, Brazil",Red,Middleweight,U-DEC,None,3,Ronny Markes,Andrew Craig
Diego Nunes,Nik Lentz,1/19/13,"Sao Paulo, Brazil",Blue,Featherweight,U-DEC,None,3,Nik Lentz,Diego Nunes
Edson Barboza,Lucas Martins,1/19/13,"Sao Paulo, Brazil",Red,Lightweight,KO/TKO,Punches,1,Edson Barboza,Lucas Martins
Wagner Prado,Ildemar Alcantara,1/19/13,"Sao Paulo, Brazil",Blue,Light Heavyweight,SUB,Kneebar,2,Ildemar Alcantara,Wagner Prado
Francisco Trinaldo,CJ Keith,1/19/13,"Sao Paulo, Brazil",Red,Lightweight,SUB,Arm Triangle,2,Francisco Trinaldo,CJ Keith
Junior Dos Santos,Cain Velasquez,12/29/12,"Las Vegas, Nevada, USA",Blue,Heavyweight,U-DEC,None,5,Cain Velasquez,Junior Dos Santos
Jim Miller,Joe Lauzon,12/29/12,"Las Vegas, Nevada, USA",Red,Lightweight,U-DEC,None,3,Jim Miller,Joe Lauzon
Tim Boetsch,Costas Philippou,12/29/12,"Las Vegas, Nevada, USA",Blue,Middleweight,,None,,Costas Philippou,Tim Boetsch
Yushin Okami,Alan Belcher,12/29/12,"Las Vegas, Nevada, USA",Red,Middleweight,U-DEC,None,3,Yushin Okami,Alan Belcher
Chris Leben,Derek Brunson,12/29/12,"Las Vegas, Nevada, USA",Blue,Middleweight,U-DEC,None,3,Derek Brunson,Chris Leben
Brad Pickett,Eddie Wineland,12/29/12,"Las Vegas, Nevada, USA",Blue,Bantamweight,S-DEC,None,3,Eddie Wineland,Brad Pickett
Erik Perez,Byron Bloodworth,12/29/12,"Las Vegas, Nevada, USA",Red,Bantamweight,KO/TKO,Punches,1,Erik Perez,Byron Bloodworth
Melvin Guillard,Jamie Varner,12/29/12,"Las Vegas, Nevada, USA",Blue,Lightweight,S-DEC,None,3,Jamie Varner,Melvin Guillard
Michael Johnson,Myles Jury,12/29/12,"Las Vegas, Nevada, USA",Blue,Lightweight,U-DEC,None,3,Myles Jury,Michael Johnson
Philip De Fries,Todd Duffee,12/29/12,"Las Vegas, Nevada, USA",Blue,Heavyweight,KO/TKO,Punches,1,Todd Duffee,Philip De Fries
Leonard Garcia,Max Holloway,12/29/12,"Las Vegas, Nevada, USA",Blue,Featherweight,S-DEC,None,3,Max Holloway,Leonard Garcia
Chris Cariaso,John Moraga,12/29/12,"Las Vegas, Nevada, USA",Blue,Flyweight,SUB,Guillotine Choke,3,John Moraga,Chris Cariaso
Roy Nelson,Matt Mitrione,12/15/12,"Las Vegas, Nevada, USA",Red,Heavyweight,KO/TKO,Punch,1,Roy Nelson,Matt Mitrione
Colton Smith,Mike Ricci,12/15/12,"Las Vegas, Nevada, USA",Red,Welterweight,U-DEC,None,3,Colton Smith,Mike Ricci
Pat Barry,Shane del Rosario,12/15/12,"Las Vegas, Nevada, USA",Red,Heavyweight,KO/TKO,Punch,2,Pat Barry,Shane del Rosario
Dustin Poirier,Jonathan Brookins,12/15/12,"Las Vegas, Nevada, USA",Red,Featherweight,SUB,D'Arce Choke,1,Dustin Poirier,Jonathan Brookins
Mike Pyle,James Head,12/15/12,"Las Vegas, Nevada, USA",Red,Welterweight,KO/TKO,Knee,1,Mike Pyle,James Head
Johnny Bedford,Marcos Vinicius,12/15/12,"Las Vegas, Nevada, USA",Red,Bantamweight,KO/TKO,Punch,2,Johnny Bedford,Marcos Vinicius
Vinc Pichel,Rustam Khabilov,12/15/12,"Las Vegas, Nevada, USA",Blue,Lightweight,KO/TKO,Slam,1,Rustam Khabilov,Vinc Pichel
TJ Waldburger,Nick Catone,12/15/12,"Las Vegas, Nevada, USA",Red,Welterweight,SUB,Triangle Choke,2,TJ Waldburger,Nick Catone
Reuben Duran,Hugo Viana,12/15/12,"Las Vegas, Nevada, USA",Blue,Bantamweight,KO/TKO,Punch,1,Hugo Viana,Reuben Duran
Mike Rio,John Cofer,12/15/12,"Las Vegas, Nevada, USA",Red,Lightweight,SUB,Armbar,3,Mike Rio,John Cofer
Jared Papazian,Tim Elliott,12/15/12,"Las Vegas, Nevada, USA",Blue,Flyweight,U-DEC,None,3,Tim Elliott,Jared Papazian
George Sotiropoulos,Ross Pearson,12/14/12,"Gold Coast, Queensland, Australia",Blue,Lightweight,KO/TKO,Punch,3,Ross Pearson,George Sotiropoulos
Robert Whittaker,Bradley Scott,12/14/12,"Gold Coast, Queensland, Australia",Red,Welterweight,,None,,Robert Whittaker,Bradley Scott
Colin Fletcher,Norman Parke,12/14/12,"Gold Coast, Queensland, Australia",Blue,Lightweight,U-DEC,None,3,Norman Parke,Colin Fletcher
Hector Lombard,Rousimar Palhares,12/14/12,"Gold Coast, Queensland, Australia",Red,Middleweight,KO/TKO,Punches,1,Hector Lombard,Rousimar Palhares
Chad Mendes,Yaotzin Meza,12/14/12,"Gold Coast, Queensland, Australia",Red,Featherweight,KO/TKO,Punch,1,Chad Mendes,Yaotzin Meza
Mike Pierce,Seth Baczynski,12/14/12,"Gold Coast, Queensland, Australia",Red,Welterweight,U-DEC,None,3,Mike Pierce,Seth Baczynski
Benny Alloway,Manuel Rodriguez,12/14/12,"Gold Coast, Queensland, Australia",Red,Welterweight,,None,,Benny Alloway,Manuel Rodriguez
Brendan Loughnane,Mike Wilkinson,12/14/12,"Gold Coast, Queensland, Australia",Blue,Lightweight,U-DEC,None,3,Mike Wilkinson,Brendan Loughnane
Nick Penner,Cody Donovan,12/14/12,"Gold Coast, Queensland, Australia",Blue,Light Heavyweight,KO/TKO,Punch,1,Cody Donovan,Nick Penner
Benson Henderson,Nate Diaz,12/8/12,"Seattle, Washington, USA",Red,Lightweight,U-DEC,None,5,Benson Henderson,Nate Diaz
Mauricio Rua,Alexander Gustafsson,12/8/12,"Seattle, Washington, USA",Blue,Light Heavyweight,U-DEC,None,3,Alexander Gustafsson,Mauricio Rua
BJ Penn,Rory MacDonald,12/8/12,"Seattle, Washington, USA",Blue,Welterweight,U-DEC,None,3,Rory MacDonald,BJ Penn
Mike Swick,Matt Brown,12/8/12,"Seattle, Washington, USA",Blue,Welterweight,KO/TKO,Punches,2,Matt Brown,Mike Swick
Yves Edwards,Jeremy Stephens,12/8/12,"Seattle, Washington, USA",Red,Lightweight,KO/TKO,Punch,1,Yves Edwards,Jeremy Stephens
Raphael Assuncao,Mike Easton,12/8/12,"Seattle, Washington, USA",Red,Bantamweight,U-DEC,None,3,Raphael Assuncao,Mike Easton
Ramsey Nijem,Joe Proctor,12/8/12,"Seattle, Washington, USA",Red,Lightweight,U-DEC,None,3,Ramsey Nijem,Joe Proctor
Daron Cruickshank,Henry Martinez,12/8/12,"Seattle, Washington, USA",Red,Lightweight,KO/TKO,Kick,2,Daron Cruickshank,Henry Martinez
Marcus LeVesseur,Abel Trujillo,12/8/12,"Seattle, Washington, USA",Blue,Lightweight,KO/TKO,Knees,2,Abel Trujillo,Marcus LeVesseur
Dennis Siver,Nam Phan,12/8/12,"Seattle, Washington, USA",Red,Featherweight,U-DEC,None,3,Dennis Siver,Nam Phan
Scott Jorgensen,John Albert,12/8/12,"Seattle, Washington, USA",Red,Bantamweight,SUB,Rear Naked Choke,1,Scott Jorgensen,John Albert
Georges St-Pierre,Carlos Condit,11/17/12,"Montreal, Quebec, Canada",Red,Welterweight,U-DEC,None,5,Georges St-Pierre,Carlos Condit
Johny Hendricks,Martin Kampmann,11/17/12,"Montreal, Quebec, Canada",Red,Welterweight,KO/TKO,Punch,1,Johny Hendricks,Martin Kampmann
Francis Carmont,Tom Lawlor,11/17/12,"Montreal, Quebec, Canada",Red,Middleweight,S-DEC,None,3,Francis Carmont,Tom Lawlor
Mark Bocek,Rafael Dos Anjos,11/17/12,"Montreal, Quebec, Canada",Blue,Lightweight,U-DEC,None,3,Rafael Dos Anjos,Mark Bocek
Mark Hominick,Pablo Garza,11/17/12,"Montreal, Quebec, Canada",Blue,Featherweight,U-DEC,None,3,Pablo Garza,Mark Hominick
Patrick Cote,Alessio Sakara,11/17/12,"Montreal, Quebec, Canada",Red,Middleweight,DQ,None,1,Patrick Cote,Alessio Sakara
Cyrille Diabate,Chad Griggs,11/17/12,"Montreal, Quebec, Canada",Red,Light Heavyweight,SUB,Rear Naked Choke,1,Cyrille Diabate,Chad Griggs
Sam Stout,John Makdessi,11/17/12,"Montreal, Quebec, Canada",Blue,Lightweight,U-DEC,None,3,John Makdessi,Sam Stout
Antonio Carvalho,Rodrigo Damm,11/17/12,"Montreal, Quebec, Canada",Red,Featherweight,S-DEC,None,3,Antonio Carvalho,Rodrigo Damm
Matthew Riddle,John Maguire,11/17/12,"Montreal, Quebec, Canada",Red,Welterweight,U-DEC,None,3,Matthew Riddle,John Maguire
Ivan Menjivar,Azamat Gashimov,11/17/12,"Montreal, Quebec, Canada",Red,Bantamweight,SUB,Armbar,1,Ivan Menjivar,Azamat Gashimov
Steven Siler,Darren Elkins,11/17/12,"Montreal, Quebec, Canada",Blue,Featherweight,U-DEC,None,3,Darren Elkins,Steven Siler
Rich Franklin,Cung Le,11/10/12,"Macau, China",Blue,Middleweight,KO/TKO,Punch,1,Cung Le,Rich Franklin
Dong Hyun Kim,Paulo Thiago,11/10/12,"Macau, China",Red,Welterweight,U-DEC,None,3,Dong Hyun Kim,Paulo Thiago
Takanori Gomi,Mac Danzig,11/10/12,"Macau, China",Red,Lightweight,S-DEC,None,3,Takanori Gomi,Mac Danzig
Tiequan Zhang,Jon Tuck,11/10/12,"Macau, China",Blue,Lightweight,U-DEC,None,3,Jon Tuck,Tiequan Zhang
Takeya Mizugaki,Jeff Hougland,11/10/12,"Macau, China",Red,Bantamweight,U-DEC,None,3,Takeya Mizugaki,Jeff Hougland
Alex Caceres,Motonobu Tezuka,11/10/12,"Macau, China",Red,Bantamweight,S-DEC,None,3,Alex Caceres,Motonobu Tezuka
Yasuhiro Urushitani,John Lineker,11/10/12,"Macau, China",Blue,Flyweight,U-DEC,None,3,John Lineker,Yasuhiro Urushitani
Riki Fukuda,Tom DeBlass,11/10/12,"Macau, China",Red,Middleweight,U-DEC,None,3,Riki Fukuda,Tom DeBlass
Anderson Silva,Stephan Bonnar,10/13/12,"Rio de Janeiro, Brazil",Red,Light Heavyweight,KO/TKO,Knee,1,Anderson Silva,Stephan Bonnar
Minotauro Nogueira,Dave Herman,10/13/12,"Rio de Janeiro, Brazil",Red,Heavyweight,,None,,Minotauro Nogueira,Dave Herman
Glover Teixeira,Fabio Maldonado,10/13/12,"Rio de Janeiro, Brazil",Red,Light Heavyweight,KO/TKO,None,2,Glover Teixeira,Fabio Maldonado
Jon Fitch,Erick Silva,10/13/12,"Rio de Janeiro, Brazil",Red,Welterweight,U-DEC,None,3,Jon Fitch,Erick Silva
Phil Davis,Wagner Prado,10/13/12,"Rio de Janeiro, Brazil",Red,Light Heavyweight,SUB,Anaconda Choke,2,Phil Davis,Wagner Prado
Demian Maia,Rick Story,10/13/12,"Rio de Janeiro, Brazil",Red,Welterweight,SUB,Rear Naked Choke,1,Demian Maia,Rick Story
Rony Jason,Sam Sicilia,10/13/12,"Rio de Janeiro, Brazil",Red,Featherweight,KO/TKO,Punch,2,Rony Jason,Sam Sicilia
Gleison Tibau,Francisco Trinaldo,10/13/12,"Rio de Janeiro, Brazil",Red,Lightweight,U-DEC,None,3,Gleison Tibau,Francisco Trinaldo
Diego Brandao,Joey Gambino,10/13/12,"Rio de Janeiro, Brazil",Red,Featherweight,U-DEC,None,3,Diego Brandao,Joey Gambino
Sergio Moraes,Renee Forte,10/13/12,"Rio de Janeiro, Brazil",Red,Welterweight,SUB,Rear Naked Choke,3,Sergio Moraes,Renee Forte
Luiz Cane,Chris Camozzi,10/13/12,"Rio de Janeiro, Brazil",Blue,Middleweight,U-DEC,None,3,Chris Camozzi,Luiz Cane
Cristiano Marcello,Reza Madadi,10/13/12,"Rio de Janeiro, Brazil",Red,Lightweight,S-DEC,None,3,Cristiano Marcello,Reza Madadi
Travis Browne,Antonio Silva,10/5/12,"Minneapolis, Minnesota, USA",Blue,Heavyweight,KO/TKO,Punch,1,Antonio Silva,Travis Browne
Jake Ellenberger,Jay Hieron,10/5/12,"Minneapolis, Minnesota, USA",Red,Welterweight,U-DEC,None,3,Jake Ellenberger,Jay Hieron
John Dodson,Jussier Formiga,10/5/12,"Minneapolis, Minnesota, USA",Red,Flyweight,KO/TKO,Punch,2,John Dodson,Jussier Formiga
Josh Neer,Justin Edwards,10/5/12,"Minneapolis, Minnesota, USA",Blue,Welterweight,SUB,Guillotine Choke,1,Justin Edwards,Josh Neer
Michael Johnson,Danny Castillo,10/5/12,"Minneapolis, Minnesota, USA",Red,Lightweight,KO/TKO,Punch,2,Michael Johnson,Danny Castillo
Aaron Simpson,Mike Pierce,10/5/12,"Minneapolis, Minnesota, USA",Blue,Welterweight,KO/TKO,Punch,2,Mike Pierce,Aaron Simpson
Marcus LeVesseur,Carlo Prater,10/5/12,"Minneapolis, Minnesota, USA",Red,Lightweight,S-DEC,None,3,Marcus LeVesseur,Carlo Prater
Jacob Volkmann,Shane Roller,10/5/12,"Minneapolis, Minnesota, USA",Red,Lightweight,SUB,Rear Naked Choke,1,Jacob Volkmann,Shane Roller
Bart Palaszewski,Diego Nunes,10/5/12,"Minneapolis, Minnesota, USA",Blue,Featherweight,U-DEC,None,3,Diego Nunes,Bart Palaszewski
Darren Uyenoyama,Phil Harris,10/5/12,"Minneapolis, Minnesota, USA",Red,Flyweight,SUB,Rear Naked Choke,2,Darren Uyenoyama,Phil Harris
Stefan Struve,Stipe Miocic,9/29/12,"Nottingham, England, United Kingdom",Red,Heavyweight,KO/TKO,Punches,2,Stefan Struve,Stipe Miocic
Dan Hardy,Amir Sadollah,9/29/12,"Nottingham, England, United Kingdom",Red,Welterweight,U-DEC,None,3,Dan Hardy,Amir Sadollah
Brad Pickett,Yves Jabouin,9/29/12,"Nottingham, England, United Kingdom",Red,Bantamweight,KO/TKO,Punch,1,Brad Pickett,Yves Jabouin
Paul Sass,Matt Wiman,9/29/12,"Nottingham, England, United Kingdom",Blue,Lightweight,SUB,Armbar,1,Matt Wiman,Paul Sass
John Hathaway,John Maguire,9/29/12,"Nottingham, England, United Kingdom",Red,Welterweight,U-DEC,None,3,John Hathaway,John Maguire
Che Mills,Duane Ludwig,9/29/12,"Nottingham, England, United Kingdom",Red,Welterweight,KO/TKO,None,1,Che Mills,Duane Ludwig
Kyle Kingsbury,Jimi Manuwa,9/29/12,"Nottingham, England, United Kingdom",Blue,Light Heavyweight,KO/TKO,None,2,Jimi Manuwa,Kyle Kingsbury
Andy Ogle,Akira Corassani,9/29/12,"Nottingham, England, United Kingdom",Blue,Featherweight,S-DEC,None,3,Akira Corassani,Andy Ogle
Tom Watson,Brad Tavares,9/29/12,"Nottingham, England, United Kingdom",Blue,Middleweight,S-DEC,None,3,Brad Tavares,Tom Watson
DaMarques Johnson,Gunnar Nelson,9/29/12,"Nottingham, England, United Kingdom",Blue,Catch Weight,SUB,Rear Naked Choke,1,Gunnar Nelson,DaMarques Johnson
Jason Young,Robert Peralta,9/29/12,"Nottingham, England, United Kingdom",Blue,Featherweight,KO/TKO,Punch,1,Robert Peralta,Jason Young
Jon Jones,Vitor Belfort,9/22/12,"Toronto, Ontario, Canada",Red,Light Heavyweight,SUB,Keylock,4,Jon Jones,Vitor Belfort
Joseph Benavidez,Demetrious Johnson,9/22/12,"Toronto, Ontario, Canada",Blue,Flyweight,S-DEC,None,5,Demetrious Johnson,Joseph Benavidez
Michael Bisping,Brian Stann,9/22/12,"Toronto, Ontario, Canada",Red,Middleweight,U-DEC,None,3,Michael Bisping,Brian Stann
Matt Hamill,Roger Hollett,9/22/12,"Toronto, Ontario, Canada",Red,Light Heavyweight,U-DEC,None,3,Matt Hamill,Roger Hollett
Cub Swanson,Charles Oliveira,9/22/12,"Toronto, Ontario, Canada",Red,Featherweight,KO/TKO,Punch,1,Cub Swanson,Charles Oliveira
Igor Pokrajac,Vinny Magalhaes,9/22/12,"Toronto, Ontario, Canada",Blue,Light Heavyweight,SUB,Armbar,2,Vinny Magalhaes,Igor Pokrajac
TJ Grant,Evan Dunham,9/22/12,"Toronto, Ontario, Canada",Red,Lightweight,U-DEC,None,3,TJ Grant,Evan Dunham
Sean Pierson,Lance Benoist,9/22/12,"Toronto, Ontario, Canada",Red,Welterweight,U-DEC,None,3,Sean Pierson,Lance Benoist
Jimy Hettes,Marcus Brimage,9/22/12,"Toronto, Ontario, Canada",Blue,Featherweight,U-DEC,None,3,Marcus Brimage,Jimy Hettes
Seth Baczynski,Simeon Thoresen,9/22/12,"Toronto, Ontario, Canada",Red,Welterweight,KO/TKO,Punch,1,Seth Baczynski,Simeon Thoresen
Mitch Gagnon,Walel Watson,9/22/12,"Toronto, Ontario, Canada",Red,Bantamweight,SUB,Rear Naked Choke,1,Mitch Gagnon,Walel Watson
Kyle Noke,Charlie Brenneman,9/22/12,"Toronto, Ontario, Canada",Red,Welterweight,KO/TKO,Punch,1,Kyle Noke,Charlie Brenneman
Benson Henderson,Frankie Edgar,8/11/12,"Denver, Colorado, USA",Red,Lightweight,S-DEC,None,5,Benson Henderson,Frankie Edgar
Donald Cerrone,Melvin Guillard,8/11/12,"Denver, Colorado, USA",Red,Lightweight,KO/TKO,Kick,1,Donald Cerrone,Melvin Guillard
Yushin Okami,Buddy Roberts,8/11/12,"Denver, Colorado, USA",Red,Middleweight,KO/TKO,Punches,2,Yushin Okami,Buddy Roberts
Justin Lawrence,Max Holloway,8/11/12,"Denver, Colorado, USA",Blue,Featherweight,KO/TKO,Punch,2,Max Holloway,Justin Lawrence
Dennis Bermudez,Tommy Hayden,8/11/12,"Denver, Colorado, USA",Red,Featherweight,SUB,Guillotine Choke,1,Dennis Bermudez,Tommy Hayden
Jared Hamman,Michael Kuiper,8/11/12,"Denver, Colorado, USA",Blue,Middleweight,KO/TKO,Punch,2,Michael Kuiper,Jared Hamman
Ken Stone,Erik Perez,8/11/12,"Denver, Colorado, USA",Blue,Bantamweight,KO/TKO,Punch,1,Erik Perez,Ken Stone
Dustin Pague,Chico Camus,8/11/12,"Denver, Colorado, USA",Blue,Bantamweight,U-DEC,None,3,Chico Camus,Dustin Pague
Nik Lentz,Eiji Mitsuoka,8/11/12,"Denver, Colorado, USA",Red,Featherweight,KO/TKO,Punches,1,Nik Lentz,Eiji Mitsuoka
Mauricio Rua,Brandon Vera,8/4/12,"Los Angeles, California, USA",Red,Light Heavyweight,KO/TKO,Punches,4,Mauricio Rua,Brandon Vera
Lyoto Machida,Ryan Bader,8/4/12,"Los Angeles, California, USA",Red,Light Heavyweight,KO/TKO,Punch,2,Lyoto Machida,Ryan Bader
Joe Lauzon,Jamie Varner,8/4/12,"Los Angeles, California, USA",Red,Lightweight,SUB,Triangle Choke,3,Joe Lauzon,Jamie Varner
Mike Swick,DaMarques Johnson,8/4/12,"Los Angeles, California, USA",Red,Welterweight,KO/TKO,Punch,2,Mike Swick,DaMarques Johnson
Cole Miller,Nam Phan,8/4/12,"Los Angeles, California, USA",Blue,Featherweight,S-DEC,None,3,Nam Phan,Cole Miller
Josh Grispi,Rani Yahya,8/4/12,"Los Angeles, California, USA",Blue,Featherweight,SUB,North-South Choke,1,Rani Yahya,Josh Grispi
Philip De Fries,Oli Thompson,8/4/12,"Los Angeles, California, USA",Red,Heavyweight,SUB,Other - Lock,2,Philip De Fries,Oli Thompson
Manvel Gamburyan,Michihiro Omigawa,8/4/12,"Los Angeles, California, USA",Red,Featherweight,U-DEC,None,3,Manvel Gamburyan,Michihiro Omigawa
John Moraga,Ulysses Gomez,8/4/12,"Los Angeles, California, USA",Red,Flyweight,KO/TKO,Elbow,1,John Moraga,Ulysses Gomez
Urijah Faber,Renan Barao,7/21/12,"Calgary, Alberta, Canada",Blue,Bantamweight,U-DEC,None,5,Renan Barao,Urijah Faber
Hector Lombard,Tim Boetsch,7/21/12,"Calgary, Alberta, Canada",Blue,Middleweight,S-DEC,None,3,Tim Boetsch,Hector Lombard
Cheick Kongo,Shawn Jordan,7/21/12,"Calgary, Alberta, Canada",Red,Heavyweight,U-DEC,None,3,Cheick Kongo,Shawn Jordan
Brian Ebersole,James Head,7/21/12,"Calgary, Alberta, Canada",Blue,Welterweight,S-DEC,None,3,James Head,Brian Ebersole
Court McGee,Nick Ring,7/21/12,"Calgary, Alberta, Canada",Blue,Middleweight,U-DEC,None,3,Nick Ring,Court McGee
Anthony Perosh,Ryan Jimmo,7/21/12,"Calgary, Alberta, Canada",Blue,Light Heavyweight,KO/TKO,Punch,1,Ryan Jimmo,Anthony Perosh
Bryan Caraway,Mitch Gagnon,7/21/12,"Calgary, Alberta, Canada",Red,Bantamweight,SUB,Rear Naked Choke,3,Bryan Caraway,Mitch Gagnon
Antonio Carvalho,Daniel Pineda,7/21/12,"Calgary, Alberta, Canada",Red,Featherweight,KO/TKO,Punch,1,Antonio Carvalho,Daniel Pineda
Mitch Clarke,Anton Kuivanen,7/21/12,"Calgary, Alberta, Canada",Blue,Lightweight,S-DEC,None,3,Anton Kuivanen,Mitch Clarke
Mark Munoz,Chris Weidman,7/11/12,"San Jose, California, USA",Blue,Middleweight,KO/TKO,Elbow,2,Chris Weidman,Mark Munoz
James Te Huna,Joey Beltran,7/11/12,"San Jose, California, USA",Red,Light Heavyweight,U-DEC,None,3,James Te Huna,Joey Beltran
Aaron Simpson,Kenny Robertson,7/11/12,"San Jose, California, USA",Red,Welterweight,U-DEC,None,3,Aaron Simpson,Kenny Robertson
Karlos Vemola,Francis Carmont,7/11/12,"San Jose, California, USA",Blue,Middleweight,SUB,Rear Naked Choke,2,Francis Carmont,Karlos Vemola
TJ Dillashaw,Vaughan Lee,7/11/12,"San Jose, California, USA",Red,Bantamweight,SUB,Rear Naked Choke,1,TJ Dillashaw,Vaughan Lee
Rafael Dos Anjos,Anthony Njokuani,7/11/12,"San Jose, California, USA",Red,Lightweight,U-DEC,None,3,Rafael Dos Anjos,Anthony Njokuani
Damacio Page,Alex Caceres,7/11/12,"San Jose, California, USA",Blue,Bantamweight,SUB,Triangle Choke,2,Alex Caceres,Damacio Page
Chris Cariaso,Josh Ferguson,7/11/12,"San Jose, California, USA",Red,Flyweight,U-DEC,None,3,Chris Cariaso,Josh Ferguson
Rafael Natal,Andrew Craig,7/11/12,"San Jose, California, USA",Blue,Middleweight,KO/TKO,Kick,2,Andrew Craig,Rafael Natal
Marcelo Guimaraes,Dan Stittgen,7/11/12,"San Jose, California, USA",Red,Welterweight,S-DEC,None,3,Marcelo Guimaraes,Dan Stittgen
Raphael Assuncao,Issei Tamura,7/11/12,"San Jose, California, USA",Red,Bantamweight,KO/TKO,Punch,2,Raphael Assuncao,Issei Tamura
Anderson Silva,Chael Sonnen,7/7/12,"Las Vegas, Nevada, USA",Red,Middleweight,KO/TKO,Punch,2,Anderson Silva,Chael Sonnen
Forrest Griffin,Tito Ortiz,7/7/12,"Las Vegas, Nevada, USA",Red,Light Heavyweight,U-DEC,None,3,Forrest Griffin,Tito Ortiz
Cung Le,Patrick Cote,7/7/12,"Las Vegas, Nevada, USA",Red,Middleweight,U-DEC,None,3,Cung Le,Patrick Cote
Dong Hyun Kim,Demian Maia,7/7/12,"Las Vegas, Nevada, USA",Blue,Welterweight,KO/TKO,None,1,Demian Maia,Dong Hyun Kim
Chad Mendes,Cody McKenzie,7/7/12,"Las Vegas, Nevada, USA",Red,Featherweight,KO/TKO,Punch,1,Chad Mendes,Cody McKenzie
Ivan Menjivar,Mike Easton,7/7/12,"Las Vegas, Nevada, USA",Blue,Bantamweight,U-DEC,None,3,Mike Easton,Ivan Menjivar
Melvin Guillard,Fabricio Camoes,7/7/12,"Las Vegas, Nevada, USA",Red,Lightweight,U-DEC,None,3,Melvin Guillard,Fabricio Camoes
Gleison Tibau,Khabib Nurmagomedov,7/7/12,"Las Vegas, Nevada, USA",Blue,Lightweight,U-DEC,None,3,Khabib Nurmagomedov,Gleison Tibau
Costas Philippou,Riki Fukuda,7/7/12,"Las Vegas, Nevada, USA",Red,Middleweight,,None,,Costas Philippou,Riki Fukuda
John Alessio,Shane Roller,7/7/12,"Las Vegas, Nevada, USA",Blue,Lightweight,U-DEC,None,3,Shane Roller,John Alessio
Rafaello Oliveira,Yoislandy Izquierdo,7/7/12,"Las Vegas, Nevada, USA",Red,Lightweight,U-DEC,None,3,Rafaello Oliveira,Yoislandy Izquierdo
Wanderlei Silva,Rich Franklin,6/23/12,"Belo Horizonte, Minas Gerais, Brazil",Blue,Catch Weight,U-DEC,None,5,Rich Franklin,Wanderlei Silva
Cezar Ferreira,Sergio Moraes,6/23/12,"Belo Horizonte, Minas Gerais, Brazil",Red,Middleweight,U-DEC,None,3,Cezar Ferreira,Sergio Moraes
Godofredo Pepey,Rony Jason,6/23/12,"Belo Horizonte, Minas Gerais, Brazil",Blue,Featherweight,U-DEC,None,3,Rony Jason,Godofredo Pepey
Fabricio Werdum,Mike Russow,6/23/12,"Belo Horizonte, Minas Gerais, Brazil",Red,Heavyweight,KO/TKO,Punch,1,Fabricio Werdum,Mike Russow
Iuri Alcantara,Hacran Dias,6/23/12,"Belo Horizonte, Minas Gerais, Brazil",Blue,Featherweight,U-DEC,None,3,Hacran Dias,Iuri Alcantara
Anistavio Medeiros,Rodrigo Damm,6/23/12,"Belo Horizonte, Minas Gerais, Brazil",Blue,Featherweight,SUB,Rear Naked Choke,1,Rodrigo Damm,Anistavio Medeiros
Delson Heleno,Francisco Trinaldo,6/23/12,"Belo Horizonte, Minas Gerais, Brazil",Blue,Middleweight,KO/TKO,Punches,1,Francisco Trinaldo,Delson Heleno
John Teixeira,Hugo Viana,6/23/12,"Belo Horizonte, Minas Gerais, Brazil",Blue,Featherweight,S-DEC,None,3,Hugo Viana,John Teixeira
Thiago Perpetuo,Leonardo Mafra,6/23/12,"Belo Horizonte, Minas Gerais, Brazil",Red,Middleweight,KO/TKO,Punch,3,Thiago Perpetuo,Leonardo Mafra
Marcos Vinicius,Wagner Campos,6/23/12,"Belo Horizonte, Minas Gerais, Brazil",Red,Featherweight,KO/TKO,Punches,3,Marcos Vinicius,Wagner Campos
Gray Maynard,Clay Guida,6/22/12,"Atlantic City, New Jersey, USA",Red,Lightweight,S-DEC,None,5,Gray Maynard,Clay Guida
Sam Stout,Spencer Fisher,6/22/12,"Atlantic City, New Jersey, USA",Red,Lightweight,U-DEC,None,3,Sam Stout,Spencer Fisher
Brian Ebersole,TJ Waldburger,6/22/12,"Atlantic City, New Jersey, USA",Red,Welterweight,U-DEC,None,3,Brian Ebersole,TJ Waldburger
Ross Pearson,Cub Swanson,6/22/12,"Atlantic City, New Jersey, USA",Blue,Featherweight,KO/TKO,Punch,2,Cub Swanson,Ross Pearson
Hatsu Hioki,Ricardo Lamas,6/22/12,"Atlantic City, New Jersey, USA",Blue,Featherweight,U-DEC,None,3,Ricardo Lamas,Hatsu Hioki
Ramsey Nijem,CJ Keith,6/22/12,"Atlantic City, New Jersey, USA",Red,Lightweight,KO/TKO,Punch,1,Ramsey Nijem,CJ Keith
Rick Story,Brock Jardine,6/22/12,"Atlantic City, New Jersey, USA",Red,Welterweight,U-DEC,None,3,Rick Story,Brock Jardine
Steven Siler,Joey Gambino,6/22/12,"Atlantic City, New Jersey, USA",Red,Featherweight,SUB,Guillotine Choke,1,Steven Siler,Joey Gambino
Nick Catone,Chris Camozzi,6/22/12,"Atlantic City, New Jersey, USA",Blue,Middleweight,KO/TKO,None,3,Chris Camozzi,Nick Catone
Matt Brown,Luis Ramos,6/22/12,"Atlantic City, New Jersey, USA",Red,Welterweight,KO/TKO,Knees,2,Matt Brown,Luis Ramos
Dan Miller,Ricardo Funch,6/22/12,"Atlantic City, New Jersey, USA",Red,Welterweight,SUB,Guillotine Choke,3,Dan Miller,Ricardo Funch
Ken Stone,Dustin Pague,6/22/12,"Atlantic City, New Jersey, USA",Red,Bantamweight,S-DEC,None,3,Ken Stone,Dustin Pague
Demetrious Johnson,Ian McCall,6/8/12,"Sunrise, Florida, USA",Red,Flyweight,U-DEC,None,3,Demetrious Johnson,Ian McCall
Erick Silva,Charlie Brenneman,6/8/12,"Sunrise, Florida, USA",Red,Welterweight,SUB,Rear Naked Choke,1,Erick Silva,Charlie Brenneman
Mike Pyle,Josh Neer,6/8/12,"Sunrise, Florida, USA",Red,Welterweight,KO/TKO,Punch,1,Mike Pyle,Josh Neer
Eddie Wineland,Scott Jorgensen,6/8/12,"Sunrise, Florida, USA",Red,Bantamweight,KO/TKO,Punch,2,Eddie Wineland,Scott Jorgensen
Mike Pierce,Carlos Eduardo Rocha,6/8/12,"Sunrise, Florida, USA",Red,Welterweight,U-DEC,None,3,Mike Pierce,Carlos Eduardo Rocha
Seth Baczynski,Lance Benoist,6/8/12,"Sunrise, Florida, USA",Red,Welterweight,S-DEC,None,3,Seth Baczynski,Lance Benoist
Leonard Garcia,Matt Grice,6/8/12,"Sunrise, Florida, USA",Blue,Featherweight,U-DEC,None,3,Matt Grice,Leonard Garcia
Dustin Pague,Jared Papazian,6/8/12,"Sunrise, Florida, USA",Red,Bantamweight,SUB,Rear Naked Choke,1,Dustin Pague,Jared Papazian
Tim Means,Justin Salas,6/8/12,"Sunrise, Florida, USA",Red,Lightweight,KO/TKO,Punches,1,Tim Means,Justin Salas
Buddy Roberts,Caio Magalhaes,6/8/12,"Sunrise, Florida, USA",Red,Middleweight,U-DEC,None,3,Buddy Roberts,Caio Magalhaes
Henry Martinez,Bernardo Magalhaes,6/8/12,"Sunrise, Florida, USA",Red,Lightweight,S-DEC,None,3,Henry Martinez,Bernardo Magalhaes
Jake Hecht,Sean Pierson,6/8/12,"Sunrise, Florida, USA",Blue,Welterweight,U-DEC,None,3,Sean Pierson,Jake Hecht
Jake Ellenberger,Martin Kampmann,6/1/12,"Las Vegas, Nevada, USA",Blue,Welterweight,KO/TKO,Knee,2,Martin Kampmann,Jake Ellenberger
Michael Chiesa,Al Iaquinta,6/1/12,"Las Vegas, Nevada, USA",Red,Lightweight,SUB,Rear Naked Choke,1,Michael Chiesa,Al Iaquinta
Jonathan Brookins,Charles Oliveira,6/1/12,"Las Vegas, Nevada, USA",Blue,Featherweight,SUB,Guillotine Choke,2,Charles Oliveira,Jonathan Brookins
Max Holloway,Pat Schilling,6/1/12,"Las Vegas, Nevada, USA",Red,Featherweight,U-DEC,None,3,Max Holloway,Pat Schilling
Justin Lawrence,John Cofer,6/1/12,"Las Vegas, Nevada, USA",Red,Lightweight,KO/TKO,Kick,3,Justin Lawrence,John Cofer
Daron Cruickshank,Chris Tickle,6/1/12,"Las Vegas, Nevada, USA",Red,Lightweight,U-DEC,None,3,Daron Cruickshank,Chris Tickle
Myles Jury,Chris Saunders,6/1/12,"Las Vegas, Nevada, USA",Red,Lightweight,SUB,Guillotine Choke,1,Myles Jury,Chris Saunders
Cristiano Marcello,Sam Sicilia,6/1/12,"Las Vegas, Nevada, USA",Blue,Lightweight,KO/TKO,Knee,2,Sam Sicilia,Cristiano Marcello
Joe Proctor,Jeremy Larsen,6/1/12,"Las Vegas, Nevada, USA",Red,Lightweight,KO/TKO,Knee,1,Joe Proctor,Jeremy Larsen
John Albert,Erik Perez,6/1/12,"Las Vegas, Nevada, USA",Blue,Bantamweight,SUB,Armbar,1,Erik Perez,John Albert
Junior Dos Santos,Frank Mir,5/26/12,"Las Vegas, Nevada, USA",Red,Heavyweight,KO/TKO,Punch,2,Junior Dos Santos,Frank Mir
Cain Velasquez,Antonio Silva,5/26/12,"Las Vegas, Nevada, USA",Red,Heavyweight,KO/TKO,Punches,1,Cain Velasquez,Antonio Silva
Roy Nelson,Dave Herman,5/26/12,"Las Vegas, Nevada, USA",Red,Heavyweight,KO/TKO,Punch,1,Roy Nelson,Dave Herman
Stipe Miocic,Shane del Rosario,5/26/12,"Las Vegas, Nevada, USA",Red,Heavyweight,KO/TKO,Elbows,2,Stipe Miocic,Shane del Rosario
Stefan Struve,Lavar Johnson,5/26/12,"Las Vegas, Nevada, USA",Red,Heavyweight,SUB,Armbar,1,Stefan Struve,Lavar Johnson
Diego Brandao,Darren Elkins,5/26/12,"Las Vegas, Nevada, USA",Blue,Featherweight,U-DEC,None,3,Darren Elkins,Diego Brandao
Edson Barboza,Jamie Varner,5/26/12,"Las Vegas, Nevada, USA",Blue,Lightweight,KO/TKO,Punches,1,Jamie Varner,Edson Barboza
Jason Miller,CB Dollaway,5/26/12,"Las Vegas, Nevada, USA",Blue,Middleweight,U-DEC,None,3,CB Dollaway,Jason Miller
Dan Hardy,Duane Ludwig,5/26/12,"Las Vegas, Nevada, USA",Red,Welterweight,KO/TKO,Punch,1,Dan Hardy,Duane Ludwig
Jacob Volkmann,Paul Sass,5/26/12,"Las Vegas, Nevada, USA",Blue,Lightweight,SUB,Triangle Choke,1,Paul Sass,Jacob Volkmann
Kyle Kingsbury,Glover Teixeira,5/26/12,"Las Vegas, Nevada, USA",Blue,Light Heavyweight,SUB,Arm Triangle,1,Glover Teixeira,Kyle Kingsbury
Mike Brown,Daniel Pineda,5/26/12,"Las Vegas, Nevada, USA",Red,Featherweight,U-DEC,None,3,Mike Brown,Daniel Pineda
Chan Sung Jung,Dustin Poirier,5/15/12,"Fairfax, Virginia, USA",Red,Featherweight,SUB,D'Arce Choke,4,Chan Sung Jung,Dustin Poirier
Amir Sadollah,Jorge Lopez,5/15/12,"Fairfax, Virginia, USA",Red,Welterweight,S-DEC,None,3,Amir Sadollah,Jorge Lopez
Donald Cerrone,Jeremy Stephens,5/15/12,"Fairfax, Virginia, USA",Red,Lightweight,U-DEC,None,3,Donald Cerrone,Jeremy Stephens
Yves Jabouin,Jeff Hougland,5/15/12,"Fairfax, Virginia, USA",Red,Bantamweight,U-DEC,None,3,Yves Jabouin,Jeff Hougland
Igor Pokrajac,Fabio Maldonado,5/15/12,"Fairfax, Virginia, USA",Red,Light Heavyweight,U-DEC,None,3,Igor Pokrajac,Fabio Maldonado
Jason MacDonald,Tom Lawlor,5/15/12,"Fairfax, Virginia, USA",Blue,Middleweight,KO/TKO,Punch,1,Tom Lawlor,Jason MacDonald
Brad Tavares,Dongi Yang,5/15/12,"Fairfax, Virginia, USA",Red,Middleweight,U-DEC,None,3,Brad Tavares,Dongi Yang
Cody McKenzie,Marcus LeVesseur,5/15/12,"Fairfax, Virginia, USA",Red,Lightweight,SUB,Guillotine Choke,1,Cody McKenzie,Marcus LeVesseur
TJ Grant,Carlo Prater,5/15/12,"Fairfax, Virginia, USA",Red,Lightweight,U-DEC,None,3,TJ Grant,Carlo Prater
Rafael Dos Anjos,Kamal Shalorus,5/15/12,"Fairfax, Virginia, USA",Red,Lightweight,SUB,Rear Naked Choke,1,Rafael Dos Anjos,Kamal Shalorus
Jeff Curran,Johnny Eduardo,5/15/12,"Fairfax, Virginia, USA",Blue,Bantamweight,U-DEC,None,3,Johnny Eduardo,Jeff Curran
Alex Soto,Francisco Rivera,5/15/12,"Fairfax, Virginia, USA",Blue,Bantamweight,U-DEC,None,3,Francisco Rivera,Alex Soto
Nate Diaz,Jim Miller,5/5/12,"East Rutherford, New Jersey, USA",Red,Lightweight,SUB,Guillotine Choke,2,Nate Diaz,Jim Miller
Josh Koscheck,Johny Hendricks,5/5/12,"East Rutherford, New Jersey, USA",Blue,Welterweight,S-DEC,None,3,Johny Hendricks,Josh Koscheck
Rousimar Palhares,Alan Belcher,5/5/12,"East Rutherford, New Jersey, USA",Blue,Middleweight,KO/TKO,Punches,1,Alan Belcher,Rousimar Palhares
Pat Barry,Lavar Johnson,5/5/12,"East Rutherford, New Jersey, USA",Blue,Heavyweight,KO/TKO,Punches,1,Lavar Johnson,Pat Barry
Tony Ferguson,Michael Johnson,5/5/12,"East Rutherford, New Jersey, USA",Blue,Lightweight,U-DEC,None,3,Michael Johnson,Tony Ferguson
John Dodson,Tim Elliott,5/5/12,"East Rutherford, New Jersey, USA",Red,Flyweight,U-DEC,None,3,John Dodson,Tim Elliott
John Hathaway,Pascal Krauss,5/5/12,"East Rutherford, New Jersey, USA",Red,Welterweight,U-DEC,None,3,John Hathaway,Pascal Krauss
Louis Gaudinot,John Lineker,5/5/12,"East Rutherford, New Jersey, USA",Red,Flyweight,SUB,Guillotine Choke,2,Louis Gaudinot,John Lineker
Danny Castillo,John Cholish,5/5/12,"East Rutherford, New Jersey, USA",Red,Lightweight,U-DEC,None,3,Danny Castillo,John Cholish
Dennis Bermudez,Pablo Garza,5/5/12,"East Rutherford, New Jersey, USA",Red,Featherweight,U-DEC,None,3,Dennis Bermudez,Pablo Garza
Roland Delorme,Nick Denis,5/5/12,"East Rutherford, New Jersey, USA",Red,Bantamweight,SUB,Rear Naked Choke,1,Roland Delorme,Nick Denis
Mike Massenzio,Karlos Vemola,5/5/12,"East Rutherford, New Jersey, USA",Blue,Middleweight,SUB,Rear Naked Choke,2,Karlos Vemola,Mike Massenzio
Jon Jones,Rashad Evans,4/21/12,"Atlanta, Georgia, USA",Red,Light Heavyweight,U-DEC,None,5,Jon Jones,Rashad Evans
Rory MacDonald,Che Mills,4/21/12,"Atlanta, Georgia, USA",Red,Welterweight,KO/TKO,Punches,2,Rory MacDonald,Che Mills
Brendan Schaub,Ben Rothwell,4/21/12,"Atlanta, Georgia, USA",Blue,Heavyweight,KO/TKO,Punch,1,Ben Rothwell,Brendan Schaub
Miguel Torres,Michael McDonald,4/21/12,"Atlanta, Georgia, USA",Blue,Bantamweight,KO/TKO,Punch,1,Michael McDonald,Miguel Torres
Mark Hominick,Eddie Yagin,4/21/12,"Atlanta, Georgia, USA",Blue,Featherweight,S-DEC,None,3,Eddie Yagin,Mark Hominick
Mark Bocek,John Alessio,4/21/12,"Atlanta, Georgia, USA",Red,Lightweight,U-DEC,None,3,Mark Bocek,John Alessio
Travis Browne,Chad Griggs,4/21/12,"Atlanta, Georgia, USA",Red,Heavyweight,SUB,Arm Triangle,1,Travis Browne,Chad Griggs
Matt Brown,Stephen Thompson,4/21/12,"Atlanta, Georgia, USA",Red,Welterweight,U-DEC,None,3,Matt Brown,Stephen Thompson
John Makdessi,Anthony Njokuani,4/21/12,"Atlanta, Georgia, USA",Blue,Lightweight,U-DEC,None,3,Anthony Njokuani,John Makdessi
Mac Danzig,Efrain Escudero,4/21/12,"Atlanta, Georgia, USA",Red,Lightweight,U-DEC,None,3,Mac Danzig,Efrain Escudero
Keith Wisniewski,Chris Clements,4/21/12,"Atlanta, Georgia, USA",Blue,Welterweight,S-DEC,None,3,Chris Clements,Keith Wisniewski
Marcus Brimage,Maximo Blanco,4/21/12,"Atlanta, Georgia, USA",Red,Featherweight,S-DEC,None,3,Marcus Brimage,Maximo Blanco
Alexander Gustafsson,Thiago Silva,4/14/12,"Stockholm, Sweden",Red,Light Heavyweight,U-DEC,None,3,Alexander Gustafsson,Thiago Silva
Brian Stann,Alessio Sakara,4/14/12,"Stockholm, Sweden",Red,Middleweight,KO/TKO,Punch,1,Brian Stann,Alessio Sakara
Paulo Thiago,Siyar Bahadurzada,4/14/12,"Stockholm, Sweden",Blue,Welterweight,KO/TKO,Punch,1,Siyar Bahadurzada,Paulo Thiago
Dennis Siver,Diego Nunes,4/14/12,"Stockholm, Sweden",Red,Featherweight,U-DEC,None,3,Dennis Siver,Diego Nunes
DaMarques Johnson,John Maguire,4/14/12,"Stockholm, Sweden",Blue,Welterweight,SUB,Armbar,2,John Maguire,DaMarques Johnson
Brad Pickett,Damacio Page,4/14/12,"Stockholm, Sweden",Red,Bantamweight,SUB,Rear Naked Choke,2,Brad Pickett,Damacio Page
Papy Abedi,James Head,4/14/12,"Stockholm, Sweden",Blue,Welterweight,SUB,Rear Naked Choke,1,James Head,Papy Abedi
Cyrille Diabate,Tom DeBlass,4/14/12,"Stockholm, Sweden",Red,Light Heavyweight,M-DEC,None,3,Cyrille Diabate,Tom DeBlass
Francis Carmont,Magnus Cedenblad,4/14/12,"Stockholm, Sweden",Red,Middleweight,SUB,Rear Naked Choke,2,Francis Carmont,Magnus Cedenblad
Reza Madadi,Yoislandy Izquierdo,4/14/12,"Stockholm, Sweden",Red,Lightweight,SUB,Guillotine Choke,2,Reza Madadi,Yoislandy Izquierdo
Simeon Thoresen,Besam Yousef,4/14/12,"Stockholm, Sweden",Red,Welterweight,SUB,Rear Naked Choke,2,Simeon Thoresen,Besam Yousef
Jason Young,Eric Wisely,4/14/12,"Stockholm, Sweden",Red,Featherweight,U-DEC,None,3,Jason Young,Eric Wisely
Thiago Alves,Martin Kampmann,3/2/12,"Sydney, New South Wales, Australia",Blue,Welterweight,SUB,Guillotine Choke,3,Martin Kampmann,Thiago Alves
Joseph Benavidez,Yasuhiro Urushitani,3/2/12,"Sydney, New South Wales, Australia",Red,Flyweight,KO/TKO,Punch,2,Joseph Benavidez,Yasuhiro Urushitani
Court McGee,Costas Philippou,3/2/12,"Sydney, New South Wales, Australia",Blue,Middleweight,,None,,Costas Philippou,Court McGee
James Te Huna,Aaron Rosa,3/2/12,"Sydney, New South Wales, Australia",Red,Light Heavyweight,KO/TKO,Punches,1,James Te Huna,Aaron Rosa
Anthony Perosh,Nick Penner,3/2/12,"Sydney, New South Wales, Australia",Red,Light Heavyweight,KO/TKO,Punches,1,Anthony Perosh,Nick Penner
Cole Miller,Steven Siler,3/2/12,"Sydney, New South Wales, Australia",Blue,Featherweight,U-DEC,None,3,Steven Siler,Cole Miller
Kyle Noke,Andrew Craig,3/2/12,"Sydney, New South Wales, Australia",Blue,Middleweight,U-DEC,None,3,Andrew Craig,Kyle Noke
TJ Waldburger,Jake Hecht,3/2/12,"Sydney, New South Wales, Australia",Red,Welterweight,SUB,Armbar,1,TJ Waldburger,Jake Hecht
Mackens Semerzier,Daniel Pineda,3/2/12,"Sydney, New South Wales, Australia",Blue,Featherweight,SUB,Armbar,1,Daniel Pineda,Mackens Semerzier
Oli Thompson,Shawn Jordan,3/2/12,"Sydney, New South Wales, Australia",Blue,Heavyweight,KO/TKO,Punches,2,Shawn Jordan,Oli Thompson
Frankie Edgar,Benson Henderson,2/25/12,"Saitama, Japan",Blue,Lightweight,U-DEC,None,5,Benson Henderson,Frankie Edgar
Rampage Jackson,Ryan Bader,2/25/12,"Saitama, Japan",Blue,Light Heavyweight,,None,,Ryan Bader,Rampage Jackson
Mark Hunt,Cheick Kongo,2/25/12,"Saitama, Japan",Red,Heavyweight,KO/TKO,Punches,1,Mark Hunt,Cheick Kongo
Yoshihiro Akiyama,Jake Shields,2/25/12,"Saitama, Japan",Blue,Welterweight,U-DEC,None,3,Jake Shields,Yoshihiro Akiyama
Yushin Okami,Tim Boetsch,2/25/12,"Saitama, Japan",Blue,Middleweight,KO/TKO,Punches,3,Tim Boetsch,Yushin Okami
Hatsu Hioki,Bart Palaszewski,2/25/12,"Saitama, Japan",Red,Featherweight,U-DEC,None,3,Hatsu Hioki,Bart Palaszewski
Anthony Pettis,Joe Lauzon,2/25/12,"Saitama, Japan",Red,Lightweight,KO/TKO,Kick,1,Anthony Pettis,Joe Lauzon
Takanori Gomi,Eiji Mitsuoka,2/25/12,"Saitama, Japan",Red,Lightweight,KO/TKO,Punches,2,Takanori Gomi,Eiji Mitsuoka
Norifumi Yamamoto,Vaughan Lee,2/25/12,"Saitama, Japan",Blue,Bantamweight,SUB,Armbar,1,Vaughan Lee,Norifumi Yamamoto
Riki Fukuda,Steve Cantwell,2/25/12,"Saitama, Japan",Red,Middleweight,U-DEC,None,3,Riki Fukuda,Steve Cantwell
Takeya Mizugaki,Chris Cariaso,2/25/12,"Saitama, Japan",Blue,Bantamweight,U-DEC,None,3,Chris Cariaso,Takeya Mizugaki
Tiequan Zhang,Issei Tamura,2/25/12,"Saitama, Japan",Blue,Featherweight,KO/TKO,Punch,2,Issei Tamura,Tiequan Zhang
Diego Sanchez,Jake Ellenberger,2/15/12,"Omaha, Nebraska, USA",Blue,Welterweight,U-DEC,None,3,Jake Ellenberger,Diego Sanchez
Stefan Struve,Dave Herman,2/15/12,"Omaha, Nebraska, USA",Red,Heavyweight,KO/TKO,Punches,2,Stefan Struve,Dave Herman
Aaron Simpson,Ronny Markes,2/15/12,"Omaha, Nebraska, USA",Blue,Middleweight,S-DEC,None,3,Ronny Markes,Aaron Simpson
Stipe Miocic,Philip De Fries,2/15/12,"Omaha, Nebraska, USA",Red,Heavyweight,KO/TKO,Punch,1,Stipe Miocic,Philip De Fries
TJ Dillashaw,Walel Watson,2/15/12,"Omaha, Nebraska, USA",Red,Bantamweight,U-DEC,None,3,TJ Dillashaw,Walel Watson
Ivan Menjivar,John Albert,2/15/12,"Omaha, Nebraska, USA",Red,Bantamweight,SUB,Rear Naked Choke,1,Ivan Menjivar,John Albert
Jonathan Brookins,Vagner Rocha,2/15/12,"Omaha, Nebraska, USA",Red,Featherweight,KO/TKO,Punches,1,Jonathan Brookins,Vagner Rocha
Anton Kuivanen,Justin Salas,2/15/12,"Omaha, Nebraska, USA",Blue,Lightweight,U-DEC,None,3,Justin Salas,Anton Kuivanen
Tim Means,Bernardo Magalhaes,2/15/12,"Omaha, Nebraska, USA",Red,Lightweight,U-DEC,None,3,Tim Means,Bernardo Magalhaes
Nick Diaz,Carlos Condit,2/4/12,"Las Vegas, Nevada, USA",Blue,Welterweight,U-DEC,None,5,Carlos Condit,Nick Diaz
Roy Nelson,Fabricio Werdum,2/4/12,"Las Vegas, Nevada, USA",Blue,Heavyweight,U-DEC,None,3,Fabricio Werdum,Roy Nelson
Josh Koscheck,Mike Pierce,2/4/12,"Las Vegas, Nevada, USA",Red,Welterweight,S-DEC,None,3,Josh Koscheck,Mike Pierce
Renan Barao,Scott Jorgensen,2/4/12,"Las Vegas, Nevada, USA",Red,Bantamweight,U-DEC,None,3,Renan Barao,Scott Jorgensen
Ed Herman,Clifford Starks,2/4/12,"Las Vegas, Nevada, USA",Red,Middleweight,SUB,Rear Naked Choke,2,Ed Herman,Clifford Starks
Dustin Poirier,Max Holloway,2/4/12,"Las Vegas, Nevada, USA",Red,Featherweight,SUB,Armbar,1,Dustin Poirier,Max Holloway
Alex Caceres,Edwin Figueroa,2/4/12,"Las Vegas, Nevada, USA",Blue,Bantamweight,S-DEC,None,3,Edwin Figueroa,Alex Caceres
Matt Brown,Chris Cope,2/4/12,"Las Vegas, Nevada, USA",Red,Welterweight,KO/TKO,Punches,2,Matt Brown,Chris Cope
Matthew Riddle,Henry Martinez,2/4/12,"Las Vegas, Nevada, USA",Red,Welterweight,S-DEC,None,3,Matthew Riddle,Henry Martinez
Rafael Natal,Michael Kuiper,2/4/12,"Las Vegas, Nevada, USA",Red,Middleweight,U-DEC,None,3,Rafael Natal,Michael Kuiper
Dan Stittgen,Stephen Thompson,2/4/12,"Las Vegas, Nevada, USA",Blue,Welterweight,KO/TKO,Kick,1,Stephen Thompson,Dan Stittgen
Rashad Evans,Phil Davis,1/28/12,"Chicago, Illinois, USA",Red,Light Heavyweight,U-DEC,None,5,Rashad Evans,Phil Davis
Chael Sonnen,Michael Bisping,1/28/12,"Chicago, Illinois, USA",Red,Middleweight,U-DEC,None,3,Chael Sonnen,Michael Bisping
Demian Maia,Chris Weidman,1/28/12,"Chicago, Illinois, USA",Blue,Middleweight,U-DEC,None,3,Chris Weidman,Demian Maia
Evan Dunham,Nik Lentz,1/28/12,"Chicago, Illinois, USA",Red,Lightweight,KO/TKO,None,2,Evan Dunham,Nik Lentz
Mike Russow,Jon Olav Einemo,1/28/12,"Chicago, Illinois, USA",Red,Heavyweight,U-DEC,None,3,Mike Russow,Jon Olav Einemo
Cub Swanson,George Roop,1/28/12,"Chicago, Illinois, USA",Red,Featherweight,KO/TKO,Punch,2,Cub Swanson,George Roop
Charles Oliveira,Eric Wisely,1/28/12,"Chicago, Illinois, USA",Red,Featherweight,SUB,Other - Lock,1,Charles Oliveira,Eric Wisely
Michael Johnson,Shane Roller,1/28/12,"Chicago, Illinois, USA",Red,Lightweight,U-DEC,None,3,Michael Johnson,Shane Roller
Joey Beltran,Lavar Johnson,1/28/12,"Chicago, Illinois, USA",Blue,Heavyweight,KO/TKO,Punches,1,Lavar Johnson,Joey Beltran
Chris Camozzi,Dustin Jacoby,1/28/12,"Chicago, Illinois, USA",Red,Middleweight,SUB,Guillotine Choke,3,Chris Camozzi,Dustin Jacoby
Melvin Guillard,Jim Miller,1/20/12,"Nashville, Tennessee, USA",Blue,Lightweight,SUB,Rear Naked Choke,1,Jim Miller,Melvin Guillard
Duane Ludwig,Josh Neer,1/20/12,"Nashville, Tennessee, USA",Blue,Welterweight,SUB,Guillotine Choke,1,Josh Neer,Duane Ludwig
Mike Easton,Jared Papazian,1/20/12,"Nashville, Tennessee, USA",Red,Bantamweight,M-DEC,None,3,Mike Easton,Jared Papazian
Pat Barry,Christian Morecraft,1/20/12,"Nashville, Tennessee, USA",Red,Heavyweight,KO/TKO,Punch,1,Pat Barry,Christian Morecraft
Jorge Rivera,Eric Schafer,1/20/12,"Nashville, Tennessee, USA",Red,Middleweight,KO/TKO,Punches,2,Jorge Rivera,Eric Schafer
Kamal Shalorus,Khabib Nurmagomedov,1/20/12,"Nashville, Tennessee, USA",Blue,Lightweight,SUB,Rear Naked Choke,3,Khabib Nurmagomedov,Kamal Shalorus
Charlie Brenneman,Daniel Roberts,1/20/12,"Nashville, Tennessee, USA",Red,Welterweight,U-DEC,None,3,Charlie Brenneman,Daniel Roberts
Fabricio Camoes,Tommy Hayden,1/20/12,"Nashville, Tennessee, USA",Red,Lightweight,SUB,Rear Naked Choke,1,Fabricio Camoes,Tommy Hayden
Daniel Pineda,Pat Schilling,1/20/12,"Nashville, Tennessee, USA",Red,Featherweight,SUB,Rear Naked Choke,1,Daniel Pineda,Pat Schilling
Joseph Sandoval,Nick Denis,1/20/12,"Nashville, Tennessee, USA",Blue,Bantamweight,KO/TKO,Elbows,1,Nick Denis,Joseph Sandoval
Jose Aldo,Chad Mendes,1/14/12,"Rio de Janeiro, Brazil",Red,Featherweight,KO/TKO,Knee,1,Jose Aldo,Chad Mendes
Vitor Belfort,Anthony Johnson,1/14/12,"Rio de Janeiro, Brazil",Red,Middleweight,SUB,Rear Naked Choke,1,Vitor Belfort,Anthony Johnson
Rousimar Palhares,Mike Massenzio,1/14/12,"Rio de Janeiro, Brazil",Red,Middleweight,SUB,Heel Hook,1,Rousimar Palhares,Mike Massenzio
Erick Silva,Carlo Prater,1/14/12,"Rio de Janeiro, Brazil",Blue,Welterweight,DQ,None,1,Carlo Prater,Erick Silva
Edson Barboza,Terry Etim,1/14/12,"Rio de Janeiro, Brazil",Red,Lightweight,KO/TKO,Kick,3,Edson Barboza,Terry Etim
Thiago Tavares,Sam Stout,1/14/12,"Rio de Janeiro, Brazil",Red,Lightweight,U-DEC,None,3,Thiago Tavares,Sam Stout
Gabriel Gonzaga,Ednaldo Oliveira,1/14/12,"Rio de Janeiro, Brazil",Red,Heavyweight,SUB,Rear Naked Choke,1,Gabriel Gonzaga,Ednaldo Oliveira
Iuri Alcantara,Michihiro Omigawa,1/14/12,"Rio de Janeiro, Brazil",Red,Featherweight,U-DEC,None,3,Iuri Alcantara,Michihiro Omigawa
Ricardo Funch,Mike Pyle,1/14/12,"Rio de Janeiro, Brazil",Blue,Welterweight,KO/TKO,Knees,1,Mike Pyle,Ricardo Funch
Felipe Arantes,Antonio Carvalho,1/14/12,"Rio de Janeiro, Brazil",Red,Featherweight,U-DEC,None,3,Felipe Arantes,Antonio Carvalho
Brock Lesnar,Alistair Overeem,12/30/11,"Las Vegas, Nevada, USA",Blue,Heavyweight,KO/TKO,Kick,1,Alistair Overeem,Brock Lesnar
Nate Diaz,Donald Cerrone,12/30/11,"Las Vegas, Nevada, USA",Red,Lightweight,U-DEC,None,3,Nate Diaz,Donald Cerrone
Jon Fitch,Johny Hendricks,12/30/11,"Las Vegas, Nevada, USA",Blue,Welterweight,KO/TKO,Punch,1,Johny Hendricks,Jon Fitch
Vladimir Matyushenko,Alexander Gustafsson,12/30/11,"Las Vegas, Nevada, USA",Blue,Light Heavyweight,KO/TKO,Punch,1,Alexander Gustafsson,Vladimir Matyushenko
Nam Phan,Jimy Hettes,12/30/11,"Las Vegas, Nevada, USA",Blue,Featherweight,U-DEC,None,3,Jimy Hettes,Nam Phan
Ross Pearson,Junior Assuncao,12/30/11,"Las Vegas, Nevada, USA",Red,Featherweight,U-DEC,None,3,Ross Pearson,Junior Assuncao
Anthony Njokuani,Danny Castillo,12/30/11,"Las Vegas, Nevada, USA",Blue,Lightweight,S-DEC,None,3,Danny Castillo,Anthony Njokuani
Dong Hyun Kim,Sean Pierson,12/30/11,"Las Vegas, Nevada, USA",Red,Welterweight,U-DEC,None,3,Dong Hyun Kim,Sean Pierson
Jacob Volkmann,Efrain Escudero,12/30/11,"Las Vegas, Nevada, USA",Red,Lightweight,U-DEC,None,3,Jacob Volkmann,Efrain Escudero
Manvel Gamburyan,Diego Nunes,12/30/11,"Las Vegas, Nevada, USA",Blue,Featherweight,U-DEC,None,3,Diego Nunes,Manvel Gamburyan
Jon Jones,Lyoto Machida,12/10/11,"Toronto, Ontario, Canada",Red,Light Heavyweight,SUB,Guillotine Choke,2,Jon Jones,Lyoto Machida
Frank Mir,Minotauro Nogueira,12/10/11,"Toronto, Ontario, Canada",Red,Heavyweight,,None,,Frank Mir,Minotauro Nogueira
Tito Ortiz,Rogerio Nogueira,12/10/11,"Toronto, Ontario, Canada",Blue,Light Heavyweight,KO/TKO,Punches,1,Rogerio Nogueira,Tito Ortiz
Claude Patrick,Brian Ebersole,12/10/11,"Toronto, Ontario, Canada",Blue,Welterweight,S-DEC,None,3,Brian Ebersole,Claude Patrick
Mark Hominick,Chan Sung Jung,12/10/11,"Toronto, Ontario, Canada",Blue,Featherweight,KO/TKO,Punch,1,Chan Sung Jung,Mark Hominick
Krzysztof Soszynski,Igor Pokrajac,12/10/11,"Toronto, Ontario, Canada",Blue,Light Heavyweight,KO/TKO,Punches,1,Igor Pokrajac,Krzysztof Soszynski
Jared Hamman,Costas Philippou,12/10/11,"Toronto, Ontario, Canada",Blue,Middleweight,,None,,Costas Philippou,Jared Hamman
John Makdessi,Dennis Hallman,12/10/11,"Toronto, Ontario, Canada",Blue,Lightweight,SUB,Rear Naked Choke,1,Dennis Hallman,John Makdessi
Walel Watson,Yves Jabouin,12/10/11,"Toronto, Ontario, Canada",Blue,Bantamweight,S-DEC,None,3,Yves Jabouin,Walel Watson
Mark Bocek,Nik Lentz,12/10/11,"Toronto, Ontario, Canada",Red,Lightweight,U-DEC,None,3,Mark Bocek,Nik Lentz
Rich Attonito,Jake Hecht,12/10/11,"Toronto, Ontario, Canada",Blue,Welterweight,KO/TKO,Elbows,2,Jake Hecht,Rich Attonito
Mitch Clarke,John Cholish,12/10/11,"Toronto, Ontario, Canada",Blue,Lightweight,KO/TKO,Punches,2,John Cholish,Mitch Clarke
Michael Bisping,Jason Miller,12/3/11,"Las Vegas, Nevada, USA",Red,Middleweight,KO/TKO,Knees,3,Michael Bisping,Jason Miller
Diego Brandao,Dennis Bermudez,12/3/11,"Las Vegas, Nevada, USA",Red,Featherweight,SUB,Armbar,1,Diego Brandao,Dennis Bermudez
TJ Dillashaw,John Dodson,12/3/11,"Las Vegas, Nevada, USA",Blue,Bantamweight,KO/TKO,Punches,1,John Dodson,TJ Dillashaw
Tony Ferguson,Yves Edwards,12/3/11,"Las Vegas, Nevada, USA",Red,Lightweight,U-DEC,None,3,Tony Ferguson,Yves Edwards
Louis Gaudinot,Johnny Bedford,12/3/11,"Las Vegas, Nevada, USA",Blue,Bantamweight,KO/TKO,Knees,3,Johnny Bedford,Louis Gaudinot
Marcus Brimage,Stephen Bass,12/3/11,"Las Vegas, Nevada, USA",Red,Featherweight,U-DEC,None,3,Marcus Brimage,Stephen Bass
Dustin Pague,John Albert,12/3/11,"Las Vegas, Nevada, USA",Blue,Bantamweight,KO/TKO,Punches,1,John Albert,Dustin Pague
Roland Delorme,Josh Ferguson,12/3/11,"Las Vegas, Nevada, USA",Red,Bantamweight,SUB,Rear Naked Choke,3,Roland Delorme,Josh Ferguson
Steven Siler,Josh Clopton,12/3/11,"Las Vegas, Nevada, USA",Red,Featherweight,U-DEC,None,3,Steven Siler,Josh Clopton
Bryan Caraway,Dustin Neace,12/3/11,"Las Vegas, Nevada, USA",Red,Featherweight,SUB,Rear Naked Choke,2,Bryan Caraway,Dustin Neace
Mauricio Rua,Dan Henderson,11/19/11,"San Jose, California, USA",Blue,Light Heavyweight,U-DEC,None,5,Dan Henderson,Mauricio Rua
Wanderlei Silva,Cung Le,11/19/11,"San Jose, California, USA",Red,Middleweight,KO/TKO,Knee,2,Wanderlei Silva,Cung Le
Urijah Faber,Brian Bowles,11/19/11,"San Jose, California, USA",Red,Bantamweight,SUB,Guillotine Choke,2,Urijah Faber,Brian Bowles
Rick Story,Martin Kampmann,11/19/11,"San Jose, California, USA",Blue,Welterweight,S-DEC,None,3,Martin Kampmann,Rick Story
Stephan Bonnar,Kyle Kingsbury,11/19/11,"San Jose, California, USA",Red,Light Heavyweight,U-DEC,None,3,Stephan Bonnar,Kyle Kingsbury
Ryan Bader,Jason Brilz,11/19/11,"San Jose, California, USA",Red,Light Heavyweight,KO/TKO,Punch,1,Ryan Bader,Jason Brilz
Michael McDonald,Alex Soto,11/19/11,"San Jose, California, USA",Red,Bantamweight,KO/TKO,Punches,1,Michael McDonald,Alex Soto
Tom Lawlor,Chris Weidman,11/19/11,"San Jose, California, USA",Blue,Middleweight,SUB,D'Arce Choke,1,Chris Weidman,Tom Lawlor
Gleison Tibau,Rafael Dos Anjos,11/19/11,"San Jose, California, USA",Red,Lightweight,S-DEC,None,3,Gleison Tibau,Rafael Dos Anjos
Miguel Torres,Nick Pace,11/19/11,"San Jose, California, USA",Red,Bantamweight,U-DEC,None,3,Miguel Torres,Nick Pace
Matt Brown,Seth Baczynski,11/19/11,"San Jose, California, USA",Blue,Welterweight,SUB,Guillotine Choke,2,Seth Baczynski,Matt Brown
Danny Castillo,Shamar Bailey,11/19/11,"San Jose, California, USA",Red,Lightweight,KO/TKO,Punches,1,Danny Castillo,Shamar Bailey
Cain Velasquez,Junior Dos Santos,11/12/11,"Anaheim, California, USA",Blue,Heavyweight,KO/TKO,Punch,1,Junior Dos Santos,Cain Velasquez
Clay Guida,Benson Henderson,11/12/11,"Anaheim, California, USA",Blue,Lightweight,U-DEC,None,3,Benson Henderson,Clay Guida
Dustin Poirier,Pablo Garza,11/12/11,"Anaheim, California, USA",Red,Featherweight,SUB,D'Arce Choke,2,Dustin Poirier,Pablo Garza
Cub Swanson,Ricardo Lamas,11/12/11,"Anaheim, California, USA",Blue,Featherweight,SUB,Arm Triangle,2,Ricardo Lamas,Cub Swanson
DaMarques Johnson,Clay Harvison,11/12/11,"Anaheim, California, USA",Red,Welterweight,KO/TKO,Punch,1,DaMarques Johnson,Clay Harvison
Norifumi Yamamoto,Darren Uyenoyama,11/12/11,"Anaheim, California, USA",Blue,Bantamweight,U-DEC,None,3,Darren Uyenoyama,Norifumi Yamamoto
Alex Caceres,Cole Escovedo,11/12/11,"Anaheim, California, USA",Red,Bantamweight,U-DEC,None,3,Alex Caceres,Cole Escovedo
Mike Pierce,Paul Bradley,11/12/11,"Anaheim, California, USA",Red,Welterweight,S-DEC,None,3,Mike Pierce,Paul Bradley
Aaron Rosa,Matt Lucas,11/12/11,"Anaheim, California, USA",Red,Light Heavyweight,M-DEC,None,3,Aaron Rosa,Matt Lucas
Chris Leben,Mark Munoz,11/5/11,"Birmingham, England, United Kingdom",Blue,Middleweight,KO/TKO,None,2,Mark Munoz,Chris Leben
Brad Pickett,Renan Barao,11/5/11,"Birmingham, England, United Kingdom",Blue,Bantamweight,SUB,Rear Naked Choke,1,Renan Barao,Brad Pickett
Thiago Alves,Papy Abedi,11/5/11,"Birmingham, England, United Kingdom",Red,Welterweight,SUB,Rear Naked Choke,1,Thiago Alves,Papy Abedi
Cyrille Diabate,Anthony Perosh,11/5/11,"Birmingham, England, United Kingdom",Blue,Light Heavyweight,SUB,Rear Naked Choke,2,Anthony Perosh,Cyrille Diabate
Terry Etim,Edward Faaloloto,11/5/11,"Birmingham, England, United Kingdom",Red,Lightweight,SUB,Guillotine Choke,1,Terry Etim,Edward Faaloloto
John Maguire,Justin Edwards,11/5/11,"Birmingham, England, United Kingdom",Red,Welterweight,U-DEC,None,3,John Maguire,Justin Edwards
Rob Broughton,Philip De Fries,11/5/11,"Birmingham, England, United Kingdom",Blue,Heavyweight,U-DEC,None,3,Philip De Fries,Rob Broughton
Michihiro Omigawa,Jason Young,11/5/11,"Birmingham, England, United Kingdom",Red,Featherweight,U-DEC,None,3,Michihiro Omigawa,Jason Young
Chris Cope,Che Mills,11/5/11,"Birmingham, England, United Kingdom",Blue,Welterweight,KO/TKO,Knee,1,Che Mills,Chris Cope
Chris Cariaso,Vaughan Lee,11/5/11,"Birmingham, England, United Kingdom",Red,Bantamweight,S-DEC,None,3,Chris Cariaso,Vaughan Lee
BJ Penn,Nick Diaz,10/29/11,"Las Vegas, Nevada, USA",Blue,Welterweight,U-DEC,None,3,Nick Diaz,BJ Penn
Cheick Kongo,Matt Mitrione,10/29/11,"Las Vegas, Nevada, USA",Red,Heavyweight,U-DEC,None,3,Cheick Kongo,Matt Mitrione
Mirko Cro Cop,Roy Nelson,10/29/11,"Las Vegas, Nevada, USA",Blue,Heavyweight,,None,,Roy Nelson,Mirko Cro Cop
Scott Jorgensen,Jeff Curran,10/29/11,"Las Vegas, Nevada, USA",Red,Bantamweight,U-DEC,None,3,Scott Jorgensen,Jeff Curran
Hatsu Hioki,George Roop,10/29/11,"Las Vegas, Nevada, USA",Red,Featherweight,S-DEC,None,3,Hatsu Hioki,George Roop
Dennis Siver,Donald Cerrone,10/29/11,"Las Vegas, Nevada, USA",Blue,Lightweight,SUB,Rear Naked Choke,1,Donald Cerrone,Dennis Siver
Tyson Griffin,Bart Palaszewski,10/29/11,"Las Vegas, Nevada, USA",Blue,Featherweight,KO/TKO,Punches,1,Bart Palaszewski,Tyson Griffin
Brandon Vera,Eliot Marshall,10/29/11,"Las Vegas, Nevada, USA",Red,Light Heavyweight,U-DEC,None,3,Brandon Vera,Eliot Marshall
Ramsey Nijem,Danny Downes,10/29/11,"Las Vegas, Nevada, USA",Red,Lightweight,U-DEC,None,3,Ramsey Nijem,Danny Downes
Chris Camozzi,Francis Carmont,10/29/11,"Las Vegas, Nevada, USA",Blue,Middleweight,U-DEC,None,3,Francis Carmont,Chris Camozzi
Dustin Jacoby,Clifford Starks,10/29/11,"Las Vegas, Nevada, USA",Blue,Middleweight,U-DEC,None,3,Clifford Starks,Dustin Jacoby
Frankie Edgar,Gray Maynard,10/8/11,"Houston, Texas, USA",Red,Lightweight,KO/TKO,Punches,4,Frankie Edgar,Gray Maynard
Jose Aldo,Kenny Florian,10/8/11,"Houston, Texas, USA",Red,Featherweight,U-DEC,None,5,Jose Aldo,Kenny Florian
Chael Sonnen,Brian Stann,10/8/11,"Houston, Texas, USA",Red,Middleweight,SUB,Arm Triangle,2,Chael Sonnen,Brian Stann
Leonard Garcia,Nam Phan,10/8/11,"Houston, Texas, USA",Blue,Featherweight,U-DEC,None,3,Nam Phan,Leonard Garcia
Melvin Guillard,Joe Lauzon,10/8/11,"Houston, Texas, USA",Blue,Lightweight,SUB,Rear Naked Choke,1,Joe Lauzon,Melvin Guillard
Demian Maia,Jorge Santiago,10/8/11,"Houston, Texas, USA",Red,Middleweight,U-DEC,None,3,Demian Maia,Jorge Santiago
Anthony Pettis,Jeremy Stephens,10/8/11,"Houston, Texas, USA",Red,Lightweight,S-DEC,None,3,Anthony Pettis,Jeremy Stephens
Joey Beltran,Stipe Miocic,10/8/11,"Houston, Texas, USA",Blue,Heavyweight,U-DEC,None,3,Stipe Miocic,Joey Beltran
Tiequan Zhang,Darren Elkins,10/8/11,"Houston, Texas, USA",Blue,Featherweight,U-DEC,None,3,Darren Elkins,Tiequan Zhang
Aaron Simpson,Eric Schafer,10/8/11,"Houston, Texas, USA",Red,Middleweight,U-DEC,None,3,Aaron Simpson,Eric Schafer
Steve Cantwell,Mike Massenzio,10/8/11,"Houston, Texas, USA",Blue,Middleweight,U-DEC,None,3,Mike Massenzio,Steve Cantwell
Dominick Cruz,Demetrious Johnson,10/1/11,"Washington, DC, USA",Red,Bantamweight,U-DEC,None,5,Dominick Cruz,Demetrious Johnson
Pat Barry,Stefan Struve,10/1/11,"Washington, DC, USA",Blue,Heavyweight,SUB,Triangle Choke,2,Stefan Struve,Pat Barry
Anthony Johnson,Charlie Brenneman,10/1/11,"Washington, DC, USA",Red,Welterweight,KO/TKO,Kick,1,Anthony Johnson,Charlie Brenneman
Matt Wiman,Mac Danzig,10/1/11,"Washington, DC, USA",Red,Lightweight,U-DEC,None,3,Matt Wiman,Mac Danzig
Yves Edwards,Rafaello Oliveira,10/1/11,"Washington, DC, USA",Red,Lightweight,KO/TKO,Kick,2,Yves Edwards,Rafaello Oliveira
Michael Johnson,Paul Sass,10/1/11,"Washington, DC, USA",Blue,Lightweight,SUB,Heel Hook,1,Paul Sass,Michael Johnson
Mike Easton,Byron Bloodworth,10/1/11,"Washington, DC, USA",Red,Bantamweight,KO/TKO,Knee,2,Mike Easton,Byron Bloodworth
Shane Roller,TJ Grant,10/1/11,"Washington, DC, USA",Blue,Lightweight,SUB,Armbar,3,TJ Grant,Shane Roller
Josh Neer,Keith Wisniewski,10/1/11,"Washington, DC, USA",Red,Welterweight,KO/TKO,None,2,Josh Neer,Keith Wisniewski
Walel Watson,Joseph Sandoval,10/1/11,"Washington, DC, USA",Red,Bantamweight,KO/TKO,Punches,1,Walel Watson,Joseph Sandoval
Jon Jones,Rampage Jackson,9/24/11,"Denver, Colorado, USA",Red,Light Heavyweight,,None,,Jon Jones,Rampage Jackson
Matt Hughes,Josh Koscheck,9/24/11,"Denver, Colorado, USA",Blue,Welterweight,KO/TKO,Punches,1,Josh Koscheck,Matt Hughes
Ben Rothwell,Mark Hunt,9/24/11,"Denver, Colorado, USA",Blue,Heavyweight,U-DEC,None,3,Mark Hunt,Ben Rothwell
Travis Browne,Rob Broughton,9/24/11,"Denver, Colorado, USA",Red,Heavyweight,U-DEC,None,3,Travis Browne,Rob Broughton
Nate Diaz,Takanori Gomi,9/24/11,"Denver, Colorado, USA",Red,Lightweight,SUB,Armbar,1,Nate Diaz,Takanori Gomi
Tony Ferguson,Aaron Riley,9/24/11,"Denver, Colorado, USA",Red,Lightweight,KO/TKO,None,1,Tony Ferguson,Aaron Riley
Nick Ring,Tim Boetsch,9/24/11,"Denver, Colorado, USA",Blue,Middleweight,U-DEC,None,3,Tim Boetsch,Nick Ring
Junior Assuncao,Eddie Yagin,9/24/11,"Denver, Colorado, USA",Red,Featherweight,U-DEC,None,3,Junior Assuncao,Eddie Yagin
Takeya Mizugaki,Cole Escovedo,9/24/11,"Denver, Colorado, USA",Red,Bantamweight,KO/TKO,Punches,2,Takeya Mizugaki,Cole Escovedo
James Te Huna,Ricardo Romero,9/24/11,"Denver, Colorado, USA",Red,Light Heavyweight,KO/TKO,Punches,1,James Te Huna,Ricardo Romero
Jake Shields,Jake Ellenberger,9/17/11,"New Orleans, Louisiana, USA",Blue,Welterweight,KO/TKO,Knee,1,Jake Ellenberger,Jake Shields
Court McGee,Dongi Yang,9/17/11,"New Orleans, Louisiana, USA",Red,Middleweight,U-DEC,None,3,Court McGee,Dongi Yang
Jonathan Brookins,Erik Koch,9/17/11,"New Orleans, Louisiana, USA",Blue,Featherweight,U-DEC,None,3,Erik Koch,Jonathan Brookins
Alan Belcher,Jason MacDonald,9/17/11,"New Orleans, Louisiana, USA",Red,Middleweight,KO/TKO,Punches,1,Alan Belcher,Jason MacDonald
Cody McKenzie,Vagner Rocha,9/17/11,"New Orleans, Louisiana, USA",Blue,Lightweight,SUB,Rear Naked Choke,2,Vagner Rocha,Cody McKenzie
Evan Dunham,Shamar Bailey,9/17/11,"New Orleans, Louisiana, USA",Red,Lightweight,U-DEC,None,3,Evan Dunham,Shamar Bailey
Matthew Riddle,Lance Benoist,9/17/11,"New Orleans, Louisiana, USA",Blue,Welterweight,U-DEC,None,3,Lance Benoist,Matthew Riddle
Ken Stone,Donny Walker,9/17/11,"New Orleans, Louisiana, USA",Red,Bantamweight,SUB,Rear Naked Choke,1,Ken Stone,Donny Walker
Clay Harvison,Seth Baczynski,9/17/11,"New Orleans, Louisiana, USA",Blue,Welterweight,SUB,Rear Naked Choke,2,Seth Baczynski,Clay Harvison
TJ Waldburger,Mike Stumpf,9/17/11,"New Orleans, Louisiana, USA",Red,Welterweight,SUB,Triangle Choke,1,TJ Waldburger,Mike Stumpf
Robert Peralta,Mike Lullo,9/17/11,"New Orleans, Louisiana, USA",Red,Featherweight,U-DEC,None,3,Robert Peralta,Mike Lullo
Justin Edwards,Jorge Lopez,9/17/11,"New Orleans, Louisiana, USA",Red,Welterweight,U-DEC,None,3,Justin Edwards,Jorge Lopez
Anderson Silva,Yushin Okami,8/27/11,"Rio de Janeiro, Brazil",Red,Middleweight,KO/TKO,Punches,2,Anderson Silva,Yushin Okami
Mauricio Rua,Forrest Griffin,8/27/11,"Rio de Janeiro, Brazil",Red,Light Heavyweight,KO/TKO,Punches,1,Mauricio Rua,Forrest Griffin
Ross Pearson,Edson Barboza,8/27/11,"Rio de Janeiro, Brazil",Blue,Lightweight,S-DEC,None,3,Edson Barboza,Ross Pearson
Minotauro Nogueira,Brendan Schaub,8/27/11,"Rio de Janeiro, Brazil",Red,Heavyweight,,None,,Minotauro Nogueira,Brendan Schaub
Luiz Cane,Stanislav Nedkov,8/27/11,"Rio de Janeiro, Brazil",Blue,Light Heavyweight,KO/TKO,Punches,1,Stanislav Nedkov,Luiz Cane
Thiago Tavares,Spencer Fisher,8/27/11,"Rio de Janeiro, Brazil",Red,Lightweight,KO/TKO,Punches,2,Thiago Tavares,Spencer Fisher
Rousimar Palhares,Dan Miller,8/27/11,"Rio de Janeiro, Brazil",Red,Middleweight,U-DEC,None,3,Rousimar Palhares,Dan Miller
Paulo Thiago,David Mitchell,8/27/11,"Rio de Janeiro, Brazil",Red,Welterweight,U-DEC,None,3,Paulo Thiago,David Mitchell
Raphael Assuncao,Johnny Eduardo,8/27/11,"Rio de Janeiro, Brazil",Red,Bantamweight,U-DEC,None,3,Raphael Assuncao,Johnny Eduardo
Erick Silva,Luis Ramos,8/27/11,"Rio de Janeiro, Brazil",Red,Welterweight,KO/TKO,Punch,1,Erick Silva,Luis Ramos
Iuri Alcantara,Felipe Arantes,8/27/11,"Rio de Janeiro, Brazil",Red,Featherweight,U-DEC,None,3,Iuri Alcantara,Felipe Arantes
Yves Jabouin,Ian Loveland,8/27/11,"Rio de Janeiro, Brazil",Red,Bantamweight,S-DEC,None,3,Yves Jabouin,Ian Loveland
Dan Hardy,Chris Lytle,8/14/11,"Milwaukee, Wisconsin, USA",Blue,Welterweight,SUB,Guillotine Choke,3,Chris Lytle,Dan Hardy
Jim Miller,Benson Henderson,8/14/11,"Milwaukee, Wisconsin, USA",Blue,Lightweight,U-DEC,None,3,Benson Henderson,Jim Miller
Donald Cerrone,Charles Oliveira,8/14/11,"Milwaukee, Wisconsin, USA",Red,Lightweight,KO/TKO,Punches,1,Donald Cerrone,Charles Oliveira
Amir Sadollah,Duane Ludwig,8/14/11,"Milwaukee, Wisconsin, USA",Blue,Welterweight,U-DEC,None,3,Duane Ludwig,Amir Sadollah
CB Dollaway,Jared Hamman,8/14/11,"Milwaukee, Wisconsin, USA",Blue,Middleweight,KO/TKO,Punches,2,Jared Hamman,CB Dollaway
Joseph Benavidez,Eddie Wineland,8/14/11,"Milwaukee, Wisconsin, USA",Red,Bantamweight,U-DEC,None,3,Joseph Benavidez,Eddie Wineland
Ed Herman,Kyle Noke,8/14/11,"Milwaukee, Wisconsin, USA",Red,Middleweight,SUB,Heel Hook,1,Ed Herman,Kyle Noke
Ronny Markes,Karlos Vemola,8/14/11,"Milwaukee, Wisconsin, USA",Red,Light Heavyweight,U-DEC,None,3,Ronny Markes,Karlos Vemola
Jimy Hettes,Alex Caceres,8/14/11,"Milwaukee, Wisconsin, USA",Red,Featherweight,SUB,Rear Naked Choke,2,Jimy Hettes,Alex Caceres
Cole Miller,TJ O'Brien,8/14/11,"Milwaukee, Wisconsin, USA",Red,Lightweight,SUB,Guillotine Choke,2,Cole Miller,TJ O'Brien
Jacob Volkmann,Danny Castillo,8/14/11,"Milwaukee, Wisconsin, USA",Red,Lightweight,U-DEC,None,3,Jacob Volkmann,Danny Castillo
Edwin Figueroa,Jason Reinhardt,8/14/11,"Milwaukee, Wisconsin, USA",Red,Bantamweight,KO/TKO,Punches,2,Edwin Figueroa,Jason Reinhardt
Rashad Evans,Tito Ortiz,8/6/11,"Philadelphia, Pennsylvania, USA",Red,Light Heavyweight,KO/TKO,Knee,2,Rashad Evans,Tito Ortiz
Vitor Belfort,Yoshihiro Akiyama,8/6/11,"Philadelphia, Pennsylvania, USA",Red,Middleweight,KO/TKO,Punches,1,Vitor Belfort,Yoshihiro Akiyama
Dennis Hallman,Brian Ebersole,8/6/11,"Philadelphia, Pennsylvania, USA",Blue,Welterweight,KO/TKO,Elbows,1,Brian Ebersole,Dennis Hallman
Jorge Rivera,Costas Philippou,8/6/11,"Philadelphia, Pennsylvania, USA",Blue,Middleweight,,None,,Costas Philippou,Jorge Rivera
Rory MacDonald,Mike Pyle,8/6/11,"Philadelphia, Pennsylvania, USA",Red,Welterweight,KO/TKO,Punches,1,Rory MacDonald,Mike Pyle
Matt Hamill,Alexander Gustafsson,8/6/11,"Philadelphia, Pennsylvania, USA",Blue,Light Heavyweight,KO/TKO,Punches,2,Alexander Gustafsson,Matt Hamill
Chad Mendes,Rani Yahya,8/6/11,"Philadelphia, Pennsylvania, USA",Red,Featherweight,U-DEC,None,3,Chad Mendes,Rani Yahya
Ivan Menjivar,Nick Pace,8/6/11,"Philadelphia, Pennsylvania, USA",Red,Bantamweight,U-DEC,None,3,Ivan Menjivar,Nick Pace
Johny Hendricks,Mike Pierce,8/6/11,"Philadelphia, Pennsylvania, USA",Red,Welterweight,S-DEC,None,3,Johny Hendricks,Mike Pierce
Mike Brown,Nam Phan,8/6/11,"Philadelphia, Pennsylvania, USA",Red,Featherweight,U-DEC,None,3,Mike Brown,Nam Phan
Rafael Natal,Paul Bradley,8/6/11,"Philadelphia, Pennsylvania, USA",Red,Middleweight,U-DEC,None,3,Rafael Natal,Paul Bradley
Dominick Cruz,Urijah Faber,7/2/11,"Las Vegas, Nevada, USA",Red,Bantamweight,U-DEC,None,5,Dominick Cruz,Urijah Faber
Wanderlei Silva,Chris Leben,7/2/11,"Las Vegas, Nevada, USA",Blue,Middleweight,KO/TKO,Punches,1,Chris Leben,Wanderlei Silva
Dennis Siver,Matt Wiman,7/2/11,"Las Vegas, Nevada, USA",Red,Lightweight,U-DEC,None,3,Dennis Siver,Matt Wiman
Tito Ortiz,Ryan Bader,7/2/11,"Las Vegas, Nevada, USA",Red,Light Heavyweight,SUB,Guillotine Choke,1,Tito Ortiz,Ryan Bader
Carlos Condit,Dong Hyun Kim,7/2/11,"Las Vegas, Nevada, USA",Red,Welterweight,KO/TKO,Flying Knee,1,Carlos Condit,Dong Hyun Kim
Melvin Guillard,Shane Roller,7/2/11,"Las Vegas, Nevada, USA",Red,Lightweight,KO/TKO,Punch,1,Melvin Guillard,Shane Roller
George Sotiropoulos,Rafael Dos Anjos,7/2/11,"Las Vegas, Nevada, USA",Blue,Lightweight,KO/TKO,Punch,1,Rafael Dos Anjos,George Sotiropoulos
Brian Bowles,Takeya Mizugaki,7/2/11,"Las Vegas, Nevada, USA",Red,Bantamweight,U-DEC,None,3,Brian Bowles,Takeya Mizugaki
Brad Tavares,Aaron Simpson,7/2/11,"Las Vegas, Nevada, USA",Blue,Middleweight,U-DEC,None,3,Aaron Simpson,Brad Tavares
Anthony Njokuani,Andre Winner,7/2/11,"Las Vegas, Nevada, USA",Red,Lightweight,U-DEC,None,3,Anthony Njokuani,Andre Winner
Jeff Hougland,Donny Walker,7/2/11,"Las Vegas, Nevada, USA",Red,Bantamweight,U-DEC,None,3,Jeff Hougland,Donny Walker
Cheick Kongo,Pat Barry,6/26/11,"Pittsburgh, Pennsylvania, USA",Red,Heavyweight,KO/TKO,Punch,1,Cheick Kongo,Pat Barry
Charlie Brenneman,Rick Story,6/26/11,"Pittsburgh, Pennsylvania, USA",Red,Welterweight,U-DEC,None,3,Charlie Brenneman,Rick Story
Matt Brown,John Howard,6/26/11,"Pittsburgh, Pennsylvania, USA",Red,Welterweight,U-DEC,None,3,Matt Brown,John Howard
Christian Morecraft,Matt Mitrione,6/26/11,"Pittsburgh, Pennsylvania, USA",Blue,Heavyweight,KO/TKO,Punches,2,Matt Mitrione,Christian Morecraft
Tyson Griffin,Manvel Gamburyan,6/26/11,"Pittsburgh, Pennsylvania, USA",Red,Featherweight,U-DEC,None,3,Tyson Griffin,Manvel Gamburyan
Joe Stevenson,Javier Vazquez,6/26/11,"Pittsburgh, Pennsylvania, USA",Blue,Featherweight,U-DEC,None,3,Javier Vazquez,Joe Stevenson
Joe Lauzon,Curt Warburton,6/26/11,"Pittsburgh, Pennsylvania, USA",Red,Lightweight,SUB,Kimura,1,Joe Lauzon,Curt Warburton
Daniel Roberts,Rich Attonito,6/26/11,"Pittsburgh, Pennsylvania, USA",Blue,Welterweight,U-DEC,None,3,Rich Attonito,Daniel Roberts
Ricardo Lamas,Matt Grice,6/26/11,"Pittsburgh, Pennsylvania, USA",Red,Featherweight,KO/TKO,Punches,1,Ricardo Lamas,Matt Grice
Michael Johnson,Edward Faaloloto,6/26/11,"Pittsburgh, Pennsylvania, USA",Red,Lightweight,KO/TKO,Punches,1,Michael Johnson,Edward Faaloloto
Shane Carwin,Junior Dos Santos,6/11/11,"Vancouver, British Columbia, Canada",Blue,Heavyweight,U-DEC,None,3,Junior Dos Santos,Shane Carwin
Kenny Florian,Diego Nunes,6/11/11,"Vancouver, British Columbia, Canada",Red,Featherweight,U-DEC,None,3,Kenny Florian,Diego Nunes
Mark Munoz,Demian Maia,6/11/11,"Vancouver, British Columbia, Canada",Red,Middleweight,U-DEC,None,3,Mark Munoz,Demian Maia
Dave Herman,Jon Olav Einemo,6/11/11,"Vancouver, British Columbia, Canada",Red,Heavyweight,KO/TKO,Punches,2,Dave Herman,Jon Olav Einemo
Vagner Rocha,Donald Cerrone,6/11/11,"Vancouver, British Columbia, Canada",Blue,Lightweight,U-DEC,None,3,Donald Cerrone,Vagner Rocha
Yves Edwards,Sam Stout,6/11/11,"Vancouver, British Columbia, Canada",Blue,Lightweight,KO/TKO,Punch,1,Sam Stout,Yves Edwards
Jesse Bongfeldt,Chris Weidman,6/11/11,"Vancouver, British Columbia, Canada",Blue,Middleweight,SUB,Guillotine Choke,1,Chris Weidman,Jesse Bongfeldt
Mike Massenzio,Krzysztof Soszynski,6/11/11,"Vancouver, British Columbia, Canada",Blue,Light Heavyweight,U-DEC,None,3,Krzysztof Soszynski,Mike Massenzio
Nick Ring,James Head,6/11/11,"Vancouver, British Columbia, Canada",Red,Middleweight,SUB,Rear Naked Choke,3,Nick Ring,James Head
Dustin Poirier,Jason Young,6/11/11,"Vancouver, British Columbia, Canada",Red,Featherweight,U-DEC,None,3,Dustin Poirier,Jason Young
Joey Beltran,Aaron Rosa,6/11/11,"Vancouver, British Columbia, Canada",Red,Heavyweight,KO/TKO,Punches,3,Joey Beltran,Aaron Rosa
Darren Elkins,Michihiro Omigawa,6/11/11,"Vancouver, British Columbia, Canada",Red,Featherweight,U-DEC,None,3,Darren Elkins,Michihiro Omigawa
Ramsey Nijem,Tony Ferguson,6/4/11,"Las Vegas, Nevada, USA",Blue,Welterweight,KO/TKO,Punches,1,Tony Ferguson,Ramsey Nijem
Clay Guida,Anthony Pettis,6/4/11,"Las Vegas, Nevada, USA",Red,Lightweight,U-DEC,None,3,Clay Guida,Anthony Pettis
Ed Herman,Tim Credeur,6/4/11,"Las Vegas, Nevada, USA",Red,Middleweight,KO/TKO,Punch,1,Ed Herman,Tim Credeur
Fabio Maldonado,Kyle Kingsbury,6/4/11,"Las Vegas, Nevada, USA",Blue,Light Heavyweight,U-DEC,None,3,Kyle Kingsbury,Fabio Maldonado
Chuck O'Neil,Chris Cope,6/4/11,"Las Vegas, Nevada, USA",Blue,Welterweight,U-DEC,None,3,Chris Cope,Chuck O'Neil
Danny Downes,Jeremy Stephens,6/4/11,"Las Vegas, Nevada, USA",Blue,Lightweight,U-DEC,None,3,Jeremy Stephens,Danny Downes
Josh Grispi,George Roop,6/4/11,"Las Vegas, Nevada, USA",Blue,Featherweight,KO/TKO,Punch,3,George Roop,Josh Grispi
Ryan McGillivray,Shamar Bailey,6/4/11,"Las Vegas, Nevada, USA",Blue,Welterweight,U-DEC,None,3,Shamar Bailey,Ryan McGillivray
Clay Harvison,Justin Edwards,6/4/11,"Las Vegas, Nevada, USA",Red,Welterweight,S-DEC,None,3,Clay Harvison,Justin Edwards
Scott Jorgensen,Ken Stone,6/4/11,"Las Vegas, Nevada, USA",Red,Bantamweight,KO/TKO,Punch,1,Scott Jorgensen,Ken Stone
Reuben Duran,Francisco Rivera,6/4/11,"Las Vegas, Nevada, USA",Red,Bantamweight,SUB,Rear Naked Choke,3,Reuben Duran,Francisco Rivera
Rampage Jackson,Matt Hamill,5/28/11,"Las Vegas, Nevada, USA",Red,Light Heavyweight,,None,,Rampage Jackson,Matt Hamill
Frank Mir,Roy Nelson,5/28/11,"Las Vegas, Nevada, USA",Red,Heavyweight,U-DEC,None,3,Frank Mir,Roy Nelson
Stefan Struve,Travis Browne,5/28/11,"Las Vegas, Nevada, USA",Blue,Heavyweight,KO/TKO,Punch,1,Travis Browne,Stefan Struve
Thiago Alves,Rick Story,5/28/11,"Las Vegas, Nevada, USA",Blue,Welterweight,U-DEC,None,3,Rick Story,Thiago Alves
Brian Stann,Jorge Santiago,5/28/11,"Las Vegas, Nevada, USA",Red,Middleweight,KO/TKO,Punch,2,Brian Stann,Jorge Santiago
Miguel Torres,Demetrious Johnson,5/28/11,"Las Vegas, Nevada, USA",Blue,Bantamweight,U-DEC,None,3,Demetrious Johnson,Miguel Torres
Kendall Grove,Tim Boetsch,5/28/11,"Las Vegas, Nevada, USA",Blue,Middleweight,U-DEC,None,3,Tim Boetsch,Kendall Grove
Gleison Tibau,Rafaello Oliveira,5/28/11,"Las Vegas, Nevada, USA",Red,Lightweight,SUB,Rear Naked Choke,2,Gleison Tibau,Rafaello Oliveira
Michael McDonald,Chris Cariaso,5/28/11,"Las Vegas, Nevada, USA",Red,Bantamweight,S-DEC,None,3,Michael McDonald,Chris Cariaso
Cole Escovedo,Renan Barao,5/28/11,"Las Vegas, Nevada, USA",Blue,Bantamweight,U-DEC,None,3,Renan Barao,Cole Escovedo
Georges St-Pierre,Jake Shields,4/30/11,"Toronto, Ontario, Canada",Red,Welterweight,U-DEC,None,5,Georges St-Pierre,Jake Shields
Jose Aldo,Mark Hominick,4/30/11,"Toronto, Ontario, Canada",Red,Featherweight,U-DEC,None,5,Jose Aldo,Mark Hominick
Lyoto Machida,Randy Couture,4/30/11,"Toronto, Ontario, Canada",Red,Light Heavyweight,KO/TKO,Kick,2,Lyoto Machida,Randy Couture
Vladimir Matyushenko,Jason Brilz,4/30/11,"Toronto, Ontario, Canada",Red,Light Heavyweight,KO/TKO,Punch,1,Vladimir Matyushenko,Jason Brilz
Mark Bocek,Benson Henderson,4/30/11,"Toronto, Ontario, Canada",Blue,Lightweight,U-DEC,None,3,Benson Henderson,Mark Bocek
Nate Diaz,Rory MacDonald,4/30/11,"Toronto, Ontario, Canada",Blue,Welterweight,U-DEC,None,3,Rory MacDonald,Nate Diaz
Jake Ellenberger,Sean Pierson,4/30/11,"Toronto, Ontario, Canada",Red,Welterweight,KO/TKO,Punch,1,Jake Ellenberger,Sean Pierson
Daniel Roberts,Claude Patrick,4/30/11,"Toronto, Ontario, Canada",Blue,Welterweight,U-DEC,None,3,Claude Patrick,Daniel Roberts
Ivan Menjivar,Charlie Valencia,4/30/11,"Toronto, Ontario, Canada",Red,Bantamweight,KO/TKO,Elbow,1,Ivan Menjivar,Charlie Valencia
Jason MacDonald,Ryan Jensen,4/30/11,"Toronto, Ontario, Canada",Red,Middleweight,SUB,Triangle Choke,1,Jason MacDonald,Ryan Jensen
John Makdessi,Kyle Watson,4/30/11,"Toronto, Ontario, Canada",Red,Lightweight,KO/TKO,Spinning Back Fist,3,John Makdessi,Kyle Watson
Yves Jabouin,Pablo Garza,4/30/11,"Toronto, Ontario, Canada",Blue,Featherweight,SUB,Triangle Choke,1,Pablo Garza,Yves Jabouin
Phil Davis,Rogerio Nogueira,3/26/11,"Seattle, Washington, USA",Red,Light Heavyweight,U-DEC,None,3,Phil Davis,Rogerio Nogueira
Anthony Johnson,Dan Hardy,3/26/11,"Seattle, Washington, USA",Red,Welterweight,U-DEC,None,3,Anthony Johnson,Dan Hardy
DaMarques Johnson,Amir Sadollah,3/26/11,"Seattle, Washington, USA",Blue,Welterweight,KO/TKO,Elbows,2,Amir Sadollah,DaMarques Johnson
Chan Sung Jung,Leonard Garcia,3/26/11,"Seattle, Washington, USA",Red,Featherweight,SUB,Other - Lock,2,Chan Sung Jung,Leonard Garcia
Jon Madsen,Mike Russow,3/26/11,"Seattle, Washington, USA",Blue,Heavyweight,KO/TKO,None,2,Mike Russow,Jon Madsen
Alex Caceres,Mackens Semerzier,3/26/11,"Seattle, Washington, USA",Blue,Featherweight,SUB,Rear Naked Choke,1,Mackens Semerzier,Alex Caceres
John Hathaway,Kris McCray,3/26/11,"Seattle, Washington, USA",Red,Welterweight,S-DEC,None,3,John Hathaway,Kris McCray
Michael McDonald,Edwin Figueroa,3/26/11,"Seattle, Washington, USA",Red,Bantamweight,U-DEC,None,3,Michael McDonald,Edwin Figueroa
Sean McCorkle,Christian Morecraft,3/26/11,"Seattle, Washington, USA",Blue,Heavyweight,SUB,Guillotine Choke,2,Christian Morecraft,Sean McCorkle
Johny Hendricks,TJ Waldburger,3/26/11,"Seattle, Washington, USA",Red,Welterweight,KO/TKO,Punch,1,Johny Hendricks,TJ Waldburger
Mario Miranda,Aaron Simpson,3/26/11,"Seattle, Washington, USA",Blue,Middleweight,U-DEC,None,3,Aaron Simpson,Mario Miranda
Waylon Lowe,Nik Lentz,3/26/11,"Seattle, Washington, USA",Blue,Lightweight,SUB,Guillotine Choke,3,Nik Lentz,Waylon Lowe
Mauricio Rua,Jon Jones,3/19/11,"Newark, New Jersey, USA",Blue,Light Heavyweight,KO/TKO,Knee,3,Jon Jones,Mauricio Rua
Urijah Faber,Eddie Wineland,3/19/11,"Newark, New Jersey, USA",Red,Bantamweight,U-DEC,None,3,Urijah Faber,Eddie Wineland
Jim Miller,Kamal Shalorus,3/19/11,"Newark, New Jersey, USA",Red,Lightweight,KO/TKO,Knee,3,Jim Miller,Kamal Shalorus
Dan Miller,Nate Marquardt,3/19/11,"Newark, New Jersey, USA",Blue,Middleweight,U-DEC,None,3,Nate Marquardt,Dan Miller
Mirko Cro Cop,Brendan Schaub,3/19/11,"Newark, New Jersey, USA",Blue,Heavyweight,,None,,Brendan Schaub,Mirko Cro Cop
Luiz Cane,Eliot Marshall,3/19/11,"Newark, New Jersey, USA",Red,Light Heavyweight,KO/TKO,Punches,1,Luiz Cane,Eliot Marshall
Edson Barboza,Anthony Njokuani,3/19/11,"Newark, New Jersey, USA",Red,Lightweight,U-DEC,None,3,Edson Barboza,Anthony Njokuani
Ricardo Almeida,Mike Pyle,3/19/11,"Newark, New Jersey, USA",Blue,Welterweight,U-DEC,None,3,Mike Pyle,Ricardo Almeida
Kurt Pellegrino,Gleison Tibau,3/19/11,"Newark, New Jersey, USA",Blue,Lightweight,S-DEC,None,3,Gleison Tibau,Kurt Pellegrino
Joseph Benavidez,Ian Loveland,3/19/11,"Newark, New Jersey, USA",Red,Bantamweight,U-DEC,None,3,Joseph Benavidez,Ian Loveland
Costas Philippou,Nick Catone,3/19/11,"Newark, New Jersey, USA",Blue,Catch Weight,,None,,Nick Catone,Costas Philippou
Erik Koch,Raphael Assuncao,3/19/11,"Newark, New Jersey, USA",Red,Featherweight,KO/TKO,Punch,1,Erik Koch,Raphael Assuncao
Diego Sanchez,Martin Kampmann,3/3/11,"Louisville, Kentucky, USA",Red,Welterweight,U-DEC,None,3,Diego Sanchez,Martin Kampmann
CB Dollaway,Mark Munoz,3/3/11,"Louisville, Kentucky, USA",Blue,Middleweight,KO/TKO,Punch,1,Mark Munoz,CB Dollaway
Alessio Sakara,Chris Weidman,3/3/11,"Louisville, Kentucky, USA",Blue,Middleweight,U-DEC,None,3,Chris Weidman,Alessio Sakara
Brian Bowles,Damacio Page,3/3/11,"Louisville, Kentucky, USA",Red,Bantamweight,SUB,Guillotine Choke,1,Brian Bowles,Damacio Page
Steve Cantwell,Cyrille Diabate,3/3/11,"Louisville, Kentucky, USA",Blue,Light Heavyweight,U-DEC,None,3,Cyrille Diabate,Steve Cantwell
Joe Stevenson,Danny Castillo,3/3/11,"Louisville, Kentucky, USA",Blue,Lightweight,U-DEC,None,3,Danny Castillo,Joe Stevenson
Thiago Tavares,Shane Roller,3/3/11,"Louisville, Kentucky, USA",Blue,Lightweight,KO/TKO,Punch,2,Shane Roller,Thiago Tavares
Takeya Mizugaki,Reuben Duran,3/3/11,"Louisville, Kentucky, USA",Red,Bantamweight,S-DEC,None,3,Takeya Mizugaki,Reuben Duran
Rob Kimmons,Dongi Yang,3/3/11,"Louisville, Kentucky, USA",Blue,Middleweight,KO/TKO,Punches,2,Dongi Yang,Rob Kimmons
David Branch,Rousimar Palhares,3/3/11,"Louisville, Kentucky, USA",Blue,Middleweight,SUB,Kneebar,2,Rousimar Palhares,David Branch
Igor Pokrajac,Todd Brown,3/3/11,"Louisville, Kentucky, USA",Red,Light Heavyweight,KO/TKO,None,1,Igor Pokrajac,Todd Brown
Michael Bisping,Jorge Rivera,2/26/11,"Sydney, New South Wales, Australia",Red,Middleweight,KO/TKO,Punches,2,Michael Bisping,Jorge Rivera
George Sotiropoulos,Dennis Siver,2/26/11,"Sydney, New South Wales, Australia",Blue,Lightweight,U-DEC,None,3,Dennis Siver,George Sotiropoulos
Brian Ebersole,Chris Lytle,2/26/11,"Sydney, New South Wales, Australia",Red,Welterweight,U-DEC,None,3,Brian Ebersole,Chris Lytle
Chris Camozzi,Kyle Noke,2/26/11,"Sydney, New South Wales, Australia",Blue,Middleweight,SUB,Rear Naked Choke,1,Kyle Noke,Chris Camozzi
Ross Pearson,Spencer Fisher,2/26/11,"Sydney, New South Wales, Australia",Red,Lightweight,U-DEC,None,3,Ross Pearson,Spencer Fisher
Alexander Gustafsson,James Te Huna,2/26/11,"Sydney, New South Wales, Australia",Red,Light Heavyweight,SUB,Rear Naked Choke,1,Alexander Gustafsson,James Te Huna
Nick Ring,Riki Fukuda,2/26/11,"Sydney, New South Wales, Australia",Red,Middleweight,U-DEC,None,3,Nick Ring,Riki Fukuda
Tom Blackledge,Anthony Perosh,2/26/11,"Sydney, New South Wales, Australia",Blue,Light Heavyweight,SUB,Rear Naked Choke,1,Anthony Perosh,Tom Blackledge
Tiequan Zhang,Jason Reinhardt,2/26/11,"Sydney, New South Wales, Australia",Red,Featherweight,SUB,Guillotine Choke,1,Tiequan Zhang,Jason Reinhardt
Mark Hunt,Chris Tuchscherer,2/26/11,"Sydney, New South Wales, Australia",Red,Heavyweight,KO/TKO,Punch,2,Mark Hunt,Chris Tuchscherer
Maciej Jewtuszko,Curt Warburton,2/26/11,"Sydney, New South Wales, Australia",Blue,Lightweight,U-DEC,None,3,Curt Warburton,Maciej Jewtuszko
Anderson Silva,Vitor Belfort,2/5/11,"Las Vegas, Nevada, USA",Red,Middleweight,KO/TKO,Kick,1,Anderson Silva,Vitor Belfort
Forrest Griffin,Rich Franklin,2/5/11,"Las Vegas, Nevada, USA",Red,Light Heavyweight,U-DEC,None,3,Forrest Griffin,Rich Franklin
Jon Jones,Ryan Bader,2/5/11,"Las Vegas, Nevada, USA",Red,Light Heavyweight,SUB,Guillotine Choke,2,Jon Jones,Ryan Bader
Jake Ellenberger,Carlos Eduardo Rocha,2/5/11,"Las Vegas, Nevada, USA",Red,Welterweight,S-DEC,None,3,Jake Ellenberger,Carlos Eduardo Rocha
Miguel Torres,Antonio Banuelos,2/5/11,"Las Vegas, Nevada, USA",Red,Bantamweight,U-DEC,None,3,Miguel Torres,Antonio Banuelos
Donald Cerrone,Paul Kelly,2/5/11,"Las Vegas, Nevada, USA",Red,Lightweight,SUB,Rear Naked Choke,2,Donald Cerrone,Paul Kelly
Chad Mendes,Michihiro Omigawa,2/5/11,"Las Vegas, Nevada, USA",Red,Featherweight,U-DEC,None,3,Chad Mendes,Michihiro Omigawa
Norifumi Yamamoto,Demetrious Johnson,2/5/11,"Las Vegas, Nevada, USA",Blue,Bantamweight,U-DEC,None,3,Demetrious Johnson,Norifumi Yamamoto
Paul Taylor,Gabe Ruediger,2/5/11,"Las Vegas, Nevada, USA",Red,Lightweight,KO/TKO,Kick,2,Paul Taylor,Gabe Ruediger
Kyle Kingsbury,Ricardo Romero,2/5/11,"Las Vegas, Nevada, USA",Red,Light Heavyweight,KO/TKO,Punch,1,Kyle Kingsbury,Ricardo Romero
Mike Pierce,Kenny Robertson,2/5/11,"Las Vegas, Nevada, USA",Red,Welterweight,KO/TKO,Punches,2,Mike Pierce,Kenny Robertson
Melvin Guillard,Evan Dunham,1/22/11,"Killeen, Texas, USA",Red,Lightweight,KO/TKO,Knees,1,Melvin Guillard,Evan Dunham
Matt Mitrione,Tim Hague,1/22/11,"Killeen, Texas, USA",Red,Heavyweight,KO/TKO,Punch,1,Matt Mitrione,Tim Hague
Mark Hominick,George Roop,1/22/11,"Killeen, Texas, USA",Red,Featherweight,KO/TKO,Punch,1,Mark Hominick,George Roop
Pat Barry,Joey Beltran,1/22/11,"Killeen, Texas, USA",Red,Heavyweight,U-DEC,None,3,Pat Barry,Joey Beltran
Cole Miller,Matt Wiman,1/22/11,"Killeen, Texas, USA",Blue,Lightweight,U-DEC,None,3,Matt Wiman,Cole Miller
Cody McKenzie,Yves Edwards,1/22/11,"Killeen, Texas, USA",Blue,Lightweight,SUB,Rear Naked Choke,2,Yves Edwards,Cody McKenzie
DaMarques Johnson,Mike Guymon,1/22/11,"Killeen, Texas, USA",Red,Welterweight,SUB,Injury,1,DaMarques Johnson,Mike Guymon
Rani Yahya,Mike Brown,1/22/11,"Killeen, Texas, USA",Red,Featherweight,U-DEC,None,3,Rani Yahya,Mike Brown
Waylon Lowe,Willamy Freire,1/22/11,"Killeen, Texas, USA",Red,Lightweight,U-DEC,None,3,Waylon Lowe,Willamy Freire
Charlie Brenneman,Amilcar Alves,1/22/11,"Killeen, Texas, USA",Red,Welterweight,U-DEC,None,3,Charlie Brenneman,Amilcar Alves
Will Campuzano,Chris Cariaso,1/22/11,"Killeen, Texas, USA",Blue,Bantamweight,U-DEC,None,3,Chris Cariaso,Will Campuzano
Chris Leben,Brian Stann,1/1/11,"Las Vegas, Nevada, USA",Blue,Middleweight,KO/TKO,Knee,1,Brian Stann,Chris Leben
Nate Diaz,Dong Hyun Kim,1/1/11,"Las Vegas, Nevada, USA",Blue,Welterweight,U-DEC,None,3,Dong Hyun Kim,Nate Diaz
Clay Guida,Takanori Gomi,1/1/11,"Las Vegas, Nevada, USA",Red,Lightweight,SUB,Guillotine Choke,2,Clay Guida,Takanori Gomi
Jeremy Stephens,Marcus Davis,1/1/11,"Las Vegas, Nevada, USA",Red,Lightweight,KO/TKO,Punch,3,Jeremy Stephens,Marcus Davis
Dustin Poirier,Josh Grispi,1/1/11,"Las Vegas, Nevada, USA",Red,Featherweight,U-DEC,None,3,Dustin Poirier,Josh Grispi
Phil Baroni,Brad Tavares,1/1/11,"Las Vegas, Nevada, USA",Blue,Middleweight,KO/TKO,Punches,1,Brad Tavares,Phil Baroni
Mike Brown,Diego Nunes,1/1/11,"Las Vegas, Nevada, USA",Blue,Featherweight,S-DEC,None,3,Diego Nunes,Mike Brown
Daniel Roberts,Greg Soto,1/1/11,"Las Vegas, Nevada, USA",Red,Welterweight,SUB,Kimura,1,Daniel Roberts,Greg Soto
Jacob Volkmann,Antonio McKee,1/1/11,"Las Vegas, Nevada, USA",Red,Lightweight,S-DEC,None,3,Jacob Volkmann,Antonio McKee
Georges St-Pierre,Josh Koscheck,12/11/10,"Montreal, Quebec, Canada",Red,Welterweight,U-DEC,None,5,Georges St-Pierre,Josh Koscheck
Stefan Struve,Sean McCorkle,12/11/10,"Montreal, Quebec, Canada",Red,Heavyweight,KO/TKO,Punches,1,Stefan Struve,Sean McCorkle
Jim Miller,Charles Oliveira,12/11/10,"Montreal, Quebec, Canada",Red,Lightweight,SUB,Kneebar,1,Jim Miller,Charles Oliveira
Joe Stevenson,Mac Danzig,12/11/10,"Montreal, Quebec, Canada",Blue,Lightweight,KO/TKO,Punch,1,Mac Danzig,Joe Stevenson
Thiago Alves,John Howard,12/11/10,"Montreal, Quebec, Canada",Red,Welterweight,U-DEC,None,3,Thiago Alves,John Howard
Joe Doerksen,Dan Miller,12/11/10,"Montreal, Quebec, Canada",Blue,Middleweight,S-DEC,None,3,Dan Miller,Joe Doerksen
Mark Bocek,Dustin Hazelett,12/11/10,"Montreal, Quebec, Canada",Red,Lightweight,SUB,Triangle Choke,1,Mark Bocek,Dustin Hazelett
Matthew Riddle,Sean Pierson,12/11/10,"Montreal, Quebec, Canada",Blue,Welterweight,U-DEC,None,3,Sean Pierson,Matthew Riddle
TJ Grant,Ricardo Almeida,12/11/10,"Montreal, Quebec, Canada",Blue,Welterweight,U-DEC,None,3,Ricardo Almeida,TJ Grant
Pat Audinwood,John Makdessi,12/11/10,"Montreal, Quebec, Canada",Blue,Lightweight,U-DEC,None,3,John Makdessi,Pat Audinwood
Jonathan Brookins,Michael Johnson,12/4/10,"Las Vegas, Nevada, USA",Red,Lightweight,U-DEC,None,3,Jonathan Brookins,Michael Johnson
Stephan Bonnar,Igor Pokrajac,12/4/10,"Las Vegas, Nevada, USA",Red,Light Heavyweight,U-DEC,None,3,Stephan Bonnar,Igor Pokrajac
Kendall Grove,Demian Maia,12/4/10,"Las Vegas, Nevada, USA",Blue,Middleweight,U-DEC,None,3,Demian Maia,Kendall Grove
Johny Hendricks,Rick Story,12/4/10,"Las Vegas, Nevada, USA",Blue,Welterweight,U-DEC,None,3,Rick Story,Johny Hendricks
Nam Phan,Leonard Garcia,12/4/10,"Las Vegas, Nevada, USA",Blue,Featherweight,S-DEC,None,3,Leonard Garcia,Nam Phan
Cody McKenzie,Aaron Wilkinson,12/4/10,"Las Vegas, Nevada, USA",Red,Lightweight,SUB,Guillotine Choke,1,Cody McKenzie,Aaron Wilkinson
Ian Loveland,Tyler Toner,12/4/10,"Las Vegas, Nevada, USA",Red,Featherweight,U-DEC,None,3,Ian Loveland,Tyler Toner
Sako Chivitchian,Kyle Watson,12/4/10,"Las Vegas, Nevada, USA",Blue,Lightweight,U-DEC,None,3,Kyle Watson,Sako Chivitchian
Will Campuzano,Nick Pace,12/4/10,"Las Vegas, Nevada, USA",Blue,Bantamweight,SUB,Other - Choke,3,Nick Pace,Will Campuzano
Fredson Paixao,Pablo Garza,12/4/10,"Las Vegas, Nevada, USA",Blue,Featherweight,KO/TKO,Flying Knee,1,Pablo Garza,Fredson Paixao
Rich Attonito,David Branch,12/4/10,"Las Vegas, Nevada, USA",Blue,Middleweight,U-DEC,None,3,David Branch,Rich Attonito
Rampage Jackson,Lyoto Machida,11/20/10,"Auburn Hills, Michigan, USA",Red,Light Heavyweight,,None,,Rampage Jackson,Lyoto Machida
Matt Hughes,BJ Penn,11/20/10,"Auburn Hills, Michigan, USA",Blue,Welterweight,KO/TKO,Punch,1,BJ Penn,Matt Hughes
Gerald Harris,Maiquel Falcao,11/20/10,"Auburn Hills, Michigan, USA",Blue,Middleweight,U-DEC,None,3,Maiquel Falcao,Gerald Harris
Phil Davis,Tim Boetsch,11/20/10,"Auburn Hills, Michigan, USA",Red,Light Heavyweight,SUB,Kimura,2,Phil Davis,Tim Boetsch
George Sotiropoulos,Joe Lauzon,11/20/10,"Auburn Hills, Michigan, USA",Red,Lightweight,SUB,Kimura,2,George Sotiropoulos,Joe Lauzon
Matt Brown,Brian Foster,11/20/10,"Auburn Hills, Michigan, USA",Blue,Welterweight,SUB,Guillotine Choke,2,Brian Foster,Matt Brown
Aaron Simpson,Mark Munoz,11/20/10,"Auburn Hills, Michigan, USA",Blue,Middleweight,U-DEC,None,3,Mark Munoz,Aaron Simpson
Karo Parisyan,Dennis Hallman,11/20/10,"Auburn Hills, Michigan, USA",Blue,Welterweight,KO/TKO,Punches,1,Dennis Hallman,Karo Parisyan
Mike Lullo,Edson Barboza,11/20/10,"Auburn Hills, Michigan, USA",Blue,Lightweight,KO/TKO,Kicks,3,Edson Barboza,Mike Lullo
Paul Kelly,TJ O'Brien,11/20/10,"Auburn Hills, Michigan, USA",Red,Lightweight,KO/TKO,Elbows,2,Paul Kelly,TJ O'Brien
Tyson Griffin,Nik Lentz,11/20/10,"Auburn Hills, Michigan, USA",Blue,Lightweight,S-DEC,None,3,Nik Lentz,Tyson Griffin
Nate Marquardt,Yushin Okami,11/13/10,"Oberhausen, North Rhine-Westphalia, Germany",Blue,Middleweight,U-DEC,None,3,Yushin Okami,Nate Marquardt
Dennis Siver,Andre Winner,11/13/10,"Oberhausen, North Rhine-Westphalia, Germany",Red,Lightweight,SUB,Rear Naked Choke,1,Dennis Siver,Andre Winner
Amir Sadollah,Peter Sobotta,11/13/10,"Oberhausen, North Rhine-Westphalia, Germany",Red,Welterweight,U-DEC,None,3,Amir Sadollah,Peter Sobotta
Krzysztof Soszynski,Goran Reljic,11/13/10,"Oberhausen, North Rhine-Westphalia, Germany",Red,Light Heavyweight,U-DEC,None,3,Krzysztof Soszynski,Goran Reljic
Duane Ludwig,Nick Osipczak,11/13/10,"Oberhausen, North Rhine-Westphalia, Germany",Red,Welterweight,S-DEC,None,3,Duane Ludwig,Nick Osipczak
Vladimir Matyushenko,Alexandre Ferreira,11/13/10,"Oberhausen, North Rhine-Westphalia, Germany",Red,Light Heavyweight,KO/TKO,Elbows,1,Vladimir Matyushenko,Alexandre Ferreira
Pascal Krauss,Mark Scanlon,11/13/10,"Oberhausen, North Rhine-Westphalia, Germany",Red,Welterweight,U-DEC,None,3,Pascal Krauss,Mark Scanlon
Kyle Noke,Rob Kimmons,11/13/10,"Oberhausen, North Rhine-Westphalia, Germany",Red,Middleweight,SUB,Rear Naked Choke,2,Kyle Noke,Rob Kimmons
Seth Petruzelli,Karlos Vemola,11/13/10,"Oberhausen, North Rhine-Westphalia, Germany",Blue,Light Heavyweight,KO/TKO,Punches,1,Karlos Vemola,Seth Petruzelli
Kris McCray,Carlos Eduardo Rocha,11/13/10,"Oberhausen, North Rhine-Westphalia, Germany",Blue,Welterweight,SUB,Kneebar,1,Carlos Eduardo Rocha,Kris McCray
Brock Lesnar,Cain Velasquez,10/23/10,"Anaheim, California, USA",Blue,Heavyweight,KO/TKO,Punches,1,Cain Velasquez,Brock Lesnar
Jake Shields,Martin Kampmann,10/23/10,"Anaheim, California, USA",Red,Welterweight,S-DEC,None,3,Jake Shields,Martin Kampmann
Diego Sanchez,Paulo Thiago,10/23/10,"Anaheim, California, USA",Red,Welterweight,U-DEC,None,3,Diego Sanchez,Paulo Thiago
Tito Ortiz,Matt Hamill,10/23/10,"Anaheim, California, USA",Blue,Light Heavyweight,U-DEC,None,3,Matt Hamill,Tito Ortiz
Brendan Schaub,Gabriel Gonzaga,10/23/10,"Anaheim, California, USA",Red,Heavyweight,U-DEC,None,3,Brendan Schaub,Gabriel Gonzaga
Court McGee,Ryan Jensen,10/23/10,"Anaheim, California, USA",Red,Middleweight,SUB,Arm Triangle,3,Court McGee,Ryan Jensen
Patrick Cote,Tom Lawlor,10/23/10,"Anaheim, California, USA",Blue,Middleweight,U-DEC,None,3,Tom Lawlor,Patrick Cote
Mike Guymon,Daniel Roberts,10/23/10,"Anaheim, California, USA",Blue,Welterweight,SUB,Anaconda Choke,1,Daniel Roberts,Mike Guymon
Sam Stout,Paul Taylor,10/23/10,"Anaheim, California, USA",Red,Lightweight,S-DEC,None,3,Sam Stout,Paul Taylor
Chris Camozzi,Dongi Yang,10/23/10,"Anaheim, California, USA",Red,Middleweight,S-DEC,None,3,Chris Camozzi,Dongi Yang
Jon Madsen,Gilbert Yvel,10/23/10,"Anaheim, California, USA",Red,Heavyweight,KO/TKO,Punches,1,Jon Madsen,Gilbert Yvel
Michael Bisping,Yoshihiro Akiyama,10/16/10,"London, England, United Kingdom",Red,Middleweight,U-DEC,None,3,Michael Bisping,Yoshihiro Akiyama
Dan Hardy,Carlos Condit,10/16/10,"London, England, United Kingdom",Blue,Welterweight,KO/TKO,Punch,1,Carlos Condit,Dan Hardy
John Hathaway,Mike Pyle,10/16/10,"London, England, United Kingdom",Blue,Welterweight,U-DEC,None,3,Mike Pyle,John Hathaway
James Wilks,Claude Patrick,10/16/10,"London, England, United Kingdom",Blue,Welterweight,U-DEC,None,3,Claude Patrick,James Wilks
Cyrille Diabate,Alexander Gustafsson,10/16/10,"London, England, United Kingdom",Blue,Light Heavyweight,SUB,Rear Naked Choke,2,Alexander Gustafsson,Cyrille Diabate
Rob Broughton,Vinicius Queiroz,10/16/10,"London, England, United Kingdom",Red,Heavyweight,SUB,Rear Naked Choke,3,Rob Broughton,Vinicius Queiroz
Paul Sass,Mark Holst,10/16/10,"London, England, United Kingdom",Red,Lightweight,SUB,Triangle Choke,1,Paul Sass,Mark Holst
Spencer Fisher,Curt Warburton,10/16/10,"London, England, United Kingdom",Red,Lightweight,U-DEC,None,3,Spencer Fisher,Curt Warburton
James McSweeney,Fabio Maldonado,10/16/10,"London, England, United Kingdom",Blue,Light Heavyweight,KO/TKO,Punches,3,Fabio Maldonado,James McSweeney
Frank Mir,Mirko Cro Cop,9/25/10,"Indianapolis, Indiana, USA",Red,Heavyweight,,None,,Frank Mir,Mirko Cro Cop
Rogerio Nogueira,Ryan Bader,9/25/10,"Indianapolis, Indiana, USA",Blue,Light Heavyweight,U-DEC,None,3,Ryan Bader,Rogerio Nogueira
Matt Serra,Chris Lytle,9/25/10,"Indianapolis, Indiana, USA",Blue,Welterweight,U-DEC,None,3,Chris Lytle,Matt Serra
Sean Sherk,Evan Dunham,9/25/10,"Indianapolis, Indiana, USA",Red,Lightweight,S-DEC,None,3,Sean Sherk,Evan Dunham
Melvin Guillard,Jeremy Stephens,9/25/10,"Indianapolis, Indiana, USA",Red,Lightweight,S-DEC,None,3,Melvin Guillard,Jeremy Stephens
CB Dollaway,Joe Doerksen,9/25/10,"Indianapolis, Indiana, USA",Red,Middleweight,SUB,Guillotine Choke,1,CB Dollaway,Joe Doerksen
Matt Mitrione,Joey Beltran,9/25/10,"Indianapolis, Indiana, USA",Red,Heavyweight,U-DEC,None,3,Matt Mitrione,Joey Beltran
Thiago Tavares,Pat Audinwood,9/25/10,"Indianapolis, Indiana, USA",Red,Lightweight,SUB,Guillotine Choke,1,Thiago Tavares,Pat Audinwood
Steve Lopez,Waylon Lowe,9/25/10,"Indianapolis, Indiana, USA",Blue,Lightweight,S-DEC,None,3,Waylon Lowe,Steve Lopez
TJ Grant,Julio Paulino,9/25/10,"Indianapolis, Indiana, USA",Red,Welterweight,U-DEC,None,3,TJ Grant,Julio Paulino
Mark Hunt,Sean McCorkle,9/25/10,"Indianapolis, Indiana, USA",Blue,Heavyweight,SUB,Armbar,1,Sean McCorkle,Mark Hunt
Nate Marquardt,Rousimar Palhares,9/15/10,"Austin, Texas, USA",Red,Middleweight,KO/TKO,Punches,1,Nate Marquardt,Rousimar Palhares
Efrain Escudero,Charles Oliveira,9/15/10,"Austin, Texas, USA",Blue,Lightweight,SUB,Rear Naked Choke,3,Charles Oliveira,Efrain Escudero
Jim Miller,Gleison Tibau,9/15/10,"Austin, Texas, USA",Red,Lightweight,U-DEC,None,3,Jim Miller,Gleison Tibau
Cole Miller,Ross Pearson,9/15/10,"Austin, Texas, USA",Red,Lightweight,SUB,Rear Naked Choke,2,Cole Miller,Ross Pearson
Yves Edwards,John Gunderson,9/15/10,"Austin, Texas, USA",Red,Lightweight,U-DEC,None,3,Yves Edwards,John Gunderson
Jared Hamman,Kyle Kingsbury,9/15/10,"Austin, Texas, USA",Blue,Light Heavyweight,U-DEC,None,3,Kyle Kingsbury,Jared Hamman
Tomasz Drwal,David Branch,9/15/10,"Austin, Texas, USA",Blue,Middleweight,U-DEC,None,3,David Branch,Tomasz Drwal
Rich Attonito,Rafael Natal,9/15/10,"Austin, Texas, USA",Red,Middleweight,U-DEC,None,3,Rich Attonito,Rafael Natal
TJ Waldburger,David Mitchell,9/15/10,"Austin, Texas, USA",Red,Welterweight,U-DEC,None,3,TJ Waldburger,David Mitchell
Brian Foster,Forrest Petz,9/15/10,"Austin, Texas, USA",Red,Welterweight,KO/TKO,Punches,1,Brian Foster,Forrest Petz
Frankie Edgar,BJ Penn,8/28/10,"Boston, Massachusetts, USA",Red,Lightweight,U-DEC,None,5,Frankie Edgar,BJ Penn
Randy Couture,James Toney,8/28/10,"Boston, Massachusetts, USA",Red,Heavyweight,SUB,Arm Triangle,1,Randy Couture,James Toney
Demian Maia,Mario Miranda,8/28/10,"Boston, Massachusetts, USA",Red,Middleweight,U-DEC,None,3,Demian Maia,Mario Miranda
Kenny Florian,Gray Maynard,8/28/10,"Boston, Massachusetts, USA",Blue,Lightweight,U-DEC,None,3,Gray Maynard,Kenny Florian
Nate Diaz,Marcus Davis,8/28/10,"Boston, Massachusetts, USA",Red,Welterweight,SUB,Guillotine Choke,3,Nate Diaz,Marcus Davis
Joe Lauzon,Gabe Ruediger,8/28/10,"Boston, Massachusetts, USA",Red,Lightweight,SUB,Armbar,1,Joe Lauzon,Gabe Ruediger
Andre Winner,Nik Lentz,8/28/10,"Boston, Massachusetts, USA",Blue,Lightweight,U-DEC,None,3,Nik Lentz,Andre Winner
Dan Miller,John Salter,8/28/10,"Boston, Massachusetts, USA",Red,Middleweight,SUB,Guillotine Choke,2,Dan Miller,John Salter
Nick Osipczak,Greg Soto,8/28/10,"Boston, Massachusetts, USA",Blue,Welterweight,U-DEC,None,3,Greg Soto,Nick Osipczak
Mike Pierce,Amilcar Alves,8/28/10,"Boston, Massachusetts, USA",Red,Welterweight,SUB,Armbar,3,Mike Pierce,Amilcar Alves
Anderson Silva,Chael Sonnen,8/7/10,"Oakland, California, USA",Red,Middleweight,SUB,Triangle Choke,5,Anderson Silva,Chael Sonnen
Jon Fitch,Thiago Alves,8/7/10,"Oakland, California, USA",Red,Welterweight,U-DEC,None,3,Jon Fitch,Thiago Alves
Clay Guida,Rafael Dos Anjos,8/7/10,"Oakland, California, USA",Red,Lightweight,SUB,Injury,3,Clay Guida,Rafael Dos Anjos
Matt Hughes,Ricardo Almeida,8/7/10,"Oakland, California, USA",Red,Welterweight,SUB,Arm Triangle,1,Matt Hughes,Ricardo Almeida
Roy Nelson,Junior Dos Santos,8/7/10,"Oakland, California, USA",Blue,Heavyweight,U-DEC,None,3,Junior Dos Santos,Roy Nelson
Dustin Hazelett,Rick Story,8/7/10,"Oakland, California, USA",Blue,Welterweight,KO/TKO,Punches,2,Rick Story,Dustin Hazelett
Rodney Wallace,Phil Davis,8/7/10,"Oakland, California, USA",Blue,Light Heavyweight,U-DEC,None,3,Phil Davis,Rodney Wallace
Johny Hendricks,Charlie Brenneman,8/7/10,"Oakland, California, USA",Red,Welterweight,KO/TKO,Punches,2,Johny Hendricks,Charlie Brenneman
Todd Brown,Tim Boetsch,8/7/10,"Oakland, California, USA",Blue,Light Heavyweight,U-DEC,None,3,Tim Boetsch,Todd Brown
Stefan Struve,Christian Morecraft,8/7/10,"Oakland, California, USA",Red,Heavyweight,KO/TKO,Punch,2,Stefan Struve,Christian Morecraft
Ben Saunders,Dennis Hallman,8/7/10,"Oakland, California, USA",Blue,Welterweight,U-DEC,None,3,Dennis Hallman,Ben Saunders
Jon Jones,Vladimir Matyushenko,8/1/10,"San Diego, California, USA",Red,Light Heavyweight,KO/TKO,Elbows,1,Jon Jones,Vladimir Matyushenko
Mark Munoz,Yushin Okami,8/1/10,"San Diego, California, USA",Blue,Middleweight,S-DEC,None,3,Yushin Okami,Mark Munoz
John Howard,Jake Ellenberger,8/1/10,"San Diego, California, USA",Blue,Welterweight,KO/TKO,None,3,Jake Ellenberger,John Howard
Tyson Griffin,Takanori Gomi,8/1/10,"San Diego, California, USA",Blue,Lightweight,KO/TKO,Punch,1,Takanori Gomi,Tyson Griffin
Paul Kelly,Jacob Volkmann,8/1/10,"San Diego, California, USA",Blue,Lightweight,U-DEC,None,3,Jacob Volkmann,Paul Kelly
DaMarques Johnson,Matthew Riddle,8/1/10,"San Diego, California, USA",Blue,Welterweight,KO/TKO,Punches,2,Matthew Riddle,DaMarques Johnson
James Irvin,Igor Pokrajac,8/1/10,"San Diego, California, USA",Blue,Light Heavyweight,SUB,Rear Naked Choke,1,Igor Pokrajac,James Irvin
Brian Stann,Mike Massenzio,8/1/10,"San Diego, California, USA",Red,Middleweight,SUB,Triangle Choke,3,Brian Stann,Mike Massenzio
Darren Elkins,Charles Oliveira,8/1/10,"San Diego, California, USA",Blue,Lightweight,SUB,Armbar,1,Charles Oliveira,Darren Elkins
Rob Kimmons,Steve Steinbeiss,8/1/10,"San Diego, California, USA",Red,Middleweight,U-DEC,None,3,Rob Kimmons,Steve Steinbeiss
Brock Lesnar,Shane Carwin,7/3/10,"Las Vegas, Nevada, USA",Red,Heavyweight,SUB,Arm Triangle,2,Brock Lesnar,Shane Carwin
Chris Leben,Yoshihiro Akiyama,7/3/10,"Las Vegas, Nevada, USA",Red,Middleweight,SUB,Triangle Choke,3,Chris Leben,Yoshihiro Akiyama
Chris Lytle,Matt Brown,7/3/10,"Las Vegas, Nevada, USA",Red,Welterweight,SUB,Armbar,2,Chris Lytle,Matt Brown
Krzysztof Soszynski,Stephan Bonnar,7/3/10,"Las Vegas, Nevada, USA",Blue,Light Heavyweight,KO/TKO,Punches,2,Stephan Bonnar,Krzysztof Soszynski
George Sotiropoulos,Kurt Pellegrino,7/3/10,"Las Vegas, Nevada, USA",Red,Lightweight,U-DEC,None,3,George Sotiropoulos,Kurt Pellegrino
Brendan Schaub,Chris Tuchscherer,7/3/10,"Las Vegas, Nevada, USA",Red,Heavyweight,KO/TKO,Punch,1,Brendan Schaub,Chris Tuchscherer
Seth Petruzelli,Ricardo Romero,7/3/10,"Las Vegas, Nevada, USA",Blue,Light Heavyweight,SUB,Armbar,2,Ricardo Romero,Seth Petruzelli
Kendall Grove,Goran Reljic,7/3/10,"Las Vegas, Nevada, USA",Red,Middleweight,S-DEC,None,3,Kendall Grove,Goran Reljic
Gerald Harris,David Branch,7/3/10,"Las Vegas, Nevada, USA",Red,Middleweight,KO/TKO,Slam,3,Gerald Harris,David Branch
Forrest Petz,Daniel Roberts,7/3/10,"Las Vegas, Nevada, USA",Blue,Welterweight,S-DEC,None,3,Daniel Roberts,Forrest Petz
Jon Madsen,Karlos Vemola,7/3/10,"Las Vegas, Nevada, USA",Red,Heavyweight,U-DEC,None,3,Jon Madsen,Karlos Vemola
Court McGee,Kris McCray,6/19/10,"Las Vegas, Nevada, USA",Red,Middleweight,SUB,Rear Naked Choke,2,Court McGee,Kris McCray
Keith Jardine,Matt Hamill,6/19/10,"Las Vegas, Nevada, USA",Blue,Light Heavyweight,M-DEC,None,3,Matt Hamill,Keith Jardine
Chris Leben,Aaron Simpson,6/19/10,"Las Vegas, Nevada, USA",Red,Middleweight,KO/TKO,Punches,2,Chris Leben,Aaron Simpson
Spencer Fisher,Dennis Siver,6/19/10,"Las Vegas, Nevada, USA",Blue,Lightweight,U-DEC,None,3,Dennis Siver,Spencer Fisher
Jamie Yager,Rich Attonito,6/19/10,"Las Vegas, Nevada, USA",Blue,Middleweight,KO/TKO,Punches,2,Rich Attonito,Jamie Yager
John Gunderson,Mark Holst,6/19/10,"Las Vegas, Nevada, USA",Red,Lightweight,U-DEC,None,3,John Gunderson,Mark Holst
Brad Tavares,Seth Baczynski,6/19/10,"Las Vegas, Nevada, USA",Red,Middleweight,U-DEC,None,3,Brad Tavares,Seth Baczynski
Josh Bryant,Kyle Noke,6/19/10,"Las Vegas, Nevada, USA",Blue,Middleweight,KO/TKO,Punches,2,Kyle Noke,Josh Bryant
Chris Camozzi,James Hammortree,6/19/10,"Las Vegas, Nevada, USA",Red,Middleweight,U-DEC,None,3,Chris Camozzi,James Hammortree
James McSweeney,Travis Browne,6/19/10,"Las Vegas, Nevada, USA",Blue,Heavyweight,KO/TKO,Punches,1,Travis Browne,James McSweeney
Chuck Liddell,Rich Franklin,6/12/10,"Vancouver, British Columbia, Canada",Blue,Light Heavyweight,KO/TKO,Punch,1,Rich Franklin,Chuck Liddell
Mirko Cro Cop,Pat Barry,6/12/10,"Vancouver, British Columbia, Canada",Red,Heavyweight,,None,,Mirko Cro Cop,Pat Barry
Paulo Thiago,Martin Kampmann,6/12/10,"Vancouver, British Columbia, Canada",Blue,Welterweight,U-DEC,None,3,Martin Kampmann,Paulo Thiago
Ben Rothwell,Gilbert Yvel,6/12/10,"Vancouver, British Columbia, Canada",Red,Heavyweight,U-DEC,None,3,Ben Rothwell,Gilbert Yvel
Carlos Condit,Rory MacDonald,6/12/10,"Vancouver, British Columbia, Canada",Red,Welterweight,KO/TKO,Punches,3,Carlos Condit,Rory MacDonald
Tyson Griffin,Evan Dunham,6/12/10,"Vancouver, British Columbia, Canada",Blue,Lightweight,S-DEC,None,3,Evan Dunham,Tyson Griffin
Mac Danzig,Matt Wiman,6/12/10,"Vancouver, British Columbia, Canada",Blue,Lightweight,SUB,Guillotine Choke,1,Matt Wiman,Mac Danzig
David Loiseau,Mario Miranda,6/12/10,"Vancouver, British Columbia, Canada",Blue,Middleweight,KO/TKO,Elbows,2,Mario Miranda,David Loiseau
James Wilks,Peter Sobotta,6/12/10,"Vancouver, British Columbia, Canada",Red,Welterweight,U-DEC,None,3,James Wilks,Peter Sobotta
Ricardo Funch,Claude Patrick,6/12/10,"Vancouver, British Columbia, Canada",Blue,Welterweight,SUB,Guillotine Choke,2,Claude Patrick,Ricardo Funch
Mike Pyle,Jesse Lennox,6/12/10,"Vancouver, British Columbia, Canada",Red,Welterweight,SUB,Triangle Choke,3,Mike Pyle,Jesse Lennox
Rampage Jackson,Rashad Evans,5/29/10,"Las Vegas, Nevada, USA",Blue,Light Heavyweight,,None,,Rashad Evans,Rampage Jackson
Michael Bisping,Dan Miller,5/29/10,"Las Vegas, Nevada, USA",Red,Middleweight,U-DEC,None,3,Michael Bisping,Dan Miller
Todd Duffee,Mike Russow,5/29/10,"Las Vegas, Nevada, USA",Blue,Heavyweight,KO/TKO,Punch,3,Mike Russow,Todd Duffee
Jason Brilz,Rogerio Nogueira,5/29/10,"Las Vegas, Nevada, USA",Blue,Light Heavyweight,S-DEC,None,3,Rogerio Nogueira,Jason Brilz
Diego Sanchez,John Hathaway,5/29/10,"Las Vegas, Nevada, USA",Blue,Welterweight,U-DEC,None,3,John Hathaway,Diego Sanchez
Amir Sadollah,Dong Hyun Kim,5/29/10,"Las Vegas, Nevada, USA",Blue,Welterweight,U-DEC,None,3,Dong Hyun Kim,Amir Sadollah
Efrain Escudero,Dan Lauzon,5/29/10,"Las Vegas, Nevada, USA",Red,Lightweight,U-DEC,None,3,Efrain Escudero,Dan Lauzon
Melvin Guillard,Waylon Lowe,5/29/10,"Las Vegas, Nevada, USA",Red,Lightweight,KO/TKO,Knee,1,Melvin Guillard,Waylon Lowe
Luiz Cane,Cyrille Diabate,5/29/10,"Las Vegas, Nevada, USA",Blue,Light Heavyweight,KO/TKO,Punches,1,Cyrille Diabate,Luiz Cane
Aaron Riley,Joe Brammer,5/29/10,"Las Vegas, Nevada, USA",Red,Lightweight,U-DEC,None,3,Aaron Riley,Joe Brammer
Jesse Forbes,Ryan Jensen,5/29/10,"Las Vegas, Nevada, USA",Blue,Middleweight,SUB,Guillotine Choke,1,Ryan Jensen,Jesse Forbes
Lyoto Machida,Mauricio Rua,5/8/10,"Montreal, Quebec, Canada",Blue,Light Heavyweight,KO/TKO,Punches,1,Mauricio Rua,Lyoto Machida
Josh Koscheck,Paul Daley,5/8/10,"Montreal, Quebec, Canada",Red,Welterweight,U-DEC,None,3,Josh Koscheck,Paul Daley
Sam Stout,Jeremy Stephens,5/8/10,"Montreal, Quebec, Canada",Blue,Lightweight,S-DEC,None,3,Jeremy Stephens,Sam Stout
Kevin Ferguson,Matt Mitrione,5/8/10,"Montreal, Quebec, Canada",Blue,Heavyweight,KO/TKO,Punches,2,Matt Mitrione,Kevin Ferguson
Patrick Cote,Alan Belcher,5/8/10,"Montreal, Quebec, Canada",Blue,Middleweight,SUB,Rear Naked Choke,2,Alan Belcher,Patrick Cote
Tom Lawlor,Joe Doerksen,5/8/10,"Montreal, Quebec, Canada",Blue,Middleweight,SUB,Rear Naked Choke,2,Joe Doerksen,Tom Lawlor
Marcus Davis,Jonathan Goulet,5/8/10,"Montreal, Quebec, Canada",Red,Welterweight,KO/TKO,Punches,2,Marcus Davis,Jonathan Goulet
TJ Grant,Johny Hendricks,5/8/10,"Montreal, Quebec, Canada",Blue,Welterweight,M-DEC,None,3,Johny Hendricks,TJ Grant
Joey Beltran,Tim Hague,5/8/10,"Montreal, Quebec, Canada",Red,Heavyweight,U-DEC,None,3,Joey Beltran,Tim Hague
Yoshiyuki Yoshida,Mike Guymon,5/8/10,"Montreal, Quebec, Canada",Blue,Welterweight,U-DEC,None,3,Mike Guymon,Yoshiyuki Yoshida
Jason MacDonald,John Salter,5/8/10,"Montreal, Quebec, Canada",Blue,Middleweight,KO/TKO,None,1,John Salter,Jason MacDonald
Anderson Silva,Demian Maia,4/10/10,"Abu Dhabi, United Arab Emirates",Red,Middleweight,U-DEC,None,5,Anderson Silva,Demian Maia
BJ Penn,Frankie Edgar,4/10/10,"Abu Dhabi, United Arab Emirates",Blue,Lightweight,U-DEC,None,5,Frankie Edgar,BJ Penn
Matt Hughes,Renzo Gracie,4/10/10,"Abu Dhabi, United Arab Emirates",Red,Welterweight,KO/TKO,Punches,3,Matt Hughes,Renzo Gracie
Terry Etim,Rafael Dos Anjos,4/10/10,"Abu Dhabi, United Arab Emirates",Blue,Lightweight,SUB,Armbar,2,Rafael Dos Anjos,Terry Etim
Kendall Grove,Mark Munoz,4/10/10,"Abu Dhabi, United Arab Emirates",Blue,Middleweight,KO/TKO,Punches,2,Mark Munoz,Kendall Grove
Alexander Gustafsson,Phil Davis,4/10/10,"Abu Dhabi, United Arab Emirates",Blue,Light Heavyweight,SUB,Anaconda Choke,1,Phil Davis,Alexander Gustafsson
Nick Osipczak,Rick Story,4/10/10,"Abu Dhabi, United Arab Emirates",Blue,Welterweight,S-DEC,None,3,Rick Story,Nick Osipczak
DaMarques Johnson,Brad Blackburn,4/10/10,"Abu Dhabi, United Arab Emirates",Red,Welterweight,KO/TKO,Kick,3,DaMarques Johnson,Brad Blackburn
Paul Kelly,Matt Veach,4/10/10,"Abu Dhabi, United Arab Emirates",Red,Lightweight,SUB,Guillotine Choke,2,Paul Kelly,Matt Veach
Jon Madsen,Mostapha Al-Turk,4/10/10,"Abu Dhabi, United Arab Emirates",Red,Heavyweight,U-DEC,None,3,Jon Madsen,Mostapha Al-Turk
Kenny Florian,Takanori Gomi,3/31/10,"Charlotte, North Carolina, USA",Red,Lightweight,SUB,Rear Naked Choke,3,Kenny Florian,Takanori Gomi
Roy Nelson,Stefan Struve,3/31/10,"Charlotte, North Carolina, USA",Red,Heavyweight,KO/TKO,Punch,1,Roy Nelson,Stefan Struve
Nate Quarry,Jorge Rivera,3/31/10,"Charlotte, North Carolina, USA",Blue,Middleweight,KO/TKO,Punches,2,Jorge Rivera,Nate Quarry
Ross Pearson,Dennis Siver,3/31/10,"Charlotte, North Carolina, USA",Red,Lightweight,U-DEC,None,3,Ross Pearson,Dennis Siver
Andre Winner,Rafaello Oliveira,3/31/10,"Charlotte, North Carolina, USA",Red,Lightweight,U-DEC,None,3,Andre Winner,Rafaello Oliveira
Jacob Volkmann,Ronys Torres,3/31/10,"Charlotte, North Carolina, USA",Red,Lightweight,S-DEC,None,3,Jacob Volkmann,Ronys Torres
Rob Emerson,Nik Lentz,3/31/10,"Charlotte, North Carolina, USA",Blue,Lightweight,U-DEC,None,3,Nik Lentz,Rob Emerson
Caol Uno,Gleison Tibau,3/31/10,"Charlotte, North Carolina, USA",Blue,Lightweight,KO/TKO,Punches,1,Gleison Tibau,Caol Uno
Yushin Okami,Lucio Linhares,3/31/10,"Charlotte, North Carolina, USA",Red,Middleweight,KO/TKO,None,2,Yushin Okami,Lucio Linhares
Gerald Harris,Mario Miranda,3/31/10,"Charlotte, North Carolina, USA",Red,Middleweight,KO/TKO,Punches,1,Gerald Harris,Mario Miranda
Charlie Brenneman,Jason High,3/31/10,"Charlotte, North Carolina, USA",Red,Welterweight,U-DEC,None,3,Charlie Brenneman,Jason High
Georges St-Pierre,Dan Hardy,3/27/10,"Newark, New Jersey, USA",Red,Welterweight,U-DEC,None,5,Georges St-Pierre,Dan Hardy
Frank Mir,Shane Carwin,3/27/10,"Newark, New Jersey, USA",Blue,Heavyweight,KO/TKO,Punches,1,Shane Carwin,Frank Mir
Kurt Pellegrino,Fabricio Camoes,3/27/10,"Newark, New Jersey, USA",Red,Lightweight,SUB,Rear Naked Choke,2,Kurt Pellegrino,Fabricio Camoes
Ben Saunders,Jon Fitch,3/27/10,"Newark, New Jersey, USA",Blue,Welterweight,U-DEC,None,3,Jon Fitch,Ben Saunders
Jim Miller,Mark Bocek,3/27/10,"Newark, New Jersey, USA",Red,Lightweight,U-DEC,None,3,Jim Miller,Mark Bocek
Nate Diaz,Rory Markham,3/27/10,"Newark, New Jersey, USA",Red,Welterweight,KO/TKO,Punches,1,Nate Diaz,Rory Markham
Ricardo Almeida,Matt Brown,3/27/10,"Newark, New Jersey, USA",Red,Welterweight,SUB,Rear Naked Choke,2,Ricardo Almeida,Matt Brown
Rousimar Palhares,Tomasz Drwal,3/27/10,"Newark, New Jersey, USA",Red,Middleweight,SUB,Heel Hook,1,Rousimar Palhares,Tomasz Drwal
Rodney Wallace,Jared Hamman,3/27/10,"Newark, New Jersey, USA",Blue,Light Heavyweight,U-DEC,None,3,Jared Hamman,Rodney Wallace
Matthew Riddle,Greg Soto,3/27/10,"Newark, New Jersey, USA",Red,Welterweight,DQ,None,3,Matthew Riddle,Greg Soto
Brandon Vera,Jon Jones,3/21/10,"Broomfield, Colorado, USA",Blue,Light Heavyweight,KO/TKO,Elbow,1,Jon Jones,Brandon Vera
Junior Dos Santos,Gabriel Gonzaga,3/21/10,"Broomfield, Colorado, USA",Red,Heavyweight,KO/TKO,Punches,1,Junior Dos Santos,Gabriel Gonzaga
Cheick Kongo,Paul Buentello,3/21/10,"Broomfield, Colorado, USA",Red,Heavyweight,KO/TKO,Elbows,3,Cheick Kongo,Paul Buentello
Alessio Sakara,James Irvin,3/21/10,"Broomfield, Colorado, USA",Red,Middleweight,KO/TKO,None,1,Alessio Sakara,James Irvin
Clay Guida,Shannon Gugerty,3/21/10,"Broomfield, Colorado, USA",Red,Lightweight,SUB,Arm Triangle,2,Clay Guida,Shannon Gugerty
Eliot Marshall,Vladimir Matyushenko,3/21/10,"Broomfield, Colorado, USA",Blue,Light Heavyweight,S-DEC,None,3,Vladimir Matyushenko,Eliot Marshall
Duane Ludwig,Darren Elkins,3/21/10,"Broomfield, Colorado, USA",Blue,Lightweight,KO/TKO,None,1,Darren Elkins,Duane Ludwig
John Howard,Daniel Roberts,3/21/10,"Broomfield, Colorado, USA",Red,Welterweight,KO/TKO,Punch,1,John Howard,Daniel Roberts
Brendan Schaub,Chase Gormley,3/21/10,"Broomfield, Colorado, USA",Red,Heavyweight,KO/TKO,Punches,1,Brendan Schaub,Chase Gormley
Mike Pierce,Julio Paulino,3/21/10,"Broomfield, Colorado, USA",Red,Welterweight,U-DEC,None,3,Mike Pierce,Julio Paulino
Eric Schafer,Jason Brilz,3/21/10,"Broomfield, Colorado, USA",Blue,Light Heavyweight,U-DEC,None,3,Jason Brilz,Eric Schafer